<window>
    <allowoverlay>no</allowoverlay>   
    <!-- <onload condition="StringCompare((Window(10000).Property(PTVL.VideoWindow)),true)">ActivateWindow(9506)</onload> -->
    <onload condition="StringCompare((Window(10000).Property(PTVL.VideoWindow)),true)">ActivateWindow(10004)</onload><!-- Activate random window, workaround for 9506 starting paused -->
    <onload>SetProperty(PTVL.EPG_Opened,true,10000)</onload>
    <onunload>SetProperty(PTVL.EPG_Opened,false,10000)</onunload>    
    <onunload>ActivateWindow(12005)</onunload>
    <!-- <onload condition="System.HasAddon(script.tv.show.next.aired)">RunScript(script.tv.show.next.aired,backend=True)</onload> -->
    <zorder>1</zorder>
    <coordinates>
        <system>1</system>
        <posx>0</posx>
        <posy>0</posy>
    </coordinates>
    <animation effect="fade" time="5">WindowOpen</animation>
    <!-- <animation effect="fade" time="5">WindowClose</animation> -->
    <controls>
	<control type="videowindow">
                <description>VideoWindow Box Art</description>
				<posx>0</posx>
				<posy>0</posy>
                <width>1920</width>      
                <height>1080</height>
                <align>left</align>
                <aligny>bottom</aligny>
                <aspectratio>keep</aspectratio>
                <visible>StringCompare((Window(10000).Property(PTVL.VideoWindow)),true)</visible>
            </control>
        <control type="group">  
            <posx>0</posx>
            <posy>0</posy>
            <control type="image">
                <width>1920</width>
                <height>1080</height>
                <description>EPG Background</description>
                <texture>epgmain.png</texture>
                <colordiffuse>FFFFFFFF</colordiffuse>
            </control>         
        </control>
		 <!-- NOW WATCHING -->
      <control type="label">
         <description>NOW WATCHING LABEL</description>
         <posx>1425</posx>
         <posy>788</posy>
         <width>450</width>
         <height>45</height>
         <font>Font_Bold34</font>
         <align>center</align>
         <label>NOW WATCHING:</label>
         <textcolor>C0C0C0C0</textcolor>
      </control>
           
  
        <!--Date-->
        <control type="label" id="5001">
            <description>Date Label</description>
            <posx>73</posx>
         <posy>208</posy>
         <width>350</width>
         <height>90</height>
         <aligny>center</aligny>
         <label>Today</label>
         <font>font12_Title</font>
         <textcolor>FFFFFFFF</textcolor>
         <shadowcolor>FF000000</shadowcolor>
        </control>
        <control type="image" id="5002">
            <description>Left Arrow</description>
            <posx>563</posx>
            <posy>233</posy>
            <width>15</width>
            <height>27</height>
            <aspectratio align="center">keep</aspectratio>
            <colordiffuse>C0C0C0C0</colordiffuse>
            <texture>left.png</texture>
			<visible>false</visible>
        </control> 
        <!--Time Bar 1/3-->
        <control type="label" id="101">
            <description>Time Left Label</description>
            <posx>400</posx>
         <posy>208</posy>
         <width>250</width>
         <height>90</height>
         <label>Time 1</label>
         <font>font12_Title</font>
         <aligny>center</aligny>
         <textcolor>FFFFFFFF</textcolor>
         <shadowcolor>FF000000</shadowcolor>
        </control>
        <!--Time Bar 2/3-->
        <control type="label" id="102">
            <description>Time Middle Label</description>
            <posx>968</posx>
         <posy>208</posy>
         <width>170</width>
         <height>90</height>
         <label>Time 2</label>
         <font>font12_Title</font>
         <align>center</align>
         <aligny>center</aligny>
         <textcolor>FFFFFFFF</textcolor>
         <shadowcolor>FF000000</shadowcolor>
        </control>
        <!--Time Bar 3/3-->
        <control type="label" id="103">
            <description>Time Right Label</description>
             <posx>1573</posx>
         <posy>208</posy>
         <width>200</width>
         <height>90</height>
         <label>Time 3</label>
         <font>font12_Title</font>
         <aligny>center</aligny>
         <textcolor>FFFFFFFF</textcolor>
         <shadowcolor>FF000000</shadowcolor>
        </control>
        <control type="image" id="5003">
            <description>Right Arrow</description>
            <posx>1845</posx>
            <posy>233</posy>
            <width>15</width>
            <height>27</height>
            <aspectratio align="center">keep</aspectratio>
            <colordiffuse>C0C0C0C0</colordiffuse>
            <texture>right.png</texture>
			<visible>false</visible>
        </control> 
         <!--CH NUMBER-->
      <control type="grouplist">
         <posx>5</posx>
         <posy>280</posy>
         <itemgap>7</itemgap>
         <orientation>vertical</orientation>
         <control type="label" id="311">
            <description>CH 1 NUMBER</description>
            <width>75</width>
            <height>76</height>
            <font>font12_Title</font>
            <align>right</align>
            <aligny>center</aligny>
            <textcolor>FFFFFFFF</textcolor>
         </control>
         <control type="label" id="312">
            <description>CH 2 NUMBER</description>
            <width>75</width>
            <height>76</height>
            <font>font12_Title</font>
            <align>right</align>
            <aligny>center</aligny>
            <textcolor>FFFFFFFF</textcolor>
         </control>
         <control type="label" id="313">
            <description>CH 3 NUMBER</description>
            <width>75</width>
            <height>76</height>
            <font>font12_Title</font>
            <align>right</align>
            <aligny>center</aligny>
            <textcolor>FFFFFFFF</textcolor>
         </control>
         <control type="label" id="314">
            <description>CH 4 NUMBER</description>
            <width>75</width>
            <height>76</height>
            <font>font12_Title</font>
            <align>right</align>
            <aligny>center</aligny>
            <textcolor>FFFFFFFF</textcolor>
         </control>
         <control type="label" id="315">
            <description>CH 5 NUMBER</description>
            <width>75</width>
            <height>76</height>
            <font>font12_Title</font>
            <align>right</align>
            <aligny>center</aligny>
            <textcolor>FFFFFFFF</textcolor>
         </control>
         <control type="label" id="316">
            <description>CH 6 NUMBER</description>
            <width>75</width>
            <height>76</height>
            <font>font12_Title</font>
            <align>right</align>
            <aligny>center</aligny>
            <textcolor>FFFFFFFF</textcolor>
         </control>
      </control>
	   <!-- DARK COL -->
      <control type="image">
         <description>CH OVERLAY</description>
         <posx>36</posx>
         <posy>278</posy>
         <width>326</width>
         <height>77</height>
         <colordiffuse>FFFFFFFF</colordiffuse>
         <texture>pstvlButtonNoFocus.png</texture>
      </control>
      <control type="image">
         <description>CH OVERLAY</description>
         <posx>36</posx>
         <posy>360</posy>
         <width>326</width>
         <height>77</height>
         <colordiffuse>FFFFFFFF</colordiffuse>
         <texture>pstvlButtonNoFocus.png</texture>
      </control>
      <control type="image">
         <description>CH OVERLAY</description>
         <posx>36</posx>
         <posy>443</posy>
         <width>326</width>
         <height>77</height>
         <colordiffuse>FFFFFFFF</colordiffuse>
         <texture>pstvlButtonNoFocus.png</texture>
      </control>
      <control type="image">
         <description>CH OVERLAY</description>
         <posx>36</posx>
         <posy>525</posy>
         <width>326</width>
         <height>77</height>
         <colordiffuse>FFFFFFFF</colordiffuse>
         <texture>pstvlButtonNoFocus.png</texture>
      </control>
      <control type="image">
         <description>CH OVERLAY</description>
         <posx>36</posx>
         <posy>608</posy>
         <width>326</width>
         <height>77</height>
         <colordiffuse>FFFFFFFF</colordiffuse>
         <texture>pstvlButtonNoFocus.png</texture>
      </control>
      <control type="image">
         <description>CH OVERLAY</description>
         <posx>36</posx>
         <posy>690</posy>
         <width>326</width>
         <height>77</height>
         <colordiffuse>FFFFFFFF</colordiffuse>
         <texture>pstvlButtonNoFocus.png</texture>
      </control>
      <!--CH BUTTONS AND LBLS-->
      <control type="label" id="301">
         <description>CH 1 NAME</description>
         <posx>105</posx>
         <posy>285</posy>
         <width>300</width>
         <height>63</height>
         <font>font13</font>
         <align>left</align>
         <aligny>center</aligny>
         <textcolor>FF00B4DB</textcolor>
         <visible>StringCompare(Control.GetLabel(321),)</visible>
      </control>
      <control type="image" id="321">
         <description>CH 1 ICO</description>
         <posx>58</posx>
         <posy>278</posy>
         <width>338</width>
         <height>75</height>
         <align>center</align>
         <aligny>center</aligny>
         <aspectratio>keep</aspectratio>
         <visible>!StringCompare(Control.GetLabel(321),)</visible>
      </control>
      <control type="label" id="302">
         <description>CH 2 NAME</description>
         <posx>105</posx>
         <posy>365</posy>
         <width>300</width>
         <height>63</height>
         <font>font13</font>
         <align>left</align>
         <aligny>center</aligny>
         <textcolor>FF00B4DB</textcolor>
         <visible>StringCompare(Control.GetLabel(322),)</visible>
      </control>
      <control type="image" id="322">
         <description>CH 2 ICO</description>
         <posx>58</posx>
         <posy>365</posy>
         <width>338</width>
         <height>75</height>
         <align>center</align>
         <aligny>center</aligny>
         <aspectratio>keep</aspectratio>
         <visible>!StringCompare(Control.GetLabel(322),)</visible>
      </control>
      <control type="label" id="303">
         <description>CH 3 NAME</description>
         <posx>105</posx>
         <posy>447</posy>
         <width>300</width>
         <height>63</height>
         <font>font13</font>
         <align>left</align>
         <aligny>center</aligny>
         <textcolor>FF00B4DB</textcolor>
         <visible>StringCompare(Control.GetLabel(323),)</visible>
      </control>
      <control type="image" id="323">
         <description>CH 3 ICO</description>
         <posx>58</posx>
         <posy>447</posy>
         <width>338</width>
         <height>75</height>
         <align>center</align>
         <aligny>center</aligny>
         <aspectratio>keep</aspectratio>
         <visible>!StringCompare(Control.GetLabel(323),)</visible>
      </control>
      <control type="label" id="304">
         <description>CH 4 NAME</description>
         <posx>105</posx>
         <posy>528</posy>
         <width>300</width>
         <height>63</height>
         <font>font13</font>
         <align>left</align>
         <aligny>center</aligny>
         <textcolor>FF00B4DB</textcolor>
         <visible>StringCompare(Control.GetLabel(324),)</visible>
      </control>
      <control type="image" id="324">
         <description>CH 4 ICO</description>
         <posx>58</posx>
         <posy>528</posy>
         <width>338</width>
         <height>75</height>
         <align>center</align>
         <aligny>center</aligny>
         <aspectratio>keep</aspectratio>
         <visible>!StringCompare(Control.GetLabel(324),)</visible>
      </control>
      <control type="label" id="305">
         <description>CH 5 NAME</description>
         <posx>105</posx>
         <posy>611</posy>
         <width>300</width>
         <height>63</height>
         <font>font13</font>
         <align>left</align>
         <aligny>center</aligny>
         <textcolor>FF00B4DB</textcolor>
         <visible>StringCompare(Control.GetLabel(325),)</visible>
      </control>
      <control type="image" id="325">
         <description>CH 5 ICO</description>
         <posx>58</posx>
         <posy>611</posy>
         <width>338</width>
         <height>75</height>
         <align>center</align>
         <aligny>center</aligny>
         <aspectratio>keep</aspectratio>
         <visible>!StringCompare(Control.GetLabel(325),)</visible>
      </control>
      <control type="label" id="306">
         <description>CH 6 NAME</description>
         <posx>105</posx>
         <posy>692</posy>
         <width>300</width>
         <height>63</height>
         <font>font13</font>
         <align>left</align>
         <aligny>center</aligny>
         <textcolor>FF00B4DB</textcolor>
         <visible>StringCompare(Control.GetLabel(326),)</visible>
      </control>
      <control type="image" id="326">
         <description>CH 6 ICO</description>
         <posx>58</posx>
         <posy>692</posy>
         <width>338</width>
         <height>75</height>
         <align>center</align>
         <aligny>center</aligny>
         <aspectratio>keep</aspectratio>
         <visible>!StringCompare(Control.GetLabel(326),)</visible>
      </control>
      <!--SHOW LIST -->
      <control type="group" id="111">
         <posx>370</posx>
         <posy>278</posy>
         <width>1520</width>
         <height>77</height>
      </control>
      <control type="group" id="112">
         <posx>370</posx>
         <posy>360</posy>
         <width>1520</width>
         <height>77</height>
      </control>
      <control type="group" id="113">
         <posx>370</posx>
         <posy>443</posy>
         <width>1520</width>
         <height>77</height>
      </control>
      <control type="group" id="114">
         <posx>370</posx>
         <posy>525</posy>
         <width>1520</width>
         <height>77</height>
      </control>
      <control type="group" id="115">
         <posx>370</posx>
         <posy>608</posy>
         <width>1520</width>
         <height>77</height>
      </control>
      <control type="group" id="116">
         <posx>370</posx>
         <posy>690</posy>
         <width>1520</width>
         <height>77</height>
      </control>
      <control type="group" id="120">
         <posx>548</posx>
         <posy>270</posy>
         <width>30</width>
         <height>495</height>
      </control>
        <control type="image" id="5004"> 
            <description>Timebar Optional past fade</description>
            <posx>411</posx>
            <posy>340</posy>
            <width>-1</width>
            <height>448</height>
            <aspectratio>scale</aspectratio>
            <texture>pstvlTimeFadeP.png</texture>
			<visible>true</visible>
        </control>  
        <control type="image" id="5005"> 
            <description>Timebar Optional future fade</description>
            <posx>411</posx>
            <posy>340</posy>
            <width>-1</width>
            <height>448</height>
            <aspectratio>scale</aspectratio>
            <texture>pstvlTimeFadeF.png</texture>
            <visible>true</visible>
        </control>  
        <control type="label" id="5006">
            <description>Timebar Current Time Button</description>
            <posx>420</posx>
            <posy>208</posy>
            <width min="128" max="400">auto</width>
            <height>90</height>
            <fadetime>250</fadetime>
            <textcolor>FFFFFFFF</textcolor>
            <shadowcolor>ff000000</shadowcolor>
            <font>font14</font>
            <align>center</align>
            <aligny>center</aligny>
        </control>
        <control type="image" id="5007">
            <description>Timebar line</description>
            <posx>388</posx>
         <posy>278</posy>
         <width>30</width>
         <height>488</height>
         <aspectratio>keep</aspectratio>
        </control>
		 <control type="image">
            <description>Dynamic art1</description>
            <animation effect="fade" time="500">VisibleChange</animation> 
            <posx>1487</posx>
            <posy>847</posy>  
            <width>320</width>      
            <height>180</height>
			<aspectratio align="center" aligny="center" scalediffuse="false">stretch</aspectratio>
			<texture diffuse="video_diffuse.png"></texture>
            <texture fallback="poster.png">$INFO[Window(10000).Property(EPG.landscape)]</texture>
            <animation effect="fade" start="95" end="95" condition="True">Conditional</animation>
        </control>     
		 <!-- TIME/WEATHER -->
      <control type="label">
         <description>TIME</description>
         <posx>75</posx>
         <posy>90</posy>
         <width>150</width>
         <height>45</height>
         <label>$INFO[System.Time]</label>
         <font>font24_Title</font>
         <align>center</align>
         <textcolor>FFFFFFFF</textcolor>
      </control>
      <!-- WEATHER -->
      <control type="image" id="800">
         <posx>270</posx>
         <posy>69</posy>
         <width>90</width>
         <height>90</height>
         <aspectratio align="center">keep</aspectratio>
         <info>Window(weather).Property(Current.ConditionIcon)</info>
      </control>
      <control type="label">
         <description>WEATHER</description>
         <posx>270</posx>
         <posy>90</posy>
         <width min="60" max="150">auto</width>
         <height>15</height>
         <label>$INFO[Window(weather).Property(Current.Temperature)] $INFO[System.TemperatureUnits]</label>
         <font>Font_Reg10</font>
         <align>center</align>
         <textcolor>FFFFFFFF</textcolor>
         <visible>!Control.IsVisible(800)</visible>
      </control>
	  <control type="label" id="215">
                <description>EPG Label</description>
				<posx>1215</posx>
                <posy>105</posy>
                <width>223</width>
                <height>38</height>
                <label>EPG</label>
                <font>font10_Title</font>
                <align>center</align>
                <aligny>center</aligny>
                <textcolor>FFFFFFFF</textcolor>
                <shadowcolor>ff000000</shadowcolor>
        </control>               
        <control type="label" id="216">
                <description>DVR Label</description>
				<posx>1355</posx>
                <posy>105</posy>
                <width>273</width>
                <height>38</height>
                <label>[B]DVR[/B]</label>
                <font>font10_Title</font>
                <align>center</align>
                <aligny>center</aligny>
                <textcolor>FFFFFFFF</textcolor>
                <shadowcolor>ff000000</shadowcolor>
        </control>               
        <control type="label" id="217">
                <description>OnDemand Label</description>
				<posx>1555</posx>
                <posy>95</posy>
                <width min="5" max="200">auto</width>
                <height>38</height>
                <label>On[CR]Demand</label>
                <font>font10_Title</font>
                <align>center</align>
                <aligny>center</aligny>
				<wrapmultiline>true</wrapmultiline>
                <textcolor>FFFFFFFF</textcolor>
                <shadowcolor>ff000000</shadowcolor>
        </control>               
        <control type="label" id="218">
                <description>Apps Label</description>
				<posx>1680</posx>
                <posy>100</posy>
                <width>273</width>
                <height>38</height>
                <label>Apps</label>
                <font>font10_Title</font>
                <align>center</align>
                <aligny>center</aligny>
                <textcolor>FFFFFFFF</textcolor>
                <shadowcolor>ff000000</shadowcolor>
        </control>   
    
        <control type="grouplist">
            <posx>102</posx>
            <posy>788</posy>
            <width>1400</width>
            <orientation>horizontal</orientation>
            <itemgap>5</itemgap>
            <control type="label">
                <description>Show Title Label</description>
                <width min="5" max="1100">auto</width>
                <height>30</height>
                <font>Font_Bold34</font>
                <textcolor>FF00B4DB</textcolor>
                <shadowcolor>ff000000</shadowcolor>
                <scroll>true</scroll>
                <align>left</align>
                <aligny>center</aligny>
                <wrapmultiline>false</wrapmultiline>
                <scrollspeed>40</scrollspeed>
                <scrollsuffix> - </scrollsuffix>
                <label>[B]$INFO[Window(10000).Property(EPG.Title)][COLOR=C0C0C0C0] � [/COLOR][COLOR=FFFFFFFF]$INFO[Window(10000).Property(EPG.SEtitle)][/COLOR][/B]</label>
            </control>
        </control>
        <control type="grouplist">
            <posx>102</posx>
            <posy>851</posy>
            <width>1000</width>
            <orientation>vertical</orientation>
            <itemgap>12</itemgap>
           <control type="image">
                <description>Seekbar Line</description>
                <posx>0</posx>
                <posy>0</posy> 
                <width>1400</width>
                <height>3</height>
                <texture border="0">seek/progress_mid.png</texture>
                <align>center</align>
                <aligny>center</aligny>
                <visible>false</visible>
            </control>
            <control type="group" id="5008">  
                <control type="progress">
                    <posx>0</posx>
                    <posy>0</posy>
                    <width>1400</width>
                    <height>3</height>
                    <texturebg>seek/progress_back.png</texturebg>
                    <lefttexture border="0">seek/progresscache_left.png</lefttexture>
                    <midtexture border="0">seek/progresscache_mid.png</midtexture>
                    <righttexture border="0">seek/progresscache_right.png</righttexture>
                    <align>center</align>
                    <aligny>center</aligny>
                    <info>Player.ProgressCache</info>
					<visible>false</visible>
                </control>
                <control type="progress">
                    <posx>0</posx>
                    <posy>0</posy>
                    <width>1400</width>
                    <height>3</height>
                    <texturebg>seek/progresscache_back.png</texturebg>
                    <lefttexture border="0">seek/progress_left.png</lefttexture>
                    <midtexture border="0">seek/progress_mid.png</midtexture>
                    <righttexture border="0">seek/progress_right.png</righttexture>
                    <align>center</align>
                    <aligny>center</aligny>
                    <info>Player.Progress</info>
					<visible>false</visible>
                </control> 
            </control>  
            <control type="label">
                <description>Show Description</description>
                <width>1000</width>
                <height>190</height>
                <align>left</align>
                <aligny>bottom</aligny>
                <wrapmultiline>true</wrapmultiline>
                <textcolor>FFFFFFFF</textcolor>
                <shadowcolor>ff000000</shadowcolor>
                <font>font12</font>
                <label>[B]$INFO[Window(10000).Property(EPG.Description)][/B]</label>
            </control> 
        </control> 
    </controls>
</window>
