<window>
    <allowoverlay>no</allowoverlay>   
    <!-- <onload condition="StringCompare((Window(10000).Property(PTVL.VideoWindow)),true)">ActivateWindow(9506)</onload> -->
    <onload condition="StringCompare((Window(10000).Property(PTVL.VideoWindow)),true)">ActivateWindow(10004)</onload><!-- Activate random window, workaround for 9506 starting paused -->
    <onload>SetProperty(PTVL.EPG_Opened,true,10000)</onload>
    <onunload>SetProperty(PTVL.EPG_Opened,false,10000)</onunload>    
    <onunload>ActivateWindow(12005)</onunload>
    <!-- <onload condition="System.HasAddon(script.tv.show.next.aired)">RunScript(script.tv.show.next.aired,backend=True)</onload> -->
    <zorder>1</zorder>
    <coordinates>
        <system>1</system>
        <posx>0</posx>
        <posy>0</posy>
    </coordinates>
    <animation effect="fade" time="5">WindowOpen</animation>
    <!-- <animation effect="fade" time="5">WindowClose</animation> -->
    <controls>
        <control type="group">  
            <posx>-20</posx>
            <posy>-20</posy>
            <control type="image">
                <width>1985</width>
                <height>1120</height>
                <description>EPG Background</description>
                <texture>220.png</texture>
                <colordiffuse>FFFFFFFF</colordiffuse>
            </control>         
        </control>  
            <control type="label"> 
                <description>VideoWindow Box Label</description>
				<posx>1420</posx>
				<posy>960</posy>
                <width>480</width>       
                <height>24</height>
                <font>font13_Title</font>
                <textcolor>FF0297eb</textcolor>
                <shadowcolor>ff000000</shadowcolor>
                <align>center</align>
                <scroll>true</scroll>
                <scrollspeed>40</scrollspeed>
                <label>$INFO[Window(10000).Property(OVERLAY.Title)]</label>
                <visible>StringCompare((Window(10000).Property(PTVL.VideoWindow)),true)</visible>
				<visible>!VideoPlayer.Content(episodes)</visible>
			   	<visible>!VideoPlayer.Content(movies)</visible>
                <aligny>center</aligny>
            </control>
            <control type="videowindow">
                <description>VideoWindow Box Art</description>
				<posx>1425</posx>
				<posy>635</posy>
                <width>480</width>      
                <height>280</height>
                <align>center</align>
                <aligny>center</aligny>
                <aspectratio>keep</aspectratio>
                <visible>StringCompare((Window(10000).Property(PTVL.VideoWindow)),true)</visible>
            </control>
              <!-- Now playing banner --> 
		<control type="image">
            <description>Info Background</description>
            <posx>1425</posx>
            <posy>640</posy>
            <width>90</width>
            <height>90</height>
            <texture>now playing banner.png</texture>
            <colordiffuse>FFFFFFFF</colordiffuse>
        </control>
	
        <!-- todo -->
       	<control type ="group">
			<visible>VideoPlayer.Content(episodes)</visible>
			<control type="image">
				<posx>1430</posx>
				<posy>960</posy>
				<width>480</width>
				<height>100</height>
				<texture background="true">$INFO[Player.FolderPath]../banner.jpg</texture>
				<aspectratio align="right" aligny="center">keep</aspectratio>
			</control>		
		</control>	
		<control type ="group">
			<visible>VideoPlayer.Content(movies)</visible>
			<control type="image">
				<posx>1430</posx>
				<posy>960</posy>
				<width>480</width>
				<height>100</height>
				<texture background="true">$INFO[Player.FolderPath]banner.jpg</texture>
				<aspectratio align="right" aligny="center">keep</aspectratio>
			</control>		
		</control>
		 <control type="image" id="1">
			<posx>347</posx>
			<posy>635</posy>
			<width>1</width>
			<height>540</height>
			<texture>333.png</texture>
			<aspectratio align="center" aligny="center">stretch</aspectratio>
	 	</control>
		 <control type="image" id="1">
			<posx>1417</posx>
			<posy>635</posy>
			<width>1</width>
			<height>540</height>
			<texture>333.png</texture>
			<aspectratio align="center" aligny="center">stretch</aspectratio>
	 	</control>
   
		  <!-- Top Line -->
		  <control type="image">
            <description>logo</description>
			<posx>50</posx>
            <posy>-100</posy>
            <width>200</width>
            <height>200</height>
            <texture>pltvlabel.png</texture>
            <colordiffuse>FFFFFFFF</colordiffuse>
        </control> 
		  <control type="image">
            <description>EPG Background</description>
			<posx>400</posx>
            <posy>25</posy>
            <width>140</width>
            <height>40</height>
            <texture>epg.png</texture>
            <colordiffuse>FFFFFFFF</colordiffuse>
        </control>
		 <control type="image">
            <description>DVR  Background</description>
			<posx>720</posx>
            <posy>25</posy>
            <width>140</width>
            <height>40</height>
            <texture>dvr.png</texture>
            <colordiffuse>FFFFFFFF</colordiffuse>
        </control> 
		 <control type="image">
            <description>on demand Background</description>
			<posx>1060</posx>
            <posy>25</posy>
            <width>140</width>
            <height>40</height>
            <texture>on demand 2.png</texture>
            <colordiffuse>FFFFFFFF</colordiffuse>
        </control>
			<control type="image">
            <description>apps Background</description>
			<posx>1340</posx>
            <posy>25</posy>
            <width>140</width>
            <height>40</height>
            <texture>addon.png</texture>
            <colordiffuse>FFFFFFFF</colordiffuse>
        </control>    
        <!--Date-->
        <control type="label" id="5001">
            <description>Date Label</description>
            <posx>-30</posx>
            <posy>110</posy>
            <width min="162" max="400">auto</width>
            <height>38</height>
            <align>center</align>
            <aligny>center</aligny>
            <label>Current Date</label>
            <font>font13_Title</font>
            <textcolor>FFFFFFFF</textcolor>
            <shadowcolor>ff000000</shadowcolor>
        </control>
        <control type="image" id="5002">
            <description>Left Arrow</description>
            <posx>370</posx>
            <posy>110</posy>
            <width>10</width>
            <height>38</height>
            <aspectratio align="center">keep</aspectratio>
            <colordiffuse>FFFFFFFF</colordiffuse>
            <texture>left.png</texture>  
        </control> 
        <!--Time Bar 1/3-->
        <control type="label" id="101">
            <description>Time Left Label</description>
            <posx>420</posx>
            <posy>110</posy>
            <width min="155" max="400">auto</width>
            <height>38</height>
            <label>Time 1</label>
            <font>font12</font>
            <align>left</align>
            <aligny>center</aligny>
            <textcolor>FFFFFFFF</textcolor>
                <shadowcolor>ff000000</shadowcolor>
        </control>
        <!--Time Bar 2/3-->
        <control type="label" id="102">
            <description>Time Middle Label</description>
            <posx>1015</posx>
            <posy>110</posy>
            <width min="150" max="400">auto</width>
            <height>38</height>
            <label>Time 2</label>
            <font>font12</font>
            <align>left</align>
            <aligny>center</aligny>
            <textcolor>FFFFFFFF</textcolor>
                <shadowcolor>ff000000</shadowcolor>
        </control>
        <!--Time Bar 3/3-->
        <control type="label" id="103">
            <description>Time Right Label</description>
            <posx>1680</posx>
            <posy>110</posy>
            <width min="150" max="400">auto</width>
            <height>38</height>
            <label>Time 3</label>
            <font>font12</font>
            <align>left</align>
            <aligny>center</aligny>
            <textcolor>FFFFFFFF</textcolor>
            <shadowcolor>ff000000</shadowcolor>
        </control>
        <control type="image" id="5003">
            <description>Right Arrow</description>
            <posx>1850</posx>
            <posy>110</posy>
            <width>10</width>
            <height>38</height>
            <aspectratio align="center">keep</aspectratio>
            <colordiffuse>C0C0C0C0</colordiffuse>
            <texture>right.png</texture>  
        </control>
		<!--Dark Column-->  
		  <control type="image">                  
            <description>Channel Overlay</description>
            <posx>5</posx>                      
            <posy>160</posy>                     
            <width>335</width>                  
            <height>70</height>                 
            <colordiffuse>FFFFFFFF</colordiffuse>
            <texture>pstvlButtonNoFocus.png</texture>
        </control>                              
        <control type="image">                  
            <description>Channel Overlay</description>
            <posx>5</posx>                      
            <posy>240</posy>                    
            <width>335</width>                  
            <height>70</height>                 
            <colordiffuse>FFFFFFFF</colordiffuse>
            <texture>pstvlButtonNoFocus.png</texture>
        </control>                              
        <control type="image">                  
            <description>Channel Overlay</description>
            <posx>5</posx>                      
            <posy>320</posy>                    
            <width>335</width>                  
            <height>70</height>                 
            <colordiffuse>FFFFFFFF</colordiffuse>
            <texture>pstvlButtonNoFocus.png</texture>
        </control>                              
        <control type="image">                  
            <description>Channel Overlay</description>
            <posx>5</posx>                      
            <posy>400</posy>                    
            <width>335</width>                  
            <height>70</height>                 
            <colordiffuse>FFFFFFFF</colordiffuse>
            <texture>pstvlButtonNoFocus.png</texture>
        </control>                              
        <control type="image">                  
            <description>Channel Overlay</description>
            <posx>5</posx>                      
            <posy>480</posy>                    
            <width>335</width>                  
            <height>70</height>                 
            <colordiffuse>FFFFFFFF</colordiffuse>
            <texture>pstvlButtonNoFocus.png</texture>
        </control>                              
        <control type="image">                  
            <description>Channel Overlay</description>
            <posx>5</posx>                      
            <posy>560</posy>                    
            <width>335</width>                  
            <height>70</height>                 
            <colordiffuse>FFFFFFFF</colordiffuse>
            <texture>pstvlButtonNoFocus.png</texture>
        </control>
         <!--CHANNEL Number-->
        <control type="grouplist">            
            <posx>-20</posx>
            <posy>160</posy>
            <itemgap>10</itemgap>
            <orientation>vertical</orientation>
            <control type="label" id="311">
                <description>Channel 1 Number</description>
                <width>75</width>
                <height>70</height>
                <label></label>
                <font>font12_Title</font>
                <align>right</align>
                <aligny>center</aligny>
                <textcolor>FFFFFFFF</textcolor>
            </control>
            <control type="label" id="312">
                <description>Channel 2 Number</description>
                <width>75</width>
                <height>70</height>
                <label></label>
                <font>font12_Title</font>
                <align>right</align>
                <aligny>center</aligny>
                <textcolor>FFFFFFFF</textcolor>
            </control>
            <control type="label" id="313">
                <description>Channel 3 Number</description>
                <width>75</width>
                <height>70</height>
                <label></label>
                <font>font12_Title</font>
                <align>right</align>
                <aligny>center</aligny>
                <textcolor>FFFFFFFF</textcolor>
            </control>
            <control type="label" id="314">
                <description>Channel 4 Number</description>
                <width>75</width>
                <height>70</height>
                <label></label>
                <font>font12_Title</font>
                <align>right</align>
                <aligny>center</aligny>
                <textcolor>FFFFFFFF</textcolor>
            </control>
            <control type="label" id="315">
                <description>Channel 5 Number</description>
                <width>75</width>
                <height>70</height>
                <label></label>
                <font>font12_Title</font>
                <align>right</align>
                <aligny>center</aligny>
                <textcolor>FFFFFFFF</textcolor>
            </control>      
            <control type="label" id="316">
                <description>Channel 6 Number</description>
                <width>75</width>
                <height>70</height>
                <label></label>
                <font>font12_Title</font>
                <align>right</align>
                <aligny>center</aligny>
                <textcolor>FFFFFFFF</textcolor>
            </control>
        </control>
        <control type="grouplist">            
            <posx>57</posx>
            <posy>160</posy>
            <itemgap>10</itemgap>
            <orientation>vertical</orientation>
            <control type="label">
                <description>Channel 1 Sep Label</description>      
                <width>10</width>
                <height>70</height>
                <label>|</label>
                <align>center</align>
                <aligny>center</aligny>
                <font>font12_Title</font>
                <textcolor>FF0297eb</textcolor>
            </control>
            <control type="label">
                <description>Channel 2 Sep Label</description>      
                <width>10</width>
                <height>70</height>
                <label>|</label>
                <align>center</align>
                <aligny>center</aligny>
                <font>font12_Title</font>
                <textcolor>FF0297eb</textcolor>
            </control>
            <control type="label">
                <description>Channel 3 Sep Label</description>      
                <width>10</width>
                <height>70</height>
                <label>|</label>
                <align>center</align>
                <aligny>center</aligny>
                <font>font12_Title</font>
                <textcolor>FF0297eb</textcolor>
            </control>
            <control type="label">
                <description>Channel 4 Sep Label</description>      
                <width>10</width>
                <height>70</height>
                <label>|</label>
                <align>center</align>
                <aligny>center</aligny>
                <font>font12_Title</font>
                <textcolor>FF0297eb</textcolor>
            </control>
            <control type="label">
                <description>Channel 5 Sep Label</description>      
                <width>10</width>
                <height>70</height>
                <label>|</label>
                <align>center</align>
                <aligny>center</aligny>
                <font>font12_Title</font>
                <textcolor>FF0297eb</textcolor>
            </control>
            <control type="label">
                <description>Channel 6 Sep Label</description>      
                <width>10</width>
                <height>70</height>
                <label>|</label> 
                <align>center</align>
                <aligny>center</aligny>
                <font>font12_Title</font>
                <textcolor>FF0297eb</textcolor>
            </control>
        </control>
         <!--Channel List-->
        <control type="grouplist">            
            <posx>80</posx>
            <posy>170</posy>
            <itemgap>24</itemgap>
            <orientation>vertical</orientation>
            <!--CHANNEL Name/Icon-->
            <control type="label" id="301">
                <description>Channel 1 Name</description>
                <width>240</width>
                <height>55</height>
                <label></label>
                <font>font12_Title</font>
             <align>left</align>
                <aligny>bottom</aligny>
                <textcolor>FF0297eb</textcolor>
                <visible>StringCompare(Control.GetLabel(321),)</visible>
                <scroll>true</scroll>
                <scrollspeed>20</scrollspeed>
            </control>
            <control type="image" id="321">
                <description>Channel 1 Icon</description>              
                <width>270</width>
                <height>55</height>
                <align>center</align>
                <aligny>bottom</aligny>
                <aspectratio>keep</aspectratio>      
                <visible>!StringCompare(Control.GetLabel(321),)</visible>
            </control>
            <control type="label" id="302">
                <description>Channel 2 Name</description>
                <width>240</width>
                <height>55</height>
                <label></label>
                <font>font12_Title</font>
                <align>left</align>
                <aligny>center</aligny>
                <textcolor>FF0297eb</textcolor>
                <visible>StringCompare(Control.GetLabel(322),)</visible>
                <scroll>true</scroll>
                <scrollspeed>20</scrollspeed>
            </control>
            <control type="image" id="322">
                <description>Channel 2 Icon</description>
                <width>270</width>
                <height>55</height>
                <align>center</align>
                <aligny>bottom</aligny>
                <aspectratio>keep</aspectratio>
                <visible>!StringCompare(Control.GetLabel(322),)</visible>
            </control>
            <control type="label" id="303">
                <description>Channel 3 Name</description>
                <width>240</width>
                <height>55</height>
                <label></label>
                <font>font12_Title</font>
                <align>left</align>
                <aligny>center</aligny>
                <textcolor>FF0297eb</textcolor>
                <visible>StringCompare(Control.GetLabel(323),)</visible>
                <scroll>true</scroll>
                <scrollspeed>20</scrollspeed>
            </control>
            <control type="image" id="323">
                <description>Channel 3 Icon</description>
                <width>270</width>
                <height>55</height>
                <align>center</align>
                <aligny>bottom</aligny>
                <aspectratio>keep</aspectratio>
                <visible>!StringCompare(Control.GetLabel(323),)</visible>
            </control>
            <control type="label" id="304">
                <description>Channel 4 Name</description>
                <width>240</width>
                <height>55</height>
                <label></label>
                <font>font12_Title</font>
                <align>left</align>
                <aligny>center</aligny>
                <textcolor>FF0297eb</textcolor>
                <visible>StringCompare(Control.GetLabel(324),)</visible>
                <scroll>true</scroll>
                <scrollspeed>20</scrollspeed>
            </control>
            <control type="image" id="324">
                <description>Channel 4 Icon</description>
                <width>270</width>
                <height>55</height>
                <align>center</align>
                <aligny>bottom</aligny>
                <aspectratio>keep</aspectratio>
                <visible>!StringCompare(Control.GetLabel(324),)</visible>
            </control>
            <control type="label" id="305">
                <description>Channel 5 Name</description>
                <width>240</width>
                <height>55</height>
                <label></label>
                <font>font12_Title</font>
                <align>left</align>
                <aligny>center</aligny>
                <textcolor>FF0297eb</textcolor>
                <visible>StringCompare(Control.GetLabel(325),)</visible>
                <scroll>true</scroll>
                <scrollspeed>20</scrollspeed>
            </control>
            <control type="image" id="325">
                <description>Channel 5 Icon</description>
                <width>270</width>
                <height>55</height>
                <align>center</align>
                <aligny>bottom</aligny>
                <aspectratio>keep</aspectratio> 
                <visible>!StringCompare(Control.GetLabel(325),)</visible>
            </control>  
            <control type="label" id="306">
                <description>Channel 6 Name</description>
                <width>240</width>
                <height>55</height>
                <label></label>
                <font>font12_Title</font>
                <align>left</align>
                <aligny>center</aligny>
                <textcolor>FF0297eb</textcolor>
                <visible>StringCompare(Control.GetLabel(326),)</visible>
                <scroll>true</scroll>
                <scrollspeed>20</scrollspeed>
            </control>
            <control type="image" id="326">
                <description>Channel 6 Icon</description>
                <width>270</width>
                <height>55</height>
                <align>center</align>
                <aligny>bottom</aligny>
                <aspectratio>keep</aspectratio>  
                <visible>!StringCompare(Control.GetLabel(326),)</visible>
            </control>   
        </control> 
        <!--SHOW LISTINGS-->
        <control type="group" id="111">
            <posx>350</posx>
            <posy>160</posy>
            <width>1566</width>
            <height>70</height>
        </control>
        <control type="group" id="112">
            <posx>350</posx>
            <posy>240</posy>
            <width>1566</width>
            <height>70</height>
        </control>
        <control type="group" id="113">
            <posx>350</posx>
            <posy>320</posy>
            <width>1566</width>
            <height>70</height>
        </control>
        <control type="group" id="114">
            <posx>350</posx>
            <posy>400</posy>
            <width>1566</width>
            <height>70</height>
        </control>
        <control type="group" id="115">
            <posx>350</posx>
            <posy>480</posy>
            <width>1566</width>
            <height>70</height>
        </control>
        <control type="group" id="116">
            <posx>350</posx>
            <posy>560</posy>
            <width>1566</width>
            <height>70</height>
        </control>  
        <control type="image" id="5004"> 
            <description>Timebar Optional past fade</description>
            <posx>350</posx>
            <posy>160</posy>
            <width>-1</width>
            <height>470</height>
            <aspectratio>scale</aspectratio>
            <texture>pstvlTimeFadeP.png</texture>
			<visible>true</visible>
        </control>  
        <control type="image" id="5005"> 
            <description>Timebar Optional future fade</description>
            <posx>411</posx>
            <posy>340</posy>
            <width>-1</width>
            <height>448</height>
            <aspectratio>scale</aspectratio>
            <texture>pstvlTimeFadeF.png</texture>
            <visible>false</visible>
        </control>  
        <control type="label" id="5006">
            <description>Timebar Current Time Button</description>
            <posx>360</posx>
            <posy>110</posy>
            <width min="128" max="400">auto</width>
            <height>38</height>
            <fadetime>250</fadetime>
            <textcolor>FFFFFFFF</textcolor>
            <shadowcolor>ff000000</shadowcolor>
            <font>font12</font>
            <align>center</align>
            <aligny>center</aligny>
        </control>
        <control type="image" id="5007">
            <description>Timebar line</description>
            <posx>350</posx>
            <posy>158</posy>
            <width>2</width>
            <height>474</height>
            <aspectratio>keep</aspectratio>
        </control> 
        <control type="image">
            <description>Dynamic art1</description>
            <animation effect="fade" time="500">VisibleChange</animation> 
            <posx>35</posx>
            <posy>270r</posy>  
            <width>360</width>      
            <height>180</height>
            <align>center</align>
            <aspectratio>keep</aspectratio>
            <texture fallback="">$INFO[Window(10000).Property(EPG.landscape)]</texture>
            <animation effect="fade" start="95" end="95" condition="True">Conditional</animation>
			<visible>false</visible>
        </control>        
        <control type="image">
            <description>Dynamic art2</description>
            <animation effect="fade" time="500">VisibleChange</animation> 
            <posx>5</posx>
            <posy>640</posy>  
            <width>340</width>      
            <height>430</height>
			<aspectratio align="center" aligny="center" scalediffuse="false">stretch</aspectratio>
			<texture diffuse="video_diffuse.png"></texture>
            <texture fallback="poster.png">$INFO[Window(10000).Property(EPG.poster)]</texture>
            <animation effect="fade" start="95" end="95" condition="True">Conditional</animation>
        </control>          
        <control type="image">
            <description>isManaged Art</description>   
            <posx>345</posx>
            <posy>120r</posy>         
            <width>32</width>
            <height>32</height>
            <aspectratio>keep</aspectratio>
            <visible>false</visible>
            <texture>$INFO[Window(10000).Property(EPG.Managed)]</texture>
        </control> 
        <control type="image">
            <description>isNew Art</description>         
            <posx>35</posx>
            <posy>280r</posy>  
            <width>50</width>
            <height>50</height>
            <aspectratio>keep</aspectratio>
            <visible>false</visible>
            <texture>$INFO[Window(10000).Property(EPG.isNew)]</texture>
        </control>
            <control type="label">
                <description>Show Title Label</description>
				<posx>380</posx>
				<posy>650</posy>
                <width min="5" max="980">auto</width>
                <height>60</height>
                <font>font30_Title</font>
                <textcolor>FF0297eb</textcolor>
                <shadowcolor>ff000000</shadowcolor>
                <scroll>true</scroll>
                <align>left</align>
                <aligny>center</aligny>
                <wrapmultiline>false</wrapmultiline>
                <scrollspeed>40</scrollspeed>
                <scrollsuffix> - </scrollsuffix>
                <label>$INFO[Window(10000).Property(EPG.Title)]</label>
            </control>
			<control type="label">
                <description>Show Title Label</description>
				<posx>380</posx>
				<posy>720</posy>
                <width min="5" max="980">auto</width>
                <height>30</height>
                <font>font13_Title</font>
                <textcolor>FF0297eb</textcolor>
                <shadowcolor>ff000000</shadowcolor>
                <scroll>true</scroll>
                <align>left</align>
                <aligny>center</aligny>
                <wrapmultiline>false</wrapmultiline>
                <scrollspeed>40</scrollspeed>
                <scrollsuffix> - </scrollsuffix>
                <label>$INFO[Window(10000).Property(EPG.SEtitle)]</label>
            </control>
        <control type="grouplist">
		<visible>false</visible>
            <posx>430</posx>
            <posy>240r</posy>
            <width>1400</width>
            <orientation>vertical</orientation>
            <itemgap>4</itemgap>
           <control type="image">
                <description>Seekbar Line</description>
                <posx>0</posx>
                <posy>0</posy> 
                <width>1400</width>
                <height>4</height>
                <texture border="0">seek/progress_mid.png</texture>
                <align>center</align>
                <aligny>center</aligny>
                <visible>!Control.IsVisible(5008)</visible>
            </control>
            <control type="group" id="5008">  
                <control type="progress">
                    <posx>0</posx>
                    <posy>0</posy>
                    <width>1400</width>
                    <height>4</height>
                    <texturebg>seek/progress_back.png</texturebg>
                    <lefttexture border="0">seek/progresscache_left.png</lefttexture>
                    <midtexture border="0">seek/progresscache_mid.png</midtexture>
                    <righttexture border="0">seek/progresscache_right.png</righttexture>
                    <align>center</align>
                    <aligny>center</aligny>
                    <info>Player.ProgressCache</info>
                </control>
                <control type="progress">
                    <posx>0</posx>
                    <posy>0</posy>
                    <width>1400</width>
                    <height>4</height>
                    <texturebg>seek/progresscache_back.png</texturebg>
                    <lefttexture border="0">seek/progress_left.png</lefttexture>
                    <midtexture border="0">seek/progress_mid.png</midtexture>
                    <righttexture border="0">seek/progress_right.png</righttexture>
                    <align>center</align>
                    <aligny>center</aligny>
                    <info>Player.Progress</info>
                </control> 
            </control>  
        </control>
		 <control type="label">
                <description>Show Description</description>
				<posx>380</posx>
				<posy>820</posy>
                <width>1000</width>
                <height>600</height>
                <align>left</align>
                <aligny>bottom</aligny>
                <wrapmultiline>true</wrapmultiline>
                <textcolor>FFFFFFFF</textcolor>
                <shadowcolor>ff000000</shadowcolor>
                <font>font12_Title</font>
                <label>$INFO[Window(10000).Property(EPG.Description)]</label>
            </control>
			<!--Vertical-Horizontal Lines -->
		 <control type="image" id="1">
		  <description>Second Line</description>
			<posx>0</posx>
			<posy>100</posy>
			<width>2100</width>
			<height>1</height>
			<texture>3333.png</texture>
	 	</control>
		 <control type="image" id="1">
		  <description>Third Line</description>
			<posx>0</posx>
			<posy>155</posy>
			<width>2100</width>
			<height>1</height>
			<texture>3333.png</texture>
	 	</control>
		 <control type="image" id="1">
		  <description>Fourth Line</description>
			<posx>5</posx>
			<posy>635</posy>
			<width>2100</width>
			<height>1</height>
			<texture>3333.png</texture>
			<aspectratio align="center" aligny="center">stretch</aspectratio>
	 	</control>
		 <control type="image" id="1">
		  <description>Fifth Line</description>
			<posx>5</posx>
			<posy>1075</posy>
			<width>2100</width>
			<height>1</height>
			<texture>3333.png</texture>
			<aspectratio align="center" aligny="center">stretch</aspectratio>
	 	</control>
		 <control type="image" id="1">
			<posx>340</posx>
			<posy>100</posy>
			<width>1</width>
			<height>70</height>
			<texture>333.png</texture>
			<aspectratio align="center" aligny="center">stretch</aspectratio>
	 	</control>
		<!--Weather-->
		<control type="image">
            <description>Background</description>
			<posx>1620</posx>
            <posy>25</posy>
            <width>200</width>
            <height>40</height>
            <texture>time_weather.png</texture>
            <colordiffuse>FFFFFFFF</colordiffuse>
        </control>
		  <control type="label">                  
            <description>Time</description>     
            <posx>1540</posx>                   
            <posy>33</posy>                    
            <width>300</width>                  
            <height>40</height>                 
            <label>$INFO[System.Time]</label>   
            <font>font10_Title</font>           
            <align>center</align>               
            <textcolor>FF0297eb</textcolor>     
        </control>       
        <control type="image" id="800">
            <posx>1840</posx>
            <posy>0</posy>
            <width>80</width>
            <height>80</height>
            <aspectratio align="center">keep</aspectratio>
            <info>Window(weather).Property(Current.ConditionIcon)</info>
			<visible>false</visible>
        </control>
        <control type="label">
            <description>Weather</description>
            <posx>1735</posx>
            <posy>32</posy>
            <width min="40" max="100">auto</width>
            <height>30</height>
            <label>$INFO[Window(weather).Property(Current.Temperature)] $INFO[System.TemperatureUnits]</label>
            <font>font10_Title</font>
            <align>center</align>
            <textcolor>FF0297eb</textcolor>
			<visible>true</visible>
        </control>
    </controls>
</window>
