<fonts>
    <font res="720p"  name="titan10" filename="TitanMedium.ttf" size="12" />
    <font res="1080i" name="titan10" filename="TitanMedium.ttf" size="18" />
    <font res="720p"  name="titan12" filename="TitanMedium.ttf" size="18" />
    <font res="1080i" name="titan12" filename="TitanMedium.ttf" size="24" />
    <font res="720p"  name="titan13" filename="TitanMedium.ttf" size="24" />
    <font res="1080i" name="titan13" filename="TitanMedium.ttf" size="36" />
    <font res="720p"  name="titan14" filename="TitanMedium.ttf" size="36" />
    <font res="1080i" name="titan14" filename="TitanMedium.ttf" size="48" />
</fonts>