<window>
    <allowoverlay>no</allowoverlay>   
    <!-- <onload condition="StringCompare((Window(10000).Property(PTVL.VideoWindow)),true)">ActivateWindow(9506)</onload> -->
    <onload condition="StringCompare((Window(10000).Property(PTVL.VideoWindow)),true)">ActivateWindow(10006)</onload><!-- Activate random window, workaround for 9506 starting paused -->
    <onunload>ActivateWindow(12005)</onunload>
    <onload>SetProperty(PTVL.DVR_Opened,true,10000)</onload>
    <onunload>SetProperty(PTVL.DVR_Opened,false,10000)</onunload>
    <zorder>1</zorder>
    <coordinates>
        <system>1</system>
        <posx>0</posx>
        <posy>0</posy>
    </coordinates>
    <controls>
        <control type="group">  
            <posx>0</posx>
            <posy>0</posy>
            <control type="image">
                <width>1920</width>
                <height>1080</height>
                <description>DVR Background</description>
                <texture>240.png</texture>
                <colordiffuse>FFFFFFFF</colordiffuse>
            </control>         
        </control>
            <control type="label"> 
                <description>VideoWindow Box Label</description>
				<posx>30</posx>
				<posy>15</posy>
                <width>360</width>       
                <height>24</height>
                <font>font12_Title</font>
                <textcolor>C0C0C0C0</textcolor>
                <shadowcolor>ff000000</shadowcolor>
                <align>center</align>
                <scroll>true</scroll>
                <scrollspeed>40</scrollspeed>
                <label>$INFO[Window(10000).Property(OVERLAY.Title)]</label>
                <visible>StringCompare((Window(10000).Property(PTVL.VideoWindow)),true)</visible>
                <aligny>center</aligny>
            </control>
            <control type="videowindow">
                <description>VideoWindow Box Art</description>
				<posx>10</posx>
				<posy>-20</posy>
                <width>440</width>      
                <height>295</height>
                <align>center</align>
                <aligny>center</aligny>
                <aspectratio>keep</aspectratio>
                <visible>StringCompare((Window(10000).Property(PTVL.VideoWindow)),true)</visible>
            </control>
         <!-- todo -->
        <control type="grouplist">              
            <posx>100</posx>
            <posy>268</posy>
            <itemgap>260</itemgap>
            <orientation>horizontal</orientation>
		  <control type="button" id="6001">
            <description>EPG Background</description>
			<posx>400</posx>
            <posy>25</posy>
            <width>140</width>
            <height>40</height>
            <texture>epg.png</texture>
			<texturenofocus>epg.png</texturenofocus>
            <texturefocus>epg.png</texturefocus>
            <colordiffuse>FFFFFFFF</colordiffuse>
        </control>
		 <control type="button" id="6002">
            <description>DVR  Background</description>
			<posx>720</posx>
            <posy>25</posy>
            <width>140</width>
            <height>40</height>
			<texturenofocus>dvr.png</texturenofocus>
            <texturefocus>dvr.png</texturefocus>
            <colordiffuse>FFFFFFFF</colordiffuse>
        </control> 
		<control type="button" id="6003">
            <description>on demand Background</description>
			<posx>1060</posx>
            <posy>25</posy>
            <width>140</width>
            <height>40</height>
			<texturenofocus>on demand 2.png</texturenofocus>
            <texturefocus>on demand 2.png</texturefocus>
            <colordiffuse>FFFFFFFF</colordiffuse>
        </control>
			<control type="button" id="6004">
            <description>apps Background</description>
			<posx>1340</posx>
            <posy>25</posy>
            <width>140</width>
            <height>40</height>
			<texturenofocus>addon.png</texturenofocus>
			<texturefocus>addon.png</texturefocus>
            <colordiffuse>FFFFFFFF</colordiffuse>
        </control>    
        </control>
       <control type="image">
            <description>Background</description>
			<posx>1620</posx>
            <posy>268</posy>
            <width>200</width>
            <height>40</height>
            <texture>time_weather.png</texture>
            <colordiffuse>FFFFFFFF</colordiffuse>
        </control>
		  <control type="label">                  
            <description>Time</description>     
            <posx>1540</posx>                   
            <posy>276</posy>                    
            <width>300</width>                  
            <height>40</height>                 
            <label>$INFO[System.Time]</label>   
            <font>font10_Title</font>           
            <align>center</align>               
            <textcolor>FF0297eb</textcolor>     
        </control>       
        <control type="image" id="800">
            <posx>1840</posx>
            <posy>0</posy>
            <width>80</width>
            <height>80</height>
            <aspectratio align="center">keep</aspectratio>
            <info>Window(weather).Property(Current.ConditionIcon)</info>
			<visible>false</visible>
        </control>
        <control type="label">
            <description>Weather</description>
            <posx>1735</posx>
            <posy>275</posy>
            <width min="40" max="100">auto</width>
            <height>30</height>
            <label>$INFO[Window(weather).Property(Current.Temperature)] $INFO[System.TemperatureUnits]</label>
            <font>font10_Title</font>
            <align>center</align>
            <textcolor>FF0297eb</textcolor>
			<visible>true</visible>
        </control>
        <control type="grouplist">
            <posx>460</posx>
            <posy>20</posy>
            <width>1400</width>
            <orientation>horizontal</orientation>
            <itemgap>5</itemgap>
            <control type="label">
                <description>Show Title Label</description>
                <width min="5" max="1100">auto</width>
                <height>30</height>
                <font>font24_Title</font>
                <textcolor>FF0297eb</textcolor>
                <shadowcolor>ff000000</shadowcolor>
                <scroll>true</scroll>
                <align>left</align>
                <aligny>center</aligny>
                <wrapmultiline>false</wrapmultiline>
                <scrollspeed>40</scrollspeed>
                <scrollsuffix> - </scrollsuffix>
                <label>$INFO[Window(10000).Property(OVERLAY.Title)][COLOR=C0C0C0C0][B] • [/B][/COLOR][COLOR=FFFFFFFF]$INFO[Window(10000).Property(OVERLAY.SEtitle)][/COLOR]</label>
            </control>
        </control>
        <control type="grouplist">
            <posx>460</posx>
            <posy>50</posy>
            <width>1400</width>
            <orientation>vertical</orientation>
            <itemgap>24</itemgap>
           <control type="image">
                <description>Seekbar Line</description>
                <width>1400</width>
                <height>4</height>
                <texture>seek/progress_mid.png</texture>
                <align>center</align>
                <aligny>center</aligny>
                <visible>!Control.IsVisible(5008)</visible>
            </control>
            <control type="group" id="5008">  
                <control type="progress">
                    <posx>0</posx>
                    <posy>0</posy>
                    <width>1400</width>
                    <height>8</height>
                    <texturebg>seek/progress_back.png</texturebg>
                    <lefttexture border="0">seek/progresscache_left.png</lefttexture>
                    <midtexture border="0">seek/progresscache_mid.png</midtexture>
                    <righttexture border="0">seek/progresscache_right.png</righttexture>
                    <align>center</align>
                    <aligny>center</aligny>
                    <info>Player.ProgressCache</info>
                </control>
                <control type="progress">
                    <posx>0</posx>
                    <posy>0</posy>
                    <width>1400</width>
                    <height>14</height>
                    <texturebg>seek/progresscache_back.png</texturebg>
                    <lefttexture border="0">seek/progress_left.png</lefttexture>
                    <midtexture border="0">seek/progress_mid.png</midtexture>
                    <righttexture border="0">seek/progress_right.png</righttexture>
                    <align>center</align>
                    <aligny>center</aligny>
                    <info>Player.Progress</info>
                </control> 
            </control>  
            <control type="label">
                <description>Show Description</description>
                <width>1400</width>
                <height>90</height>
                <align>left</align>
                <aligny>bottom</aligny>
                <wrapmultiline>true</wrapmultiline>
                <textcolor>FFFFFFFF</textcolor>
                <shadowcolor>ff000000</shadowcolor>
                <font>font12_Title</font>
                <label>$INFO[Window(10000).Property(OVERLAY.Description)]</label>
            </control> 
        </control> 
    </controls>
</window>
