<?xml version="1.0" encoding="utf-8"?>
<window>
    <allowoverlay>no</allowoverlay>  
    <!-- <onload condition="StringCompare((Window(10000).Property(PTVL.VideoWindow)),true)">ActivateWindow(9506)</onload> -->
    <onload condition="StringCompare((Window(10000).Property(PTVL.VideoWindow)),true)">ActivateWindow(10004)</onload><!-- Activate random window, workaround for 9506 starting paused -->
    <onunload>ActivateWindow(12005)</onunload>
    <onload>SetProperty(PTVL.APPS_Opened,true,10000)</onload>
    <onunload>SetProperty(PTVL.APPS_Opened,false,10000)</onunload>
    <zorder>1</zorder>
    <coordinates>
        <system>1</system>
        <posx>0</posx>
        <posy>0</posy>
    </coordinates>
    <controls>
       <!-- VideoWindow Box --> 
            <!-- #### Skinners Include Everything for videowindow patch to work #### -->
            <!-- PATCH START -->
            <control type="videowindow">
                <description>video</description>
				<posx>0</posx>
                <posy>0</posy>
                <width>1920</width>      
                <height>1080</height>
                <visible>true</visible>
            </control>
            <!-- PATCH END -->
            <!-- ################################################################## -->
 <control type="image">
                <texture flipy="true">fadeh.png</texture>
                <posx>0</posx>
                <posy>0</posy>
                <width>3920</width>
                <height>70</height>
                <animation effect="fade" end="85" time="5">VisibleChange</animation>
                <visible></visible>
            </control>
		 <control type="label" id="215">
                <description>EPG Label</description>
				<posx>510</posx>
                <posy>15</posy>
                <width>223</width>
                <height>38</height>
                <label>EPG</label>
                <font>font12_Title</font>
                <align>center</align>
                <aligny>center</aligny>
                <textcolor>ffffa500</textcolor>
                <shadowcolor>ff000000</shadowcolor>
        </control>               
        <control type="label" id="216">
                <description>DVR Label</description>
				<posx>740</posx>
                <posy>15</posy>
                <width>273</width>
                <height>38</height>
                <label>DVR</label>
                <font>font12_Title</font>
                <align>center</align>
                <aligny>center</aligny>
                <textcolor>ffffa500</textcolor>
                <shadowcolor>ff000000</shadowcolor>
        </control>               
        <control type="label" id="217">
                <description>OnDemand Label</description>
				<posx>1040</posx>
                <posy>15</posy>
                <width>173</width>
                <height>38</height>
                <label>OnDemand</label>
                <font>font12_Title</font>
                <align>center</align>
                <aligny>center</aligny>
                <textcolor>ffffa500</textcolor>
                <shadowcolor>ff000000</shadowcolor>
        </control>               
        <control type="label" id="218">
                <description>Apps Label</description>
				<posx>1240</posx>
                <posy>15</posy>
                <width>273</width>
                <height>38</height>
                <label>Apps</label>
                <font>font12_Title</font>
                <align>center</align>
                <aligny>center</aligny>
                <textcolor>ffffa500</textcolor>
                <shadowcolor>ff000000</shadowcolor>
        </control>   
        <!-- Panel -->
        <control type="group">
            <posy>100</posy>
            <animation type="WindowOpen" reversible="false">
                <effect type="zoom" start="80" end="100" center="960,540" delay="500" tween="back" time="240" />
                <effect type="fade" delay="500" end="100" time="240" />
            </animation>
            <animation type="WindowClose" reversible="false">
                <effect type="zoom" start="100" end="80" center="960,540" easing="in" tween="back" time="240" />
                <effect type="fade" start="100" end="0" time="240" />
            </animation>
            <control description="Panel" id="500" type="panel">
                <viewtype label="Panel">Panel</viewtype>   
                <posx>385</posx>
                <posy>100</posy> 
                <width>1492</width>
                <height>700</height>
                <orientation>vertical</orientation>
                <onleft>655</onleft>
                <onright>655</onright>
                <onup>655</onup>
                <ondown>655</ondown>
                <preloaditems>4</preloaditems>
                <pagecontrol>60</pagecontrol>
                <itemlayout height="360" width="373">
                    <control type="image">
                        <posx>0</posx>
                        <posy>0</posy>
                        <width>370</width>
                        <height min="5" max="370">auto</height>
                        <bordersize>-18</bordersize>
                        <texture border="8">folder-focus.png</texture>
                        <visible>ListItem.IsSelected</visible>
                    </control>
                    <control type="image">
                        <posx>0</posx>
                        <posy>0</posy>
                        <width>360</width>
                        <height min="5" max="347">auto</height>
                        <texture background="true">$INFO[ListItem.Art(thumb)]</texture>
                        <aspectratio aligny="top">keep</aspectratio>
                    </control>
                </itemlayout>
                <focusedlayout height="360" width="373">
                    <control type="image">
                        <posx>0</posx>
                        <posy>0</posy>
                        <width>370</width>
                        <height min="5" max="370">auto</height>
                        <bordersize>-18</bordersize>
                        <texture border="8">folder-focus.png</texture>
                        <visible>ListItem.IsSelected</visible>
                    </control>
                    <control type="image">
                        <posx>0</posx>
                        <posy>0</posy>
                        <width>360</width>
                        <height min="5" max="347">auto</height>
                        <texture background="true">$INFO[ListItem.Art(thumb)]</texture>
                        <aspectratio aligny="top">keep</aspectratio>
                    </control>
                </focusedlayout>
            </control>   
            <control description="SideInfo" type="grouplist">
                <posx>-2</posx>
                <posy>18</posy>
                <itemgap>25</itemgap>
                <orientation>vertical</orientation>
                <control description="FanArt" type="multiimage">
                    <posx>0</posx>
                    <posy>0</posy>
                    <width>360</width>      
                    <height>180</height>
                    <fadetime>500</fadetime>
                    <imagepath background="true">$INFO[Container(500).ListItem.Property(Fanart_Image)]</imagepath>
                    <aspectratio aligny="top">keep</aspectratio>
                </control>
                <control description="Title Label" type="label">
                    <posx>30</posx>
                    <posy>70</posy>
                    <width>360</width>      
                    <height>30</height>
                    <fadetime>500</fadetime>
                    <aligny>center</aligny>
                    <align>center</align>
					<font>font12_Title</font>
                    <textcolor>ff000000</textcolor>
                    <wrapmultiline>False</wrapmultiline>
                    <label>$INFO[Container(500).ListItem.Label]</label>
                </control>
            </control>
            <control type="image">
                <texture flipy="true">fade.png</texture>
                <posx>0</posx>
                <posy>298</posy>
                <width>1920</width>
                <height>700</height>
                <animation effect="fade" end="100" time="360">WindowOpen</animation>
                <animation effect="fade" start="100" end="0" time="250">WindowClose</animation>
            </control>
            <control type="image">
                <texture>fade.png</texture>
                <posx>0</posx>
                <posy>980</posy>
                <width>1920</width>
                <height>100</height>
                <animation effect="fade" end="100" time="360">WindowOpen</animation>
                <animation effect="fade" start="100" end="0" time="250">WindowClose</animation>
            </control>
        </control>
    </controls>
</window>
