<?xml version="1.0" encoding="UTF-8"?>
<window>
    <allowoverlay>no</allowoverlay>
    <zorder>1</zorder>
    <!-- Set artwork -->
    <onload>SetProperty(OVERLAY.type1,landscape,10000)</onload>
    <onload>SetProperty(OVERLAY.type2,poster,10000)</onload>
    <onload>SetProperty(OVERLAY.type3,fanart,10000)</onload>
    <onload>SetProperty(OVERLAY.type4,poster,10000)</onload>
    <onload>SetProperty(OVERLAY.ONNOW_TYPE,landscape,10000)</onload>
    <onload>SetProperty(EPG.type1,landscape,10000)</onload>
    <onload>SetProperty(EPG.type2,poster,10000)</onload>
    <onload>SetProperty(EPG.type3,landscape,10000)</onload>
    <onload>SetProperty(EPG.type4,poster,10000)</onload>
    <!-- Set EPG props -->
    <onload>SetProperty(EPG.rowCount,8,10000)</onload>
    <onload>SetProperty(EPG.shadowColor,0xFF000000,10000)</onload>
    <onload>SetProperty(EPG.focused_textColor,0xFF000000,10000)</onload>
    <onload>SetProperty(EPG.textColor,0xFFFFFFFF,10000)</onload>
    <onload>SetProperty(EPG.textFont,ubuntu12,10000)</onload>
    <!-- Overlay controls -->
    <controls>   
        <control type="image" id="203">
            <description>Corner Channel Bug</description>
            <posx>350r</posx>
            <posy>188r</posy>
            <width>150</width>
            <height>150</height>
            <aspectratio>keep</aspectratio>
            <texture>NA.png</texture>
            <visible>!Control.IsVisible(101)</visible>
            <animation effect="fade" start="25" end="25" condition="True">Conditional</animation>
        </control>
        <control type="group" id="102">            
            <posx>0</posx>
            <posy>810</posy>             
            <control type="image">
                <description>Info Overlay </description>
                <width>1920</width>
                <height>270</height>
                <texture>pstvlInfoWindow.png</texture>                
            </control>
            <control type="group" id="104">               
                <control type="grouplist">
                    <posx>-20</posx>
                    <posy>310r</posy>
                    <itemgap>0</itemgap>
                    <orientation>horizontal</orientation>
                    <control type="label">
                        <width>300</width>
                        <height>75</height>
                        <description>StarOver Label</description>
                        <label>To Start Over | Press </label>
                        <font>ubuntu12</font>
                        <align>right</align>
                        <aligny>top</aligny>
                        <textcolor>FFFFFFFF</textcolor>
                        <shadowcolor>ff000000</shadowcolor>
                    </control>
                    <control type="image">
                        <width>45</width>
                        <height>35</height>
                        <description>StarOver SEL image</description> 
                        <align>left</align>
                        <aligny>bottom</aligny>
                        <aspectratio>keep</aspectratio>
                        <texture>sel.png</texture>
                        <animation effect="fade" start="95" end="95" condition="True">Conditional</animation>
                    </control>
                </control>   
            </control>
			<control type="image">
                <description>Channel Logo</description>
				<posx>1715</posx>
				<posy>140</posy>
                <width>150</width>
                <height>150</height>
                <aspectratio>keep</aspectratio>
                <aligny>center</aligny>
                <visible>true</visible>
				<texture>$INFO[Window(10000).Property(OVERLAY.LOGOART)]</texture>
            </control>
		  <control type="label">
            <description>time</description>
            <posx>1743</posx>
            <posy>20</posy>
            <width>200</width>
            <height>60</height>
            <label>$INFO[System.Time(ii:mm)]</label>
            <font>ubuntu13</font>
            <align>left</align>
            <textcolor>FF0297eb</textcolor>
        </control>
		  <control type="image">
            <description>Background</description>
			<posx>1715</posx>
            <posy>30</posy>
            <width>150</width>
            <height>48</height>
            <texture>222.png</texture>
            <colordiffuse>FFFFFFFF</colordiffuse>
        </control> 
		  <control type="image">
            <description>Background</description>
			<posx>1715</posx>
            <posy>110</posy>
            <width>150</width>
            <height>48</height>
            <texture>222.png</texture>
            <colordiffuse>FFFFFFFF</colordiffuse>
        </control>  
		
		
			  <control type="label" id="513">
            <description>Weather</description>
            <posx>1779</posx>
            <posy>118</posy>
            <width min="40" max="80">auto</width>
            <height>30</height>
            <label>$INFO[Weather.Temperature]</label>
            <font>ubuntu12</font>
            <align>right</align>
            <textcolor>FF0297eb</textcolor>
        </control>
		    <control type="image" id="800">
            <posx>1800</posx>
            <posy>112</posy>
            <width>50</width>
            <height>50</height>
            <aspectratio align="center">keep</aspectratio>
            <info>Window(weather).Property(Current.ConditionIcon)</info>
        </control>
            <control type="image">
                <description>Dynamic artwork</description>
                <posx>25</posx>
                <posy>250r</posy>  
                <width>360</width>      
                <height>230</height>
              <aspectratio align="center" aligny="center" scalediffuse="false">stretch</aspectratio>
			<texture diffuse="video_diffuse.png"></texture>
                <texture fallback="">$INFO[Window(10000).Property(OVERLAY.landscape)]</texture>
                <animation effect="fade" start="95" end="95" condition="True">Conditional</animation>
            </control>
           
            <control type="image">
                <description>isNew Art</description>         
                <posx>35</posx>
                <posy>280r</posy>  
                <width>50</width>
                <height>50</height>
                <aspectratio>keep</aspectratio>
                <visible>false</visible>
                <texture>$INFO[Window(10000).Property(OVERLAY.isNew)]</texture>
            </control>
            <control type="grouplist">
                <posx>420</posx>
                <posy>260r</posy>
                <width>1200</width>
                <orientation>vertical</orientation>
                <itemgap>-5</itemgap>
                <control type="label">
                    <description>Show Title Label</description>
                    <width min="5" max="1200">auto</width>
                    <height>60</height>
                    <font>ubuntu13</font>
                    <textcolor>FF0297eb</textcolor>
                    <shadowcolor>ff000000</shadowcolor>
                    <scroll>true</scroll>
                    <align>left</align>
                    <aligny>center</aligny>
                    <wrapmultiline>false</wrapmultiline>
                    <scrollspeed>40</scrollspeed>
                    <scrollsuffix> - </scrollsuffix>
                    <label>$INFO[Window(10000).Property(OVERLAY.Title)]</label>
                </control>	
            </control>
			<control type="label">
			        <posx>425</posx>
					<posy>220r</posy>
                    <description>Show Title Label</description>
                    <width min="5" max="1200">auto</width>
                    <height>60</height>
                    <font>ubuntu12</font>
                    <textcolor>ffffffff</textcolor>
                    <shadowcolor>ff000000</shadowcolor>
                    <scroll>true</scroll>
                    <align>left</align>
                    <aligny>center</aligny>
                    <wrapmultiline>false</wrapmultiline>
                    <scrollspeed>40</scrollspeed>
                    <scrollsuffix> - </scrollsuffix>
                    <label>$INFO[Window(10000).Property(OVERLAY.SEtitle)]</label>
                </control>
			 <control type="group">
                <control type="image">
                    <description>Info Seekbar Line h</description>
                    <posx>20</posx>
                    <posy>260r</posy>
                    <width>1870</width>
                    <height>1</height>
                    <texture>3333.png</texture>
                    <align>center</align>
                    <aligny>center</aligny>
					<colordiffuse>ffffffff</colordiffuse>
                </control>
				<control type="image">
                    <description>Info Seekbar Line h</description>
                    <posx>20</posx>
                    <posy>12r</posy>
                    <width>1870</width>
                    <height>1</height>
                    <texture>3333.png</texture>
                    <align>center</align>
                    <aligny>center</aligny>
					<colordiffuse>ffffffff</colordiffuse>
                </control>
				<control type="image">
                    <description>Info Seekbar Line v</description>
                    <posx>400</posx>
                    <posy>260r</posy>
                    <width>1</width>
                    <height>250</height>
                    <texture>333.png</texture>
                    <align>center</align>
                    <aligny>center</aligny>
					<colordiffuse>ffffffff</colordiffuse>
                </control>
				<control type="image">
                    <description>Info Seekbar Line v</description>
                    <posx>1680</posx>
                    <posy>260r</posy>
                    <width>1</width>
                    <height>250</height>
                    <texture>333.png</texture>
                    <align>center</align>
                    <aligny>center</aligny>
					<colordiffuse>ffffffff</colordiffuse>
                </control>
            </control>
			 <control type="image" id="5007">
                    <posx>530</posx>
                    <posy>230</posy>
                    <width>1000</width>
                    <height>8</height>
                    <texture>seek/progress_mid.png</texture>
                    <align>center</align>
                    <aligny>center</aligny>
					<visible>false</visible>
                </control> 

			<control type="button" id="5006">
                <description>Info Progressbar Time Button</description>
                <posx>430</posx><!-- #should match 5007 -->
                <posy>205r</posy>
                <width>105</width>
                <height>20</height>
                <font>ubuntu10</font>
                <textcolor>FFFFFFFF</textcolor>
                <shadowcolor>ff000000</shadowcolor>
                <align>center</align>
                <aligny>center</aligny>
                <label>$INFO[Player.Time]</label>
                <texturefocus>pstvlButtonFocus.png</texturefocus>
                <texturenofocus>220.png</texturenofocus>
                <visible>false</visible>
            </control>
			 <control type="label">
                    <description>Show Description</description>
                    <posx>420</posx>
                    <posy>150r</posy> 
                    <width>1200</width>
                    <height>290</height>
                    <align>left</align>
                    <aligny>bottom</aligny>
                    <wrapmultiline>true</wrapmultiline>
                    <textcolor>FFFFFFFF</textcolor>
                    <shadowcolor>ff000000</shadowcolor>
                    <font>ubuntu12</font>
                    <label>[COLOR=FF0297eb]$INFO[Window(10000).Property(OVERLAY.Time)] • [/COLOR]$INFO[Window(10000).Property(OVERLAY.Description)]</label>
                </control> 
        </control>
		
        <!-- MOREINFO -->
        <control type="group" id="222">
            <posx>0</posx>
            <posy>0</posy>     
            <control type="image">
                <description>MoreInfo Overlay</description>
                <width>1920</width>
                <height>1080</height>
                <texture>pstvlMoreInfoBackground.png</texture>
                <animation effect="slide" start="0,-1080" end="0,1080" time="500">VisibleChange</animation>
            </control>
			 <control type="image">
                    <description>Info Seekbar Line h</description>
                    <posx>5</posx>
                    <posy>570</posy>
                    <width>1870</width>
                    <height>1</height>
                    <texture>3333.png</texture>
                    <align>center</align>
                    <aligny>center</aligny>
					<colordiffuse>ffffffff</colordiffuse>
                </control>
				 <control type="image">
                    <description>Info Seekbar Line h</description>
                    <posx>5</posx>
                    <posy>1070</posy>
                    <width>1870</width>
                    <height>1</height>
                    <texture>3333.png</texture>
                    <align>center</align>
                    <aligny>center</aligny>
					<colordiffuse>ffffffff</colordiffuse>
                </control>
				<control type="image">
				<visible>VideoPlayer.Content(Movies) | VideoPlayer.Content(Episodes)</visible>
                    <description>Info Seekbar Line h</description>
                    <posx>400</posx>
                    <posy>62r</posy>
                    <width>1170</width>
                    <height>1</height>
                    <texture>3333.png</texture>
                    <align>center</align>
                    <aligny>center</aligny>
					<colordiffuse>ffffffff</colordiffuse>
                </control>
				<control type="image">
				<visible>VideoPlayer.Content(Movies) | VideoPlayer.Content(Episodes)</visible>
                    <description>Info Seekbar Line h</description>
                    <posx>400</posx>
                    <posy>107r</posy>
                    <width>1170</width>
                    <height>1</height>
                    <texture>3333.png</texture>
                    <align>center</align>
                    <aligny>center</aligny>
					<colordiffuse>ffffffff</colordiffuse>
                </control>
				<control type="image">
                    <description>Info Seekbar Line h</description>
                    <posx>400</posx>
                    <posy>162r</posy>
                    <width>1170</width>
                    <height>1</height>
                    <texture>3333.png</texture>
                    <align>center</align>
                    <aligny>center</aligny>
					<colordiffuse>ffffffff</colordiffuse>
                </control>
				<control type="image">
                    <description>Info Seekbar Line h</description>
                    <posx>400</posx>
                    <posy>252r</posy>
                    <width>1170</width>
                    <height>1</height>
                    <texture>3333.png</texture>
                    <align>center</align>
                    <aligny>center</aligny>
					<colordiffuse>ffffffff</colordiffuse>
                </control>
				 <control type="image">
                    <description>Info Seekbar Line h</description>
                    <posx>390</posx>
                    <posy>570</posy>
                    <width>1</width>
                    <height>500</height>
                    <texture>333.png</texture>
                    <align>center</align>
                    <aligny>center</aligny>
					<colordiffuse>ffffffff</colordiffuse>
                </control>
				<control type="image">
                    <description>Info Seekbar Line h</description>
                    <posx>1600</posx>
                    <posy>570</posy>
                    <width>1</width>
                    <height>500</height>
                    <texture>333.png</texture>
                    <align>center</align>
                    <aligny>center</aligny>
					<colordiffuse>ffffffff</colordiffuse>
                </control>
            <control type="grouplist">
                <description>Context buttons</description>
                <posx>295r</posx>
                <posy>281r</posy>
                <width>270</width>
                <orientation>vertical</orientation>
                <itemgap>4</itemgap>
                <control type="button" id="1012">
                    <description>More Info</description>
                    <width>270</width>
                    <height>62</height>
                    <label></label>
                    <align>center</align>
                    <aligny>center</aligny>
                    <font>ubuntu12</font>
                    <textcolor>FFFFFFFF</textcolor>
                    <shadowcolor>ff000000</shadowcolor>
                    <texturefocus>pstvlButtonFocus.png</texturefocus>
                    <texturenofocus>pstvlButtonNoFocus.png</texturenofocus>
                    <onup>1015</onup>
                    <ondown>1013</ondown>
                    <visible>!IsEmpty(Control.GetLabel(1012))</visible>
                </control>
                <control type="button" id="1013">
                    <description>Find Similar</description>
                    <width>270</width>
                    <height>62</height>
                    <label></label>
                    <align>center</align>
                    <aligny>center</aligny>
                    <font>ubuntu12</font>
                    <textcolor>FFFFFFFF</textcolor>
                    <shadowcolor>ff000000</shadowcolor>
                    <texturefocus>pstvlButtonFocus.png</texturefocus>
                    <texturenofocus>pstvlButtonNoFocus.png</texturenofocus>
                    <onup>1012</onup>
                    <ondown>1014</ondown>
                    <visible>!IsEmpty(Control.GetLabel(1013))</visible>
                </control>
                <control type="button" id="1014">
                    <description>Record Show</description>
                    <width>270</width>
                    <height>62</height>
                    <label></label>
                    <align>center</align>
                    <aligny>center</aligny>
                    <font>ubuntu12</font>
                    <textcolor>FFFFFFFF</textcolor>
                    <shadowcolor>ff000000</shadowcolor>
                    <texturefocus>pstvlButtonFocus.png</texturefocus>
                    <texturenofocus>pstvlButtonNoFocus.png</texturenofocus>
                    <onup>1013</onup>
                    <ondown>1015</ondown>
                    <visible>!IsEmpty(Control.GetLabel(1014))</visible>
                </control>
                <control type="button" id="1015">
                    <description>Set Reminder</description>
                    <width>270</width>
                    <height>62</height>
                    <label></label>
                    <align>center</align>
                    <aligny>center</aligny>
                    <font>ubuntu12</font>
                    <textcolor>FFFFFFFF</textcolor>
                    <shadowcolor>ff000000</shadowcolor>
                    <texturefocus>pstvlButtonFocus.png</texturefocus>
                    <texturenofocus>pstvlButtonNoFocus.png</texturenofocus>
                    <onup>1014</onup>
                    <ondown>1012</ondown>
                    <visible>!IsEmpty(Control.GetLabel(1014))</visible>
                </control>
            </control>               
            <control type="image">
                <description>Dynamic artwork - MoreInfo</description>
                <posx>25</posx>
                <posy>495r</posy>  
                <width>340</width> 
                <height min="180" max="460">auto</height>
				<aspectratio align="center" aligny="center" scalediffuse="false">stretch</aspectratio>
				<texture diffuse="video_diffuse.png"></texture>
                <texture fallback="">$INFO[Window(10000).Property(OVERLAY.poster)]</texture>
                <animation effect="fade" start="95" end="95" condition="True">Conditional</animation>
            </control>
		<control type="image">
                <description>Dynamic artwork - MoreInfo</description>
                <posx>1620</posx>
                <posy>600</posy>  
                <width>270</width> 
                <height>170</height>
				<aspectratio align="center" aligny="center" scalediffuse="false">stretch</aspectratio>
				<texture diffuse="video_diffuse.png"></texture>
                <texture fallback="">$INFO[Window(10000).Property(OVERLAY.fanart)]</texture>
                <animation effect="fade" start="95" end="95" condition="True">Conditional</animation>
            </control>  
            <control type="grouplist">
                <posx>420</posx>
                <posy>495r</posy>
                <width>2100</width>
                <orientation>horizontal</orientation>
                <itemgap>5</itemgap>
                <control type="label">
                    <description>Show Title Label</description>
                    <width min="5" max="1100">auto</width>
                    <height>30</height>
                    <font>ubuntu13</font>
                    <textcolor>FF0297eb</textcolor>
                    <shadowcolor>ff000000</shadowcolor>
                    <scroll>true</scroll>
                    <align>left</align>
                    <aligny>center</aligny>
                    <wrapmultiline>false</wrapmultiline>
                    <scrollspeed>40</scrollspeed>
                    <scrollsuffix> - </scrollsuffix>
                    <label>$INFO[Window(10000).Property(OVERLAY.Title)][COLOR=C0C0C0C0][B] • [/B][/COLOR][COLOR=FFFFFFFF]$INFO[Window(10000).Property(OVERLAY.SEtitle)][/COLOR]</label>
                </control>
            </control>
			<!-- Episodes Info -->
			<control type="group" id="1">
				<posx>400</posx>
				<posy>840</posy>
			   	<visible>VideoPlayer.Content(Episodes)</visible>
			<control type="label">
                <posx>-80</posx>
                <posy>97</posy>
                <description>Premiered</description>
                <width>300</width>
                <height>30</height>
                <label>Premiered:</label>
                <font>ubuntu12</font>
                <align>center</align>
                <textcolor>FFEB9E17</textcolor>
                <visible>true</visible>
            </control>
			<control type="label" id="1">
				<description>Title label</description>
				<posx>245</posx>
				<posy>97</posy>
				<height>30</height>
				<width min="50" max="970">auto</width>
            	<label>$INFO[VideoPlayer.Premiered]</label>
				<align>left</align>
				<aligny>center</aligny>
				<font>ubuntu12</font>
				<textcolor>white</textcolor>
				<shadowcolor>55000000</shadowcolor>
				<scroll>true</scroll>
                <wrapmultiline>false</wrapmultiline>
                <scrollspeed>50</scrollspeed>
                <scrollsuffix> - </scrollsuffix>
			</control>
			<control type="label">
                <posx>-105</posx>
                <posy>142</posy>
                <description>Studio</description>
                <width>300</width>
                <height>30</height>
                <label>Studio:</label>
                <font>ubuntu12</font>
                <align>center</align>
                <textcolor>FFEB9E17</textcolor>
                <visible>true</visible>
            </control>
			<control type="label" id="1">
				<description>Studio</description>
				<posx>240</posx>
				<posy>142</posy>
				<width min="55" max="530">auto</width>
				<height>25</height>
				<font>ubuntu12</font>
				<aspectratio align="left">keep</aspectratio>
				<textcolor>FFFFFFFF</textcolor>
				<label fallback="Unknown">$INFO[VideoPlayer.Studio]</label>
				<scroll>true</scroll>
                <wrapmultiline>false</wrapmultiline>
                <scrollspeed>50</scrollspeed>
                <scrollsuffix> - </scrollsuffix>
			</control>
			 <control type="label">
                <posx>-95</posx>
                <posy>185</posy>
                <description>Director</description>
                <width>300</width>
                <height>30</height>
                <label>Director:</label>
                <font>ubuntu12</font>
                <align>center</align>
                <textcolor>FFEB9E17</textcolor>
                <visible>true</visible>
            </control>
			<control type="label" >
				<description>Director</description>
				<posx>240</posx>
				<posy>185</posy>
				<width>880</width>
				<height>25</height>
				<font>ubuntu12</font>
				<aspectratio align="left">keep</aspectratio>
				<textcolor>FFFFFFFF</textcolor>
				<label fallback="Unknown">$INFO[VideoPlayer.Director]</label>
			</control>
			</control>
			<!-- Movies Info -->
	<control type="group" id="1">
				<posx>400</posx>
				<posy>840</posy>
			    <visible>VideoPlayer.Content(Movies)</visible>
		 <control type="label">
                <posx>-100</posx>
                <posy>95</posy>
                <description>Genre</description>
                <width>300</width>
                <height>30</height>
                <label>Genre:</label>
                <font>ubuntu12</font>
                <align>center</align>
                <textcolor>FFEB9E17</textcolor>
                <visible>true</visible>
            </control>
				<control type="label" id="1">
				<description>Genre Label</description>
		 		<posx>250</posx>
				<posy>95</posy>
				<height>30</height>
				<width min="55" max="970">auto</width>
				<label fallback=Unknown>$INFO[VideoPlayer.Genre,,]</label>
				<align>left</align>
				<aligny>center</aligny>
				<font>ubuntu12</font>
				<textcolor>FFFFFFFF</textcolor>
				<shadowcolor>55000000</shadowcolor>
			</control>
			 <control type="label">
                <posx>-95</posx>
                <posy>140</posy>
                <description>Studio</description>
                <width>300</width>
                <height>30</height>
                <label>Studio:</label>
                <font>ubuntu12</font>
                <align>center</align>
                <textcolor>FFEB9E17</textcolor>
                <visible>true</visible>
            </control>
			<control type="label" id="1">
				<description>Studio</description>
				<posx>245</posx>
				<posy>140</posy>
				<width>1280</width>
				<height>25</height>
				<font>ubuntu12</font>
				<aspectratio align="left">keep</aspectratio>
				<textcolor>FFFFFFFF</textcolor>
				<label fallback="Unknown">$INFO[VideoPlayer.Studio, ]</label>
			</control>
			 <control type="label">
                <posx>-80</posx>
                <posy>185</posy>
                <description>Duration</description>
                <width>300</width>
                <height>30</height>
                <label>Duration:</label>
                <font>ubuntu12</font>
                <align>center</align>
                <textcolor>FFEB9E17</textcolor>
                <visible>true</visible>
            </control>
			<control type="label" id="1">
				<description>Rating</description>
				<posx>245</posx>
				<posy>185</posy>
				<width>1080</width>
				<height>25</height>
				<font>ubuntu12</font>
				<aspectratio align="left">keep</aspectratio>
				<textcolor>FFFFFFFF</textcolor>
				<label fallback="Unknown">$INFO[VideoPlayer.Duration, ]</label>
			</control>
		</control>
            <control type="grouplist">
                <posx>430</posx>
                <posy>435r</posy>
                <width>1100</width>
                <orientation>vertical</orientation>
                <itemgap>4</itemgap>
				 <control type="group">
                <control type="image">
                    <description>Info Seekbar Line</description>
                    <posx>0</posx>
                    <posy>0</posy>
                    <width>1100</width>
                    <height>8</height>
                    <texture>seek/osd_bg_progress.png</texture>
                    <align>center</align>
                    <aligny>center</aligny>
                </control>
                <control type="image" id="5004">
                    <posx>0</posx>
                    <posy>0</posy>
                    <width>1100</width>
                    <height>8</height>
                    <texture>seek/progress_mid.png</texture>
                    <align>center</align>
                    <aligny>center</aligny>
                </control> 
            </control>  
				<control type="button" id="5005">
                <description>MoreInfo Progressbar Time Button</description>
                <posx>430</posx><!-- #should match 5004 -->
                <posy>435r</posy>
                <width>165</width>
                <height>30</height>
                <textcolor>FFFFFFFF</textcolor>
                <shadowcolor>ff000000</shadowcolor>
                <font>ubuntu12</font>
                <align>center</align>
                <aligny>center</aligny>
                <label>$INFO[Player.TimeRemaining]</label>
                <texturefocus>pstvlButtonFocus.png</texturefocus>
                <texturenofocus>pstvlButtonNoFocusAlt.png</texturenofocus>
                <visible>false</visible>
            </control>
			</control>
                <control type="grouplist">
                    <posx>0</posx>
                    <posy>-20</posy>
                    <width>1900</width>
                    <orientation>horizontal</orientation>
                    <itemgap>4</itemgap>
                    <control type="label" id="517">
                        <description>Seekbar start+offset time</description>
                        <posx>0</posx>
                        <posy>0</posy>
                        <width>550</width>
                        <height>30</height>
                        <fadetime>250</fadetime>
                        <textcolor>FFFFFFFF</textcolor>
                        <shadowcolor>ff000000</shadowcolor>
                        <font>ubuntu12</font>
                        <align>left</align>
                        <aligny>center</aligny>
                        <label fallback="">$INFO[System.Time, Time: ] $INFO[Player.StartTime, Started: ]</label>
                        <visible>false</visible>
                    </control>
                    <control type="label" id="516">
                        <description>Seekbar Elapsed Time Button</description>
                        <posx>0</posx>
                        <posy>0</posy>
                        <width>550</width>
                        <height>30</height>
                        <fadetime>250</fadetime>
                        <textcolor>FFFFFFFF</textcolor>
                        <shadowcolor>ff000000</shadowcolor>
                        <font>ubuntu12</font>
                        <align>left</align>
                        <aligny>center</aligny>
                        <label>$INFO[Player.Time]</label>
                        <visible>false</visible>
                        <!-- <visible>Player.HasDuration</visible> -->
                    </control>
                    <control type="label" id="516">
                        <description>Seekbar Elapsed Time Button</description>
                        <posx>0</posx>
                        <posy>0</posy>
                        <width>550</width>
                        <height>30</height>
                        <fadetime>250</fadetime>
                        <textcolor>FFFFFFFF</textcolor>
                        <shadowcolor>ff000000</shadowcolor>
                        <font>ubuntu12</font>
                        <align>left</align>
                        <aligny>center</aligny>
                        <label>$INFO[Player.TimeRemaining,Remaining: ] / $INFO[Player.Time,Elapsed: ]</label>
                        <visible>false</visible>
                    </control>  
                    <control type="label" id="518">"
                        <description>Seekbar time</description>
                        <posx>0</posx>
                        <posy>0</posy>
                        <width>550</width>
                        <height>30</height>
                        <fadetime>250</fadetime>
                        <textcolor>FFFFFFFF</textcolor>
                        <shadowcolor>ff000000</shadowcolor>
                        <font>ubuntu12</font>
                        <align>right</align>
                        <aligny>center</aligny>
                        <label>$INFO[Player.Duration, Duration: ] / $INFO[Player.FinishTime(hh:mm xx), Finished: ]</label>
                        <visible>false</visible>
                    </control> 
                </control> 
					<control type="label">
                    <description>Show Description</description>
					<posx>420</posx>
                    <posy>390r</posy> 
                    <width>1000</width>
                    <height>150</height>
                    <align>left</align>
                    <aligny>bottom</aligny>
                    <wrapmultiline>true</wrapmultiline>
                    <textcolor>FFFFFFFF</textcolor>
                    <shadowcolor>ff000000</shadowcolor>
                    <font>ubuntu12</font>
                    <label>[COLOR=FF0297eb][B]$INFO[Window(10000).Property(OVERLAY.Time)] • [/B][/COLOR]$INFO[Window(10000).Property(OVERLAY.Description)]</label>
                </control>
                   
            <control type="grouplist">
                <posx>430</posx>
                <posy>239r</posy>
                <width>1100</width>
                <orientation>vertical</orientation>
                <itemgap>62</itemgap>
                <control type="grouplist">
                    <posx>0</posx>
                    <posy>0</posy>
                    <width>1100</width>
                    <orientation>horizontal</orientation>
                    <itemgap>4</itemgap>
                    <control type="image">
                        <description>Channel Logo</description>
                        <width>100</width>
                        <height>82</height>
                        <aspectratio>keep</aspectratio>
                        <align>left</align>
                        <aligny>bottom</aligny>
                        <texture>$INFO[Window(10000).Property(OVERLAY.LOGOART)]</texture>
                    </control>
                    <control type="image">
                        <width>100</width>
                        <height>62</height>
                        <align>left</align>
                        <aligny>bottom</aligny>
                        <aspectratio>keep</aspectratio>
                        <texture fallback="flags/rating/MPAA_NR_Certificate_US.png" colordiffuse="ffffffff">$INFO[Window(10000).Property(OVERLAY.Rating),flags/mpaa/,.png]</texture>
                    </control>
                    <control type="image">
                        <width>100</width>
                        <height>62</height>
                        <align>left</align>
                        <aligny>bottom</aligny>
                        <aspectratio>keep</aspectratio>
                        <texture fallback="flags/rating/0.0.png" colordiffuse="ffffffff">$INFO[VideoPlayer.Rating,flags/rating/,.png]</texture>
                    </control>
                    <control type="image">
                        <description>Sickbeard/Couchpotato image</description>      
                        <width>100</width>
                        <height>62</height>
                        <align>left</align>
                        <aligny>bottom</aligny>
                        <aspectratio>keep</aspectratio>
                        <texture>$INFO[Window(10000).Property(OVERLAY.Managed)]</texture>
                    </control>
					 <control type="image">
                        <width>100</width>
                        <height>62</height>
                        <align>left</align>
                        <aligny>bottom</aligny>
                        <aspectratio>keep</aspectratio>
                        <texture colordiffuse="ffffffff">$INFO[VideoPlayer.VideoCodec,flags/source/,.png]</texture>
                    </control>
                    <control type="image">
                        <width>100</width>
                        <height>62</height>
                        <align>left</align>
                        <aligny>bottom</aligny>
                        <aspectratio>keep</aspectratio>
                        <texture colordiffuse="ffffffff">$INFO[VideoPlayer.VideoResolution,flags/resolution/,.png]</texture>
                    </control>
                    <control type="image">
                        <width>100</width>
                        <height>62</height>
                        <align>left</align>
                        <aligny>bottom</aligny>
                        <aspectratio>keep</aspectratio>
                        <texture colordiffuse="ffffffff">$INFO[VideoPlayer.VideoAspect,flags/aspectratio/,.png]</texture>
                    </control>
                    <control type="image">
                        <width>100</width>
                        <height>62</height>
                        <align>left</align>
                        <aligny>bottom</aligny>
                        <aspectratio>keep</aspectratio>
                        <texture colordiffuse="ffffffff">$INFO[VideoPlayer.AudioCodec,flags/audio/,.png]</texture>
                    </control>
                    <control type="image">
                        <width>100</width>
                        <height>62</height>
                        <align>left</align>
                        <aligny>bottom</aligny>
                        <aspectratio>keep</aspectratio>
                        <texture colordiffuse="ffffffff">$INFO[VideoPlayer.AudioChannels,flags/channels/,.png]</texture>
                    </control>
                    <control type="image">
                        <width>100</width>
                        <height>62</height>
                        <align>left</align>
                        <aligny>bottom</aligny>
                        <aspectratio>keep</aspectratio>
                        <texture colordiffuse="ffffffff">$INFO[VideoPlayer.AudioLanguage,flags/language/,.png]</texture>
                    </control>       
                    <control type="image">
                        <width>100</width>
                        <height>62</height>
                        <align>left</align>
                        <aligny>bottom</aligny>
                        <aspectratio>keep</aspectratio>
                        <texture colordiffuse="ffffffff">$INFO[VideoPlayer.Country,flags/language/,.png]</texture>
                    </control>
                </control>
                <control type="grouplist">
                    <posx>0</posx>
                    <posy>0</posy>
                    <width>1100</width>
                    <orientation>horizontal</orientation>
                    <itemgap>4</itemgap> 
                </control>
            </control> 
            </control>
			<control type="group" id="7000"> 
            <posx>0</posx>
            <posy>0</posy>
            <control type="image">
                <description>Background Image</description>
                <width>1920</width>
                <height>1080</height>
                <texture>pstvlBackground.png</texture>
                <animation effect="fade" start="75" end="75" condition="True">Conditional</animation>
                <align>center</align>
                <aligny>center</aligny>
                <visible>Control.IsVisible(7000)</visible>
            </control>
            <control type="group">
                <description>Sleep/Idle/Reminder Prompt</description>
                <width>1920</width>
                <height>1080</height>
                <orientation>vertical</orientation>
                <itemgap>40</itemgap> 
                <visible>Control.IsVisible(7000)</visible>           
                <control type="label"> 
                    <posx>0</posx>
                    <posy>700</posy>
                    <width>1980</width>
                    <height min="40" max="80">auto</height>
                    <font>ubuntu14</font>
                    <aligny>center</aligny>
                    <align>center</align>
                    <scroll>True</scroll>
                    <textcolor>C0C0C0C0</textcolor>
                    <shadowcolor>ff000000</shadowcolor>
                    <visible>Control.IsVisible(7000)</visible>
                    <label>$INFO[Window(10000).Property(PTVL.IDLE_LABEL)]</label>
                </control>
                <control type="button" id="7001">
                    <description>Cancel</description>
                    <posx>720</posx>
                    <posy>800</posy>
                    <width>500</width>
                    <height>72</height>
                    <label></label>
                    <align>center</align>
                    <aligny>center</aligny>
                    <font>ubuntu12</font>
                    <textcolor>FFFFFFFF</textcolor>
                    <shadowcolor>ff000000</shadowcolor>
                    <texturefocus>pstvlButtonFocus.png</texturefocus>
                    <texturenofocus>pstvlButtonNoFocusAlt.png</texturenofocus>
                    <onup>7002</onup>
                    <ondown>7002</ondown>
                    <visible>Control.IsVisible(7000)</visible>
                </control>
                <control type="button" id="7002">
                    <description>Sleep/Switch</description>
                    <posx>720</posx>
                    <posy>912</posy>
                    <width>500</width>
                    <height>72</height>
                    <label></label>
                    <align>center</align>
                    <aligny>center</aligny>
                    <font>ubuntu12</font>
                    <textcolor>FFFFFFFF</textcolor>
                    <shadowcolor>ff000000</shadowcolor>
                    <texturefocus>pstvlButtonFocus.png</texturefocus>
                    <texturenofocus>pstvlButtonNoFocusAlt.png</texturenofocus>
                    <onup>7001</onup>
                    <ondown>7001</ondown>
                    <visible>Control.IsVisible(7000)</visible>
                </control>
            </control>
        </control>
            <control type="group" id="120">
                <posx>0</posx>
                <posy>0</posy>
                <control type="image">
                    <description> Coming Up Next Popup</description>
                    <width>1920</width>
                    <height>1080</height>
                    <texture>pstvlPopupWindow.png</texture>
                </control>
                <control type="group">       
                    <control type="image">
                        <description>Coming Up artwork</description>
                        <posx>77</posx>
                        <posy>47</posy>
                        <width>310</width>      
                        <height>150</height>
                        <aspectratio align="center" aligny="center" scalediffuse="false">stretch</aspectratio>
						<texture diffuse="video_diffuse.png"></texture>
                        <texture fallback="">$INFO[Window(10000).Property(OVERLAY.NEXT.landscape)]</texture>
                        <animation effect="fade" start="95" end="95" condition="True">Conditional</animation>
                    </control>
                    <control type="fadelabel">
                        <description>Popup fadelabel</description>
                        <posx>60</posx>
                        <posy>215</posy>
                        <width>335</width>
                        <height>40</height>
                        <visible>true</visible>
                        <pauseatend>2700</pauseatend>
                        <label>Coming Up Next</label>
                        <label>Coming Up Next</label>
                        <label>$INFO[Window(10000).Property(OVERLAY.NEXT.Title)]</label>
                        <font>ubuntu12</font>
                        <scroll>false</scroll>
                        <scrollout>false</scrollout>
                        <textcolor>ff000000</textcolor>
                        <shadowcolor>ff000000</shadowcolor>
                        <align>center</align>
                        <autoscroll time="2000" delay="0" repeat="0">Skin.HasSetting(AutoScroll)</autoscroll>
                    </control>                    
                </control>
            </control>
			<control type="group" id="101"> 
            <visible>false</visible>
			 <posx>0</posx>
            <posy>810</posy>             
            
            <control type="image">
                <description>Info Overlay </description>
                <width>1920</width>
                <height>270</height>
                <texture>pstvlInfoWindow.png</texture>                
            </control>
			<control type="image">
			<visible>!Control.IsVisible(99)</visible>
                <description>Channel Logo</description>
				<posx>1715</posx>
				<posy>140</posy>
                <width>150</width>
                <height>150</height>
                <aspectratio>keep</aspectratio>
                <aligny>center</aligny>
                <visible>true</visible>
				<texture>$INFO[Window(10000).Property(OVERLAY.LOGOART)]</texture>
            </control>
			 <control type="label">
			 <visible>!Control.IsVisible(99)</visible>
            <description>time</description>
            <posx>1743</posx>
            <posy>30</posy>
            <width>200</width>
            <height>60</height>
            <label>$INFO[System.Time(ii:mm)]</label>
            <font>ubuntu13</font>
            <align>left</align>
            <textcolor>FF0297eb</textcolor>
        </control>
		  <control type="image">
		  <visible>!Control.IsVisible(99)</visible>
            <description>Background</description>
			<posx>1715</posx>
            <posy>30</posy>
            <width>150</width>
            <height>48</height>
            <texture>222.png</texture>
            <colordiffuse>FFFFFFFF</colordiffuse>
        </control> 
		  <control type="image">
		  <visible>!Control.IsVisible(99)</visible>
            <description>Background</description>
			<posx>1715</posx>
            <posy>110</posy>
            <width>150</width>
            <height>48</height>
            <texture>222.png</texture>
            <colordiffuse>FFFFFFFF</colordiffuse>
        </control>  
		
		
			  <control type="label" id="513">
			  <visible>!Control.IsVisible(99)</visible>
            <description>Weather</description>
            <posx>1779</posx>
            <posy>118</posy>
            <width min="40" max="80">auto</width>
            <height>30</height>
            <label>$INFO[Weather.Temperature]</label>
            <font>ubuntu12</font>
            <align>right</align>
            <textcolor>FF0297eb</textcolor>
        </control>
		    <control type="image" id="800">
			<visible>!Control.IsVisible(99)</visible>
            <posx>1800</posx>
            <posy>112</posy>
            <width>50</width>
            <height>50</height>
            <aspectratio align="center">keep</aspectratio>
            <info>Window(weather).Property(Current.ConditionIcon)</info>
        </control>
           <control type="image">
		   <visible>!Control.IsVisible(99)</visible>
                <description>Dynamic artwork</description>
                <posx>25</posx>
                <posy>250r</posy>  
                <width>360</width>      
                <height>230</height>
              <aspectratio align="center" aligny="center" scalediffuse="false">stretch</aspectratio>
			<texture diffuse="video_diffuse.png"></texture>
                <texture fallback="landscape.png">$INFO[Window(10000).Property(OVERLAY.landscape)]</texture>
                <animation effect="fade" start="95" end="95" condition="True">Conditional</animation>
            </control>
			 <control type="image">
			 <visible>!Control.IsVisible(99)</visible>
			 <visible>!VideoPlayer.Content(Movies) + !VideoPlayer.Content(Episodes)</visible>
                <description>Dynamic artwork</description>
                <posx>25</posx>
                <posy>250r</posy>  
                <width>360</width>      
                <height>230</height>
				<aspectratio align="center" aligny="center" scalediffuse="false">stretch</aspectratio>
				<texture diffuse="video_diffuse.png"></texture>
                <texture background="true">http://localhost:52307/getpvrthumb&amp;title=$INFO[Window(10000).Property(OVERLAY.Title)]&amp;type=landscape,thumb</texture>
                <animation effect="fade" start="95" end="95" condition="True">Conditional</animation>
            </control>
            <control type="image">
                <description>isManaged Art</description>   
                <posx>345</posx>
                <posy>120r</posy>         
                <width>32</width>
                <height>32</height>
                <aspectratio>keep</aspectratio>
                <visible>false</visible>
                <texture>$INFO[Window(10000).Property(OVERLAY.Managed)]</texture>
            </control> 
            <control type="image">
                <description>isNew Art</description>         
                <posx>35</posx>
                <posy>280r</posy>  
                <width>50</width>
                <height>50</height>
                <aspectratio>keep</aspectratio>
                <visible>false</visible>
                <texture>$INFO[Window(10000).Property(OVERLAY.isNew)]</texture>
            </control>
            
           <control type="grouplist">
		   <visible>!Control.IsVisible(99)</visible>
                <posx>420</posx>
                <posy>260r</posy>
                <width>1200</width>
                <orientation>vertical</orientation>
                <itemgap>-5</itemgap>
                <control type="label">
                    <description>Show Title Label</description>
                    <width min="5" max="1200">auto</width>
                    <height>60</height>
                    <font>ubuntu13</font>
                    <textcolor>FF0297eb</textcolor>
                    <shadowcolor>ff000000</shadowcolor>
                    <scroll>true</scroll>
                    <align>left</align>
                    <aligny>center</aligny>
                    <wrapmultiline>false</wrapmultiline>
                    <scrollspeed>40</scrollspeed>
                    <scrollsuffix> - </scrollsuffix>
                    <label>$INFO[Window(10000).Property(OVERLAY.Title)]</label>
                </control>	
            </control>
			<control type="label">
			<visible>!Control.IsVisible(99)</visible>
			        <posx>425</posx>
					<posy>220r</posy>
                    <description>Show Title Label</description>
                    <width min="5" max="1200">auto</width>
                    <height>60</height>
                    <font>ubuntu12</font>
                    <textcolor>ffffffff</textcolor>
                    <shadowcolor>ff000000</shadowcolor>
                    <scroll>true</scroll>
                    <align>left</align>
                    <aligny>center</aligny>
                    <wrapmultiline>false</wrapmultiline>
                    <scrollspeed>40</scrollspeed>
                    <scrollsuffix> - </scrollsuffix>
                    <label>$INFO[Window(10000).Property(OVERLAY.SEtitle)]</label>
                </control>
			 <control type="group">
			 <visible>!Control.IsVisible(99)</visible>
                <control type="image">
                    <description>Info Seekbar Line h</description>
                    <posx>20</posx>
                    <posy>260r</posy>
                    <width>1870</width>
                    <height>1</height>
                    <texture>3333.png</texture>
                    <align>center</align>
                    <aligny>center</aligny>
                </control>
				<control type="image">
                    <description>Info Seekbar Line h</description>
                    <posx>20</posx>
                    <posy>12r</posy>
                    <width>1870</width>
                    <height>1</height>
                    <texture>3333.png</texture>
                    <align>center</align>
                    <aligny>center</aligny>
                </control>
				<control type="image">
                    <description>Info Seekbar Line v</description>
                    <posx>400</posx>
                    <posy>260r</posy>
                    <width>1</width>
                    <height>270</height>
                    <texture>333.png</texture>
                    <align>center</align>
                    <aligny>center</aligny>
                </control>
				<control type="image">
                    <description>Info Seekbar Line v</description>
                    <posx>1680</posx>
                    <posy>260r</posy>
                    <width>1</width>
                    <height>270</height>
                    <texture>333.png</texture>
                    <align>center</align>
                    <aligny>center</aligny>
                </control>
            </control>  

			<control type="button" id="5006">
                <description>Info Progressbar Time Button</description>
                <posx>430</posx><!-- #should match 5007 -->
                <posy>205r</posy>
                <width>105</width>
                <height>20</height>
                <font>ubuntu10</font>
                <textcolor>FFFFFFFF</textcolor>
                <shadowcolor>ff000000</shadowcolor>
                <align>center</align>
                <aligny>center</aligny>
                <label>$INFO[Player.Time]</label>
                <texturefocus>pstvlButtonFocus.png</texturefocus>
                <texturenofocus>220.png</texturenofocus>
                <visible>false</visible>
            </control>
			<control type="label">
			<visible>!Control.IsVisible(99)</visible>
                    <description>Show Description</description>
                    <posx>420</posx>
                    <posy>150r</posy> 
                    <width>1200</width>
                    <height>290</height>
                    <align>left</align>
                    <aligny>bottom</aligny>
                    <wrapmultiline>true</wrapmultiline>
                    <textcolor>FFFFFFFF</textcolor>
                    <shadowcolor>ff000000</shadowcolor>
                    <font>ubuntu12</font>
                    <label>[COLOR=FF0297eb]$INFO[Window(10000).Property(OVERLAY.Time)] • [/COLOR]$INFO[Window(10000).Property(OVERLAY.Description)]</label>
                </control> 
            <control type="grouplist">   
                <posx>300</posx>
                <posy>-300</posy>
                <width>1280</width>
                <height>1080</height>
                <orientation>vertical</orientation>
                <itemgap>40</itemgap>
                <control type="image">
				<visible>Control.IsVisible(99)</visible>
				<visible></visible>
                    <description>Loading Background Logo</description>
                    <width>1280</width>
                    <height>270</height>
                    <aspectratio>keep</aspectratio>
                    <align>center</align>
                    <aligny>center</aligny>
                    <texture fallback="logo.png">$INFO[Window(10000).Property(OVERLAY.LOGOART)]</texture>
                    <animation effect="fade" start="95" end="95" condition="True">Conditional</animation>
                </control>
               
              
                 <control type="progress" id="99">
                    <width>1280</width>
                    <height>20</height>
                    <animation effect="fade" start="25" end="25" condition="True">Conditional</animation>
                    <texturebg>seek/osd_bg_progress.png</texturebg>
                    <lefttexture border="0"></lefttexture>
                    <midtexture border="0">seek/progress_mid.png</midtexture>
                    <righttexture border="0"></righttexture>
                    <align>center</align>
                    <aligny>center</aligny>
                </control>
                <control type="label">
                    <description>Loading Background Text</description>
                    <width>1280</width>
                    <height>20</height>
                    <font>ubuntu12</font>
                    <align>center</align>
                    <aligny>center</aligny>
                    <textcolor>FFFFFFFF</textcolor>
                    <shadowcolor>ff000000</shadowcolor>
                    <label>$INFO[Window(10000).Property(OVERLAY.BACKGROUND_STATUS)]</label>
                    <visible>Control.IsVisible(99)</visible>
                </control>
				 <control type="label">
                    <description>Loading Background Text</description>
                    <width>1280</width>
                    <height>20</height>
                    <font>ubuntu12</font>
                    <align>center</align>
                    <aligny>center</aligny>
                    <textcolor>FFFFFFFF</textcolor>
                    <shadowcolor>ff000000</shadowcolor>
                    <label>$INFO[Window(10000).Property(OVERLAY.BACKGROUND_TEXT2)]</label>
					<visible>Control.IsVisible(99)</visible>
                </control> 
            </control> 
        </control>
        <control type="group" id="119">
            <description>Sidebar Menu</description>
            <posx>0</posx>
            <posy>0</posy>
           
            <control type="image">
                <description>Background Image</description>
                <width>1920</width>
                <height>1080</height>
                <texture>pstvlMenuWindow.png</texture>
                <visible>Control.IsVisible(119)</visible>
                <animation effect="slide" end="0,0" time="500">VisibleChange</animation>
                <animation effect="slide" end="0,0" time="50">VisibleChange</animation>
            </control>
            <control type="image">
                <texture flipy="true">fadeh.png</texture>
                <posx>687</posx>
                <posy>0</posy>
                <width>1230</width>
                <height>1080</height>
                <animation effect="fade" end="85" time="5">VisibleChange</animation>
                <visible>Control.IsVisible(130)</visible>
            </control>
            <control type="image" id="130">
                <description>Background Image</description>
                <width>1920</width>
                <height>1080</height>
                <texture>pstvlMenuWindowAlt.png</texture>
                <animation effect="slide" end="0,0" time="500">VisibleChange</animation>
                <animation effect="slide" end="0,0" time="50">VisibleChange</animation>
            </control>   
            <control type="image">
                <description>Sidebar - Logo</description>
                <posx>7</posx>
                <posy>-95</posy>
                <width>225</width>
                <height>180</height>
                <aspectratio>keep</aspectratio>
                <align>center</align>
                <aligny>center</aligny>
                <visible>Control.IsVisible(119)</visible>
                <texture>pltvlabel.png</texture>
            </control>      
            <control type="image">
                <description>Onnow Art</description>
                <posx>310</posx>
                <posy>15</posy>
                <width>360</width>      
                <height>180</height>
				<aspectratio align="center" aligny="center" scalediffuse="false">stretch</aspectratio>
				<texture diffuse="video_diffuse.png"></texture>
                <visible>Control.IsVisible(130)</visible>
                <texture fallback="">$INFO[Window(10000).Property(OVERLAY.ONNOW_ART)]</texture>
                <animation effect="fade" start="95" end="95" condition="True">Conditional</animation>
            </control>
            <control type="label" id="132">
                <description>Onnow Controls</description>
                <posx>295</posx>
                <posy>216</posy>
                <width>391</width>
                <height>947</height>
                <label>260</label>
                <visible>false</visible>
            </control>
            <control type="grouplist">
                <posx>7</posx>
                <posy>100</posy>
                <width>225</width>
                <orientation>vertical</orientation>
                <itemgap>10</itemgap>
                <control type="button" id="1000">
                    <width>225</width>
                    <height>72</height>
                    <label></label>
                    <align>center</align>
                    <aligny>center</aligny>
                    <font>ubuntu12</font>
                    <textcolor>FFFFFFFF</textcolor>
                    <shadowcolor>ff000000</shadowcolor>
                    <texturefocus>pstvlButtonFocus.png</texturefocus>
                    <texturenofocus>pstvlButtonNoFocus.png</texturenofocus>
                    <onup>1011</onup>
                    <ondown>1001</ondown>
                    <visible>!IsEmpty(Control.GetLabel(1000))</visible>
                </control>
                <control type="button" id="1001">
                    <width>225</width>
                    <height>72</height>
                    <label></label>
                    <align>center</align>
                    <aligny>center</aligny>
                    <font>ubuntu12</font>
                    <textcolor>FFFFFFFF</textcolor>
                    <shadowcolor>ff000000</shadowcolor>
                    <texturefocus>pstvlButtonFocus.png</texturefocus>
                    <texturenofocus>pstvlButtonNoFocus.png</texturenofocus>
                    <onup>1000</onup>
                    <ondown>1002</ondown>
                    <visible>!IsEmpty(Control.GetLabel(1001))</visible>
                </control>
                <control type="button" id="1002">
                    <width>225</width>
                    <height>72</height>
                    <label></label>
                    <align>center</align>
                    <aligny>center</aligny>
                    <font>ubuntu12</font>
                    <textcolor>FFFFFFFF</textcolor>
                    <shadowcolor>ff000000</shadowcolor>
                    <texturefocus>pstvlButtonFocus.png</texturefocus>
                    <texturenofocus>pstvlButtonNoFocus.png</texturenofocus>
                    <onup>1001</onup>
                    <ondown>1003</ondown>
                    <visible>!IsEmpty(Control.GetLabel(1002))</visible>
                </control>
                <control type="button" id="1003">
                    <width>225</width>
                    <height>72</height>
                    <label></label>
                    <align>center</align>
                    <aligny>center</aligny>
                    <font>ubuntu12</font>
                    <textcolor>FFFFFFFF</textcolor>
                    <shadowcolor>ff000000</shadowcolor>
                    <texturefocus>pstvlButtonFocus.png</texturefocus>
                    <texturenofocus>pstvlButtonNoFocus.png</texturenofocus>
                    <onup>1002</onup>
                    <ondown>1004</ondown>
                    <visible>!IsEmpty(Control.GetLabel(1003))</visible>
                </control>
                <control type="button" id="1004">
                    <width>225</width>
                    <height>72</height>
                    <label></label>
                    <align>center</align>
                    <aligny>center</aligny>
                    <font>ubuntu12</font>
                    <textcolor>FFFFFFFF</textcolor>
                    <shadowcolor>ff000000</shadowcolor>
                    <texturefocus>pstvlButtonFocus.png</texturefocus>
                    <texturenofocus>pstvlButtonNoFocus.png</texturenofocus>
                    <onup>1003</onup>
                    <ondown>1005</ondown>
                    <visible>!IsEmpty(Control.GetLabel(1004))</visible>
                </control>
                <control type="button" id="1005">
                    <width>225</width>
                    <height>72</height>
                    <label></label>
                    <align>center</align>
                    <aligny>center</aligny>
                    <font>ubuntu12</font>
                    <textcolor>FFFFFFFF</textcolor>
                    <shadowcolor>ff000000</shadowcolor>
                    <texturefocus>pstvlButtonFocus.png</texturefocus>
                    <texturenofocus>pstvlButtonNoFocus.png</texturenofocus>
                    <onup>1004</onup>
                    <ondown>1006</ondown>
                    <visible>!IsEmpty(Control.GetLabel(1005))</visible>
                </control>
                <control type="button" id="1006">
                    <width>225</width>
                    <height>72</height>
                    <label></label>
                    <align>center</align>
                    <aligny>center</aligny>
                    <font>ubuntu12</font>
                    <textcolor>FFFFFFFF</textcolor>
                    <shadowcolor>ff000000</shadowcolor>
                    <texturefocus>pstvlButtonFocus.png</texturefocus>
                    <texturenofocus>pstvlButtonNoFocus.png</texturenofocus>
                    <onup>1005</onup>
                    <ondown>1007</ondown>
                    <visible>!IsEmpty(Control.GetLabel(1006))</visible>
                </control>
                <control type="button" id="1007">
                    <width>225</width>
                    <height>72</height>
                    <label></label>
                    <align>center</align>
                    <aligny>center</aligny>
                    <font>ubuntu12</font>
                    <textcolor>FFFFFFFF</textcolor>
                    <shadowcolor>ff000000</shadowcolor>
                    <texturefocus>pstvlButtonFocus.png</texturefocus>
                    <texturenofocus>pstvlButtonNoFocus.png</texturenofocus>
                    <onup>1006</onup>
                    <ondown>1008</ondown>
                    <visible>!IsEmpty(Control.GetLabel(1007))</visible>
                </control>
                <control type="button" id="1008">
                    <width>225</width>
                    <height>72</height>
                    <label></label>
                    <align>center</align>
                    <aligny>center</aligny>
                    <font>ubuntu12</font>
                    <textcolor>FFFFFFFF</textcolor>
                    <shadowcolor>ff000000</shadowcolor>
                    <texturefocus>pstvlButtonFocus.png</texturefocus>
                    <texturenofocus>pstvlButtonNoFocus.png</texturenofocus>
                    <onup>1007</onup>
                    <ondown>1009</ondown>
                    <visible>!IsEmpty(Control.GetLabel(1008))</visible>
                </control>
                <control type="button" id="1009">
                    <width>225</width>
                    <height>72</height>
                    <label></label>
                    <align>center</align>
                    <aligny>center</aligny>
                    <font>ubuntu12</font>
                    <textcolor>FFFFFFFF</textcolor>
                    <shadowcolor>ff000000</shadowcolor>
                    <texturefocus>pstvlButtonFocus.png</texturefocus>
                    <texturenofocus>pstvlButtonNoFocus.png</texturenofocus>
                    <onup>1008</onup>
                    <ondown>1010</ondown>
                    <visible>!IsEmpty(Control.GetLabel(1009))</visible>
                </control>
                <control type="button" id="1010">
                    <width>225</width>
                    <height>72</height>
                    <label></label>
                    <align>center</align>
                    <aligny>center</aligny>
                    <font>ubuntu12</font>
                    <textcolor>FFFFFFFF</textcolor>
                    <shadowcolor>ff000000</shadowcolor>
                    <texturefocus>pstvlButtonFocus.png</texturefocus>
                    <texturenofocus>pstvlButtonNoFocus.png</texturenofocus>
                    <onup>1009</onup>
                    <ondown>1011</ondown>
                    <visible>!IsEmpty(Control.GetLabel(1010))</visible>
                </control>
                <control type="button" id="1011">
                    <width>225</width>
                    <height>72</height>
                    <label></label>
                    <align>center</align>
                    <aligny>center</aligny>
                    <font>ubuntu12</font>
                    <textcolor>FFFFFFFF</textcolor>
                    <shadowcolor>ff000000</shadowcolor>
                    <texturefocus>pstvlButtonFocus.png</texturefocus>
                    <texturenofocus>pstvlButtonNoFocus.png</texturenofocus>
                    <onup>1010</onup>
                    <ondown>1000</ondown>
                    <visible>!IsEmpty(Control.GetLabel(1010))</visible>
                </control>
            </control>
        </control>
    </controls>     
</window>
