<window>
    <allowoverlay>yes</allowoverlay>
    <onload>SetProperty(PTVL.EPG_Opened,true,10000)</onload>
    <onunload>SetProperty(PTVL.EPG_Opened,false,10000)</onunload> 
    <onload>SetProperty(PTVL.EPG_Opened,true,10000)</onload>
    <onload condition="Control.IsVisible(9000)">ActivateWindow(10006)</onload><!-- Activate random window, workaround for videowindow starting paused -->
    <onload condition="System.HasAddon(script.tv.show.next.aired)">RunScript(script.tv.show.next.aired,backend=True)</onload>
    <onload condition="!Control.IsVisible(9000) + System.HasAddon(script.extendedinfo)">RunScript(script.extendedinfo,info=trendingshows)</onload>
    <onunload>ActivateWindow(12005)</onunload>
    <zorder>1</zorder>
    <coordinates>
        <system>1</system>
        <posx>0</posx>
        <posy>0</posy>
    </coordinates>
    <animation effect="fade" time="5">WindowOpen</animation>
    <controls>
	 <control type="group">  
            <posx>-20</posx>
            <posy>-20</posy>
            <control type="image">
                <width>1985</width>
                <height>1120</height>
                <description>EPG Background</description>
                <texture>220.png</texture>
                <colordiffuse>FFFFFFFF</colordiffuse>
            </control>         
        </control>  
            <control type="label" id="9000">
				<posx>-500</posx>
				<posy>-330</posy>
                <description>VideoWindow Box Label</description>
                <width>660</width>       
                <height>24</height>
                <font>font12_Title</font>
                <textcolor>ffffffff</textcolor>
                <shadowcolor>ff000000</shadowcolor>
                <align>center</align>
                <scroll>true</scroll>
                <scrollspeed>40</scrollspeed>
                <label>$INFO[Window(10000).Property(OVERLAY.Title)]</label>
                <visible>Control.IsVisible(9000)</visible>
                <aligny>center</aligny>
            </control>
            <control type="videowindow">
				<posx>0</posx>
				<posy>-30</posy>
                <description>VideoWindow Box Art</description>
                <width>1920</width>      
                <height>1080</height>
                <align>center</align>
                <aligny>center</aligny>
                <aspectratio>keep</aspectratio>
                <visible>Control.IsVisible(9000)</visible>
            </control>
		 <control type="fadelabel" id="505">
                <description>PTVL RSS Feed Label</description>  
                <width>370</width>
                <height>35</height>
                <font>font10</font>
                <aligny>center</aligny>
                <align>left</align>
                <scroll>true</scroll>
                <scrollout>true</scrollout>
                <pauseatend>900000</pauseatend>
                <angle>90</angle>
                <scrollspeed>40</scrollspeed>
                <textcolor>C0C0C0C0</textcolor>
                <shadowcolor>ff000000</shadowcolor>
                <textoffsetx>20</textoffsetx>
                <resetonlabelchange>true</resetonlabelchange>
                <label>$INFO[Window(10000).Property(twitter.1.label)]</label>
                <label>$INFO[Window(10000).Property(twitter.2.label)]</label>
                <label>$INFO[Window(10000).Property(twitter.3.label)]</label>
                <label>$INFO[Window(10000).Property(twitter.4.label)]</label>
				<visible>false</visible>
            </control>       
	<control type="image">
			<left>0</left>
			<top>190r</top>
			<width>1920</width>
			<height>240</height>
			<texture>floor.png</texture>
			<animation effect="fade" time="200" condition="Window.Previous(Home)">WindowOpen</animation>
			<animation effect="fade" time="200" condition="Window.Next(Home)">WindowClose</animation>
		</control>
		<control type="group">
					<control type="image">
						<left>55</left>
						<top>150</top>
						<width>1800</width>
						<height>810</height>
						<texture border="15">ContentPanel.png</texture>
					</control>
				</control>
				<control type="image">
				<description>separator image</description>
				<left>80</left>
				<top>211</top>
				<width>1700</width>
				<height>1</height>
				<colordiffuse>88FFFFFF</colordiffuse>
				<texture>separator2.png</texture>
			</control>
        <!--Date-->
        <control type="label" id="5001">
            <description>Date Label</description>
            <posx>133</posx>
         <posy>148</posy>
         <width>350</width>
         <height>90</height>
         <aligny>center</aligny>
         <label>Today</label>
         <font>font12</font>
         <textcolor>FFFFFFFF</textcolor>
         <shadowcolor>FF000000</shadowcolor>
        </control>
        <control type="image" id="5002">
            <description>Left Arrow</description>
            <posx>563</posx>
            <posy>233</posy>
            <width>15</width>
            <height>27</height>
            <aspectratio align="center">keep</aspectratio>
            <colordiffuse>C0C0C0C0</colordiffuse>
            <texture>left.png</texture>
			<visible>false</visible>
        </control> 
        <!--Time Bar 1/3-->
        <control type="label" id="101">
            <description>Time Left Label</description>
            <posx>500</posx>
         <posy>148</posy>
         <width>250</width>
         <height>90</height>
         <label>Time 1</label>
         <font>font12</font>
         <aligny>center</aligny>
         <textcolor>FFFFFFFF</textcolor>
         <shadowcolor>FF000000</shadowcolor>
        </control>
        <!--Time Bar 2/3-->
        <control type="label" id="102">
            <description>Time Middle Label</description>
            <posx>1048</posx>
         <posy>148</posy>
         <width>170</width>
         <height>90</height>
         <label>Time 2</label>
         <font>font12</font>
         <align>center</align>
         <aligny>center</aligny>
         <textcolor>FFFFFFFF</textcolor>
         <shadowcolor>FF000000</shadowcolor>
        </control>
        <!--Time Bar 3/3-->
        <control type="label" id="103">
            <description>Time Right Label</description>
             <posx>1673</posx>
         <posy>148</posy>
         <width>200</width>
         <height>90</height>
         <label>Time 3</label>
         <font>font12</font>
         <aligny>center</aligny>
         <textcolor>FFFFFFFF</textcolor>
         <shadowcolor>FF000000</shadowcolor>
        </control>
        <control type="image" id="5003">
            <description>Right Arrow</description>
            <posx>1845</posx>
            <posy>233</posy>
            <width>15</width>
            <height>27</height>
            <aspectratio align="center">keep</aspectratio>
            <colordiffuse>C0C0C0C0</colordiffuse>
            <texture>right.png</texture>
			<visible>false</visible>
        </control>
		 <control type="image" id="5009">     
            <description>Optional Channel Focus Highlight</description>         
            <posx>80</posx>  
            <width>360</width>
            <height>70</height>
            <texture>pstvlHighlight.png</texture>
        </control> 
         <control type="image" id="5010">     
            <description>Optional Channel Playing Highlight</description>         
            <posx>80</posx>  
            <width>360</width>
            <height>70</height>
            <texture>pstvlHighlightAlt2.png</texture>
			<colordiffuse></colordiffuse>
        </control>
		 <!--Dark Column-->
        <control type="image">
            <description>Channel Overlay</description>
            <posx>50</posx>
            <posy>255</posy>
            <width>395</width>
            <height>75</height>
            <colordiffuse>FFFFFFFF</colordiffuse>
            <texture border="2">MenuItemNF.png</texture>
        </control>
        <control type="image">
            <description>Channel Overlay</description>
            <posx>50</posx>
            <posy>330</posy>
            <width>395</width>
            <height>75</height>
            <colordiffuse>FFFFFFFF</colordiffuse>
            <texture border="2">MenuItemNF.png</texture>
        </control>
        <control type="image">
            <description>Channel Overlay</description>
            <posx>50</posx>
            <posy>405</posy>
            <width>395</width>
            <height>75</height>
            <colordiffuse>FFFFFFFF</colordiffuse>
            <texture border="2">MenuItemNF.png</texture>
        </control>
		<control type="image">
            <description>Channel Overlay</description>
            <posx>50</posx>
            <posy>480</posy>
            <width>395</width>
            <height>75</height>
            <colordiffuse>FFFFFFFF</colordiffuse>
            <texture border="2">MenuItemNF.png</texture>
        </control>
		<control type="image">
            <description>Channel Overlay</description>
            <posx>50</posx>
            <posy>555</posy>
            <width>395</width>
            <height>75</height>
            <colordiffuse>FFFFFFFF</colordiffuse>
            <texture border="2">MenuItemNF.png</texture>
        </control>
		<control type="image">
            <description>Channel Overlay</description>
            <posx>50</posx>
            <posy>630</posy>
            <width>395</width>
            <height>75</height>
            <colordiffuse>FFFFFFFF</colordiffuse>
            <texture border="2">MenuItemNF.png</texture>
        </control>
         <!--CH NUMBER-->
      <control type="grouplist">
         <posx>50</posx>
         <posy>250</posy>
         <itemgap>0</itemgap>
         <orientation>vertical</orientation>
         <control type="label" id="311">
            <description>CH 1 NUMBER</description>
            <width>75</width>
            <height>76</height>
            <font>font12_Title</font>
            <align>right</align>
            <aligny>center</aligny>
            <textcolor>FFFFFFFF</textcolor>
         </control>
         <control type="label" id="312">
            <description>CH 2 NUMBER</description>
            <width>75</width>
            <height>76</height>
            <font>font12_Title</font>
            <align>right</align>
            <aligny>center</aligny>
            <textcolor>FFFFFFFF</textcolor>
         </control>
         <control type="label" id="313">
            <description>CH 3 NUMBER</description>
            <width>75</width>
            <height>76</height>
            <font>font12_Title</font>
            <align>right</align>
            <aligny>center</aligny>
            <textcolor>FFFFFFFF</textcolor>
         </control>
         <control type="label" id="314">
            <description>CH 4 NUMBER</description>
            <width>75</width>
            <height>76</height>
            <font>font12_Title</font>
            <align>right</align>
            <aligny>center</aligny>
            <textcolor>FFFFFFFF</textcolor>
         </control>
         <control type="label" id="315">
            <description>CH 5 NUMBER</description>
            <width>75</width>
            <height>76</height>
            <font>font12_Title</font>
            <align>right</align>
            <aligny>center</aligny>
            <textcolor>FFFFFFFF</textcolor>
         </control>
         <control type="label" id="316">
            <description>CH 6 NUMBER</description>
            <width>75</width>
            <height>76</height>
            <font>font12_Title</font>
            <align>right</align>
            <aligny>center</aligny>
            <textcolor>FFFFFFFF</textcolor>
         </control>
      </control>
	  
      <!--CH BUTTONS AND LBLS-->
      <control type="label" id="301">
         <description>CH 1 NAME</description>
         <posx>250</posx>
         <posy>260</posy>
         <width>180</width>
         <height>53</height>
         <font>font12_Title</font>
         <align>left</align>
         <aligny>center</aligny>
         <textcolor>ffffffff</textcolor>
         <visible></visible>
      </control>
      <control type="image" id="321">
         <description>CH 1 ICO</description>
         <posx>150</posx>
         <posy>262</posy>
         <width>85</width>
         <height>55</height>
         <align>center</align>
         <aligny>center</aligny>
         <aspectratio>keep</aspectratio>
         <visible></visible>
      </control>
      <control type="label" id="302">
         <description>CH 2 NAME</description>
         <posx>250</posx>
         <posy>339</posy>
         <width>180</width>
         <height>53</height>
         <font>font12_Title</font>
         <align>left</align>
         <aligny>center</aligny>
         <textcolor>ffffffff</textcolor>
         <visible></visible>
      </control>
      <control type="image" id="322">
         <description>CH 2 ICO</description>
         <posx>150</posx>
         <posy>340</posy>
         <width>85</width>
         <height>55</height>
         <align>center</align>
         <aligny>center</aligny>
         <aspectratio>keep</aspectratio>
         <visible></visible>
      </control>
      <control type="label" id="303">
         <description>CH 3 NAME</description>
         <posx>250</posx>
         <posy>416</posy>
         <width>180</width>
         <height>53</height>
         <font>font12_Title</font>
         <align>left</align>
         <aligny>center</aligny>
         <textcolor>ffffffff</textcolor>
         <visible></visible>
      </control>
      <control type="image" id="323">
         <description>CH 3 ICO</description>
         <posx>150</posx>
         <posy>417</posy>
         <width>85</width>
         <height>55</height>
         <align>center</align>
         <aligny>center</aligny>
         <aspectratio>keep</aspectratio>
         <visible></visible>
      </control>
      <control type="label" id="304">
         <description>CH 4 NAME</description>
         <posx>250</posx>
         <posy>488</posy>
         <width>180</width>
         <height>53</height>
         <font>font12_Title</font>
         <align>left</align>
         <aligny>center</aligny>
         <textcolor>ffffffff</textcolor>
         <visible></visible>
      </control>
      <control type="image" id="324">
         <description>CH 4 ICO</description>
         <posx>150</posx>
         <posy>490</posy>
         <width>85</width>
         <height>55</height>
         <align>center</align>
         <aligny>center</aligny>
         <aspectratio>keep</aspectratio>
         <visible></visible>
      </control>
      <control type="label" id="305">
         <description>CH 5 NAME</description>
         <posx>250</posx>
         <posy>562</posy>
         <width>180</width>
         <height>53</height>
         <font>font12_Title</font>
         <align>left</align>
         <aligny>center</aligny>
         <textcolor>ffffffff</textcolor>
         <visible></visible>
      </control>
      <control type="image" id="325">
         <description>CH 5 ICO</description>
         <posx>150</posx>
         <posy>565</posy>
         <width>85</width>
         <height>55</height>
         <align>center</align>
         <aligny>center</aligny>
         <aspectratio>keep</aspectratio>
         <visible></visible>
      </control>
      <control type="label" id="306">
         <description>CH 6 NAME</description>
         <posx>250</posx>
         <posy>642</posy>
         <width>180</width>
         <height>53</height>
         <font>font12_Title</font>
         <align>left</align>
         <aligny>center</aligny>
         <textcolor>ffffffff</textcolor>
         <visible></visible>
      </control>
      <control type="image" id="326">
         <description>CH 6 ICO</description>
         <posx>150</posx>
         <posy>645</posy>
         <width>85</width>
         <height>55</height>
         <align>center</align>
         <aligny>center</aligny>
         <aspectratio>keep</aspectratio>
         <visible></visible>
      </control>
      <!--SHOW LIST -->
      <control type="group" id="111">
         <posx>440</posx>
         <posy>260</posy>
         <width>1410</width>
         <height>70</height>
      </control>
      <control type="group" id="112">
         <posx>440</posx>
         <posy>335</posy>
         <width>1410</width>
         <height>70</height>
      </control>
      <control type="group" id="113">
         <posx>440</posx>
         <posy>410</posy>
         <width>1410</width>
         <height>70</height>
      </control>
      <control type="group" id="114">
         <posx>440</posx>
         <posy>485</posy>
         <width>1410</width>
         <height>70</height>
      </control>
      <control type="group" id="115">
         <posx>440</posx>
         <posy>560</posy>
         <width>1410</width>
         <height>70</height>
      </control>
      <control type="group" id="116">
         <posx>440</posx>
         <posy>635</posy>
         <width>1410</width>
         <height>70</height>
      </control>
	  <control type="image">
            <description>Dynamic art2</description>
            <animation effect="fade" time="500">VisibleChange</animation> 
            <posx>80</posx>
            <posy>720</posy>  
            <width>360</width>      
            <height>220</height>
			<aspectratio align="center" aligny="center" scalediffuse="false">stretch</aspectratio>
			<texture diffuse="video_diffuse.png"></texture>
            <texture fallback="">$INFO[Window(10000).Property(EPG.landscape)]</texture>
            <animation effect="fade" start="95" end="95" condition="True">Conditional</animation>
        </control>    
        <control type="image" id="5004"> 
            <description>Timebar Optional past fade</description>
            <posx>442</posx>
            <posy>260</posy>
            <width>-1</width>
            <height>445</height>
            <aspectratio>scale</aspectratio>
            <texture>pstvlTimeFadeP.png</texture>
			<visible>true</visible>
        </control>  
        <control type="image" id="5005"> 
            <description>Timebar Optional future fade</description>
            <posx>411</posx>
            <posy>340</posy>
            <width>-1</width>
            <height>448</height>
            <aspectratio>scale</aspectratio>
            <texture>pstvlTimeFadeF.png</texture>
            <visible>true</visible>
        </control>  
        <control type="label" id="5006">
            <description>Timebar Current Time Button</description>
            <posx>420</posx>
            <posy>148</posy>
            <width min="128" max="400">auto</width>
            <height>90</height>
            <fadetime>250</fadetime>
            <textcolor>FFFFFFFF</textcolor>
            <shadowcolor>ff000000</shadowcolor>
            <font>font12</font>
            <align>center</align>
            <aligny>center</aligny>
        </control>
        <control type="image" id="5007">
            <description>Timebar line</description>
            <posx>411</posx>
         <posy>260</posy>
         <width>20</width>
         <height>445</height>
         <aspectratio>keep</aspectratio>
        </control>
		 <!-- TIME/WEATHER -->
      <control type="label">
         <description>TIME</description>
         <posx>1740</posx>
         <posy>15</posy>
         <width>150</width>
         <height>45</height>
         <label>$INFO[System.Time]</label>
         <font>font28_Title</font>
         <align>center</align>
         <textcolor>FFFFFFFF</textcolor>
      </control>
	   <control type="image">
         <posx>30</posx>
         <posy>0</posy>
         <width>90</width>
         <height>90</height>
         <aspectratio align="center">keep</aspectratio>
         <texture>tv.png</texture>
         <colordiffuse colordiffuse="$VAR[DialogColorVar]">FF0084ff</colordiffuse>
      </control>
	   <control type="image">
         <posx>30</posx>
         <posy>990</posy>
         <width>80</width>
         <height>80</height>
         <aspectratio align="center">keep</aspectratio>
         <texture>FloorPlayFO.png</texture>
         <colordiffuse colordiffuse=""></colordiffuse>
      </control>
		<control type="label">
        <description>Now Playing</description>
         <posx>125</posx>
         <posy>965</posy>
         <width>1350</width>
         <height>90</height>
         <aligny>center</aligny>
         <label>[COLOR=FF0084ff]$INFO[Window(10000).Property(OVERLAY.Title)][/COLOR][COLOR=ffffffff] � [/COLOR]$INFO[Window(10000).Property(OVERLAY.SEtitle)]</label>
         <font>font12_Title</font>
         <textcolor>FFFFFFFF</textcolor>
         <shadowcolor>FF000000</shadowcolor>
        </control>
		<control type="label">
        <description>Now Playing</description>
         <posx>125</posx>
         <posy>1000</posy>
         <width>1350</width>
         <height>90</height>
         <aligny>center</aligny>
         <label>[COLOR=FF0084ff]$INFO[Window(10000).Property(OVERLAY.Chname)][/COLOR][COLOR=ffffffff] - [/COLOR]$INFO[Window(10000).Property(OVERLAY.Chnum),(,)]</label>
         <font>font12_Title</font>
         <textcolor>FFFFFFFF</textcolor>
         <shadowcolor>FF000000</shadowcolor>
        </control>
		 <control type="label">
        <description>epg Label</description>
         <posx>100</posx>
         <posy>0</posy>
         <width>350</width>
         <height>90</height>
         <aligny>center</aligny>
         <label>TV Guide</label>
         <font>font28_Title</font>
         <textcolor>FFFFFFFF</textcolor>
         <shadowcolor>FF000000</shadowcolor>
        </control>
		 <control type="button" id="6000">
            <description>Filter Button</description>     
            <posx>0</posx>
            <posy>258</posy>   
            <width>410</width>
            <height>38</height>
            <texturenofocus>NA.png</texturenofocus>
            <texturefocus>pstvlButtonFocusAlt.png</texturefocus>
        </control>    
		<control type="button" id="6001">
                <description>EPG Label</description>
				<posx>1398</posx>
                <posy>980</posy>
                <width>73</width>
                <height>78</height>
				<label></label>
                <align>center</align>
                <aligny>center</aligny>
				<texturenofocus>OSDepgNF.png</texturenofocus>
                <texturefocus>OSDepgFO.png</texturefocus>
        </control> 
		<control type="button" id="6002">
                <description>DVR Label</description>
				<posx>1500</posx>
                <posy>980</posy>
                <width>73</width>
                <height>78</height>
				<label></label>
                <align>center</align>
                <aligny>center</aligny>
				<texturenofocus>OSDRecordOnNF.png</texturenofocus>
                <texturefocus>OSDRecordOnFO.png</texturefocus>
        </control>
		<control type="button" id="6003">
                <description>OnDemand Label</description>
				<posx>1600</posx>
                <posy>980</posy>
                <width>73</width>
                <height>78</height>
				<label></label>
                <align>center</align>
                <aligny>center</aligny>
				<texturenofocus>OSDVideoNF.png</texturenofocus>
                <texturefocus>OSDVideoFO.png</texturefocus>
        </control>  
		<control type="button" id="6004">
                <description>Apps Label</description>
				<posx>1700</posx>
                <posy>980</posy>
                <width>73</width>
                <height>78</height>
				<label></label>
                <align>center</align>
                <aligny>center</aligny>
				<texturenofocus>appsnf.png</texturenofocus>
                <texturefocus>appsfo.png</texturefocus>
        </control>   
            <control type="label">
			    <posx>480</posx>
				<posy>730</posy>
                <description>Show Title Label</description>
                <width min="5" max="1200">auto</width>
                <height>30</height>
                <font>font24_Title</font>
                <textcolor>FF0084ff</textcolor>
                <shadowcolor>ff000000</shadowcolor>
                <scroll>true</scroll>
                <align>left</align>
                <aligny>center</aligny>
                <wrapmultiline>false</wrapmultiline>
                <scrollspeed>40</scrollspeed>
                <scrollsuffix> - </scrollsuffix>
                <label>$INFO[Window(10000).Property(EPG.Title)][COLOR=C0C0C0C0] � [/COLOR][COLOR=FFFFFFFF]$INFO[Window(10000).Property(EPG.SEtitle)][/COLOR]</label>
            </control>
			 <control type="label">
			    <posx>480</posx>
				<posy>770</posy>
                <description>Show Genre Label</description>
                <width min="5" max="1200">auto</width>
                <height>30</height>
                <font>font13</font>
                <textcolor>FFFFFFFF</textcolor>
                <shadowcolor>ff000000</shadowcolor>
                <align>left</align>
                <aligny>center</aligny>
                <label>$INFO[Window(10000).Property(EPG.Genre)]</label>
            </control>
        <control type="grouplist">
            <posx>480</posx>
            <posy>820</posy>
            <width>1260</width>
            <orientation>vertical</orientation>
            <itemgap>12</itemgap>
           <control type="image">
                <description>Seekbar Line</description>
                <posx>0</posx>
                <posy>0</posy> 
                <width>1400</width>
                <height>3</height>
                <texture border="0">seek/progress_mid.png</texture>
                <align>center</align>
                <aligny>center</aligny>
                <visible>false</visible>
            </control>
            <control type="group" id="5008">  
                <control type="progress">
                    <posx>0</posx>
                    <posy>0</posy>
                    <width>1400</width>
                    <height>3</height>
                    <texturebg>seek/progress_back.png</texturebg>
                    <lefttexture border="0">seek/progresscache_left.png</lefttexture>
                    <midtexture border="0">seek/progresscache_mid.png</midtexture>
                    <righttexture border="0">seek/progresscache_right.png</righttexture>
                    <align>center</align>
                    <aligny>center</aligny>
                    <info>Player.ProgressCache</info>
					<visible>false</visible>
                </control>
                <control type="progress">
                    <posx>0</posx>
                    <posy>0</posy>
                    <width>1400</width>
                    <height>3</height>
                    <texturebg>seek/progresscache_back.png</texturebg>
                    <lefttexture border="0">seek/progress_left.png</lefttexture>
                    <midtexture border="0">seek/progress_mid.png</midtexture>
                    <righttexture border="0">seek/progress_right.png</righttexture>
                    <align>center</align>
                    <aligny>center</aligny>
                    <info>Player.Progress</info>
					<visible>false</visible>
                </control> 
            </control>  
            <control type="textbox">
                <description>Show Description</description>
                <width>1260</width>
                <height>110</height>
                <align>justify</align>
                <wrapmultiline>true</wrapmultiline>
                <textcolor>FFFFFFFF</textcolor>
                <shadowcolor>ff000000</shadowcolor>
                <font>font13</font>
                <label>$INFO[Window(10000).Property(EPG.Description)]</label>
				<autoscroll time="2000" delay="3000" repeat="5000"></autoscroll>
            </control> 
        </control> 
    </controls>
</window>
