<?xml version="1.0" encoding="utf-8"?>
<window>
    <allowoverlay>no</allowoverlay>  
    <!-- <onload condition="StringCompare((Window(10000).Property(PTVL.VideoWindow)),true)">ActivateWindow(9506)</onload> -->
    <onload condition="StringCompare((Window(10000).Property(PTVL.VideoWindow)),true)">ActivateWindow(10006)</onload><!-- Activate random window, workaround for 9506 starting paused -->
    <onunload>ActivateWindow(12005)</onunload>
    <onload>SetProperty(PTVL.APPS_Opened,true,10000)</onload>
    <onunload>SetProperty(PTVL.APPS_Opened,false,10000)</onunload>
    <zorder>1</zorder>
    <coordinates>
        <system>1</system>
        <posx>0</posx>
        <posy>0</posy>
    </coordinates>
    <controls>
     <control type="videowindow">
                <description>VideoWindow Box Art</description>
				<posx>0</posx>
				<posy>0</posy>
                <width>1920</width>      
                <height>1080</height>
                <align>center</align>
                <aligny>center</aligny>
                <aspectratio>stretch</aspectratio>
                <visible>StringCompare((Window(10000).Property(PTVL.VideoWindow)),true)</visible>
            </control>
	<control type="image">
			<left>0</left>
			<top>190r</top>
			<width>1920</width>
			<height>240</height>
			<texture>floor.png</texture>
			<animation effect="fade" time="200" condition="Window.Previous(Home)">WindowOpen</animation>
			<animation effect="fade" time="200" condition="Window.Next(Home)">WindowClose</animation>
		</control>
		<control type="group">
					<control type="image">
						<left>55</left>
						<top>150</top>
						<width>1800</width>
						<height>810</height>
						<texture border="15">ContentPanel.png</texture>
					</control>
				</control>
				<control type="button" id="6001">
                <description>EPG Label</description>
				<posx>1398</posx>
                <posy>980</posy>
                <width>73</width>
                <height>78</height>
				<label></label>
                <align>center</align>
                <aligny>center</aligny>
				<texturenofocus>OSDepgNF.png</texturenofocus>
                <texturefocus>OSDepgFO.png</texturefocus>
        </control> 
		<control type="button" id="6002">
                <description>DVR Label</description>
				<posx>1500</posx>
                <posy>980</posy>
                <width>73</width>
                <height>78</height>
				<label></label>
                <align>center</align>
                <aligny>center</aligny>
				<texturenofocus>OSDRecordOnNF.png</texturenofocus>
                <texturefocus>OSDRecordOnFO.png</texturefocus>
        </control>
		<control type="button" id="6003">
                <description>OnDemand Label</description>
				<posx>1600</posx>
                <posy>980</posy>
                <width>73</width>
                <height>78</height>
				<label></label>
                <align>center</align>
                <aligny>center</aligny>
				<texturenofocus>OSDVideoNF.png</texturenofocus>
                <texturefocus>OSDVideoFO.png</texturefocus>
        </control>  
		<control type="button" id="6004">
                <description>Apps Label</description>
				<posx>1700</posx>
                <posy>980</posy>
                <width>73</width>
                <height>78</height>
				<label></label>
                <align>center</align>
                <aligny>center</aligny>
				<texturenofocus>appsnf.png</texturenofocus>
                <texturefocus>appsfo.png</texturefocus>
        </control>
		  <control type="label">
			    <posx>480</posx>
				<posy>730</posy>
                <description>Show Title Label</description>
                <width min="5" max="1200">auto</width>
                <height>30</height>
                <font>font24_Title</font>
                <textcolor>FF0084ff</textcolor>
                <shadowcolor>ff000000</shadowcolor>
                <scroll>true</scroll>
                <align>left</align>
                <aligny>center</aligny>
                <wrapmultiline>false</wrapmultiline>
                <scrollspeed>40</scrollspeed>
                <scrollsuffix> - </scrollsuffix>
                <label>$INFO[Window(10000).Property(EPG.Title)][COLOR=C0C0C0C0] • [/COLOR][COLOR=FFFFFFFF]$INFO[Window(10000).Property(EPG.SEtitle)][/COLOR]</label>
            </control>
			 <control type="label">
			    <posx>480</posx>
				<posy>770</posy>
                <description>Show Genre Label</description>
                <width min="5" max="1200">auto</width>
                <height>30</height>
                <font>font13</font>
                <textcolor>FFFFFFFF</textcolor>
                <shadowcolor>ff000000</shadowcolor>
                <align>left</align>
                <aligny>center</aligny>
                <label>$INFO[Window(10000).Property(EPG.Genre)]</label>
            </control>
			 <control type="grouplist">
            <posx>480</posx>
            <posy>820</posy>
            <width>1260</width>
            <orientation>vertical</orientation>
            <itemgap>12</itemgap>
           <control type="image">
                <description>Seekbar Line</description>
                <posx>0</posx>
                <posy>0</posy> 
                <width>1400</width>
                <height>3</height>
                <texture border="0">seek/progress_mid.png</texture>
                <align>center</align>
                <aligny>center</aligny>
                <visible>false</visible>
            </control>
            <control type="group" id="5008">  
                <control type="progress">
                    <posx>0</posx>
                    <posy>0</posy>
                    <width>1400</width>
                    <height>3</height>
                    <texturebg>seek/progress_back.png</texturebg>
                    <lefttexture border="0">seek/progresscache_left.png</lefttexture>
                    <midtexture border="0">seek/progresscache_mid.png</midtexture>
                    <righttexture border="0">seek/progresscache_right.png</righttexture>
                    <align>center</align>
                    <aligny>center</aligny>
                    <info>Player.ProgressCache</info>
					<visible>false</visible>
                </control>
                <control type="progress">
                    <posx>0</posx>
                    <posy>0</posy>
                    <width>1400</width>
                    <height>3</height>
                    <texturebg>seek/progresscache_back.png</texturebg>
                    <lefttexture border="0">seek/progress_left.png</lefttexture>
                    <midtexture border="0">seek/progress_mid.png</midtexture>
                    <righttexture border="0">seek/progress_right.png</righttexture>
                    <align>center</align>
                    <aligny>center</aligny>
                    <info>Player.Progress</info>
					<visible>false</visible>
                </control> 
            </control>  
            <control type="textbox">
                <description>Show Description</description>
                <width>1260</width>
                <height>110</height>
                <align>justify</align>
                <wrapmultiline>true</wrapmultiline>
                <textcolor>FFFFFFFF</textcolor>
                <shadowcolor>ff000000</shadowcolor>
                <font>font13</font>
                <label>$INFO[Window(10000).Property(EPG.Description)]</label>
				<autoscroll time="2000" delay="3000" repeat="5000"></autoscroll>
            </control> 
        </control> 
		 <control type="image">
            <description>Dynamic art2</description>
            <animation effect="fade" time="500">VisibleChange</animation> 
            <posx>80</posx>
            <posy>720</posy>  
            <width>360</width>      
            <height>220</height>
			<aspectratio align="center" aligny="center" scalediffuse="false">stretch</aspectratio>
			<texture diffuse="video_diffuse.png"></texture>
            <texture fallback="">$INFO[Window(10000).Property(EPG.landscape)]</texture>
            <animation effect="fade" start="95" end="95" condition="True">Conditional</animation>
        </control>
		 <control type="label">
         <description>TIME</description>
         <posx>1740</posx>
         <posy>15</posy>
         <width>150</width>
         <height>45</height>
         <label>$INFO[System.Time]</label>
         <font>font28_Title</font>
         <align>center</align>
         <textcolor>FFFFFFFF</textcolor>
      </control>
	   <control type="image">
         <posx>30</posx>
         <posy>990</posy>
         <width>80</width>
         <height>80</height>
         <aspectratio align="center">keep</aspectratio>
         <texture>FloorPlayFO.png</texture>
         <colordiffuse colordiffuse=""></colordiffuse>
      </control>
		<control type="label">
        <description>Now Playing</description>
         <posx>125</posx>
         <posy>965</posy>
         <width>1350</width>
         <height>90</height>
         <aligny>center</aligny>
         <label>[COLOR=FF0084ff]$INFO[Window(10000).Property(OVERLAY.Title)][/COLOR][COLOR=ffffffff] • [/COLOR]$INFO[Window(10000).Property(OVERLAY.SEtitle)]</label>
         <font>font12_Title</font>
         <textcolor>FFFFFFFF</textcolor>
         <shadowcolor>FF000000</shadowcolor>
        </control>
		<control type="label">
        <description>Now Playing</description>
         <posx>125</posx>
         <posy>1000</posy>
         <width>1350</width>
         <height>90</height>
         <aligny>center</aligny>
         <label>[COLOR=FF0084ff]$INFO[Window(10000).Property(OVERLAY.Chname)][/COLOR][COLOR=ffffffff] - [/COLOR]$INFO[Window(10000).Property(OVERLAY.Chnum),(,)]</label>
         <font>font12_Title</font>
         <textcolor>FFFFFFFF</textcolor>
         <shadowcolor>FF000000</shadowcolor>
        </control>
		 <control type="label">
        <description>epg Label</description>
         <posx>100</posx>
         <posy>0</posy>
         <width>350</width>
         <height>90</height>
         <aligny>center</aligny>
         <label>TV Guide</label>
         <font>font28_Title</font>
         <textcolor>FFFFFFFF</textcolor>
         <shadowcolor>FF000000</shadowcolor>
        </control>
		  <!-- Panel -->
        <control type="group">
            <posy>0</posy>
            <control description="Panel" id="500" type="panel">
                <viewtype label="Panel">Panel</viewtype>   
                <posx>425</posx>
                <posy>230</posy> 
                <width>1492</width>
                <height>700</height>
                <orientation>vertical</orientation>
                <onleft>655</onleft>
                <onright>655</onright>
                <onup>655</onup>
                <ondown>655</ondown>
                <preloaditems>4</preloaditems>
                <pagecontrol>60</pagecontrol>
                <itemlayout height="160" width="273">
                    <control type="image">
                        <posx>0</posx>
                        <posy>0</posy>
                        <width>270</width>
                        <height min="5" max="170">auto</height>
                        <bordersize>-18</bordersize>
                        <texture border="8">borderNF.png</texture>
                        <visible>ListItem.IsSelected</visible>
                    </control>
                    <control type="image">
                        <posx>0</posx>
                        <posy>0</posy>
                        <width>260</width>
                        <height min="5" max="147">auto</height>
                        <texture background="true">$INFO[ListItem.Art(thumb)]</texture>
                        <aspectratio aligny="top">keep</aspectratio>
                    </control>
                </itemlayout>
                <focusedlayout height="360" width="373">
                    <control type="image">
                        <posx>0</posx>
                        <posy>0</posy>
                        <width>270</width>
                        <height min="5" max="80">auto</height>
                        <bordersize>0</bordersize>
                        <texture border="8">borderFO.png</texture>
                        <visible>ListItem.IsSelected</visible>
                    </control>
                    <control type="image">
                        <posx>0</posx>
                        <posy>0</posy>
                        <width>360</width>
                        <height min="5" max="140">auto</height>
                        <texture background="true">$INFO[ListItem.Art(thumb)]</texture>
                        <aspectratio aligny="top">keep</aspectratio>
                    </control>
                </focusedlayout>
            </control>   
            <control description="SideInfo" type="grouplist">
                <posx>60</posx>
                <posy>220</posy>
                <itemgap>20</itemgap>
                <orientation>vertical</orientation>
				 <control description="Title Label" type="label">
                    <posx>0</posx>
                    <posy>0</posy>
                    <width>360</width>      
                    <height>30</height>
                    <fadetime>500</fadetime>
                    <aligny>center</aligny>
                    <align>center</align>
                    <textcolor>FFFFFFFF</textcolor>
                    <shadowcolor>ff000000</shadowcolor>
                    <wrapmultiline>False</wrapmultiline>
                    <label>$INFO[Container(500).ListItem.Label]</label>
                </control>
                <control description="FanArt" type="multiimage">
                    <posx>40</posx>
                    <posy>0</posy>
                    <width>310</width>      
                    <height>180</height>
                    <fadetime>500</fadetime>
                    <imagepath background="true">$INFO[Container(500).ListItem.Property(Fanart_Image)]</imagepath>
                    <aspectratio aligny="top">keep</aspectratio>
                </control>
            </control>
            <control type="image">
                <texture flipy="true">fade.png</texture>
                <posx>0</posx>
                <posy>298</posy>
                <width>1920</width>
                <height>100</height>
                <animation effect="fade" end="100" time="360">WindowOpen</animation>
                <animation effect="fade" start="100" end="0" time="250">WindowClose</animation>
            </control>
            <control type="image">
                <texture>fade.png</texture>
                <posx>0</posx>
                <posy>980</posy>
                <width>1920</width>
                <height>100</height>
                <animation effect="fade" end="100" time="360">WindowOpen</animation>
                <animation effect="fade" start="100" end="0" time="250">WindowClose</animation>
            </control>
        </control>
    </controls>
</window>
