<?xml version="1.0" encoding="UTF-8"?>
<window>
    <allowoverlay>no</allowoverlay>
    <zorder>1</zorder>
    <!-- Set artwork -->
    <onload>SetProperty(OVERLAY.type1,landscape,10000)</onload>
    <onload>SetProperty(OVERLAY.type2,poster,10000)</onload>
    <onload>SetProperty(OVERLAY.type3,logo,10000)</onload>
    <onload>SetProperty(OVERLAY.type4,clearlogo,10000)</onload>
    <onload>SetProperty(OVERLAY.ONNOW_TYPE,landscape,10000)</onload>
    <onload>SetProperty(EPG.type1,landscape,10000)</onload>
    <onload>SetProperty(EPG.type2,poster,10000)</onload>
    <onload>SetProperty(EPG.type3,landscape,10000)</onload>
    <!-- Set EPG props -->
    <onload>SetProperty(EPG.rowCount,6,10000)</onload>
    <onload>SetProperty(EPG.shadowColor,0xff000000,10000)</onload>
    <onload>SetProperty(EPG.focused_textColor,0xFFFFFFFF,10000)</onload>
    <onload>SetProperty(EPG.textColor,0xFFFFFFFF,10000)</onload>
    <onload>SetProperty(EPG.textFont,font12_Title,10000)</onload>
    <!-- Overlay controls -->
    <controls>   
        <control type="image" id="203">
            <description>Corner Channel Bug</description>
            <posx>250</posx>
            <posy>58</posy>
            <width>150</width>
            <height>150</height>
            <aspectratio>keep</aspectratio>
            <texture>NA.png</texture>
            <animation effect="fade" start="25" end="25" condition="True">Conditional</animation>
        <visible>!Control.IsVisible(101)</visible>
		</control>
        <control type="group" id="102">            
            <posx>0</posx>
            <posy>0</posy>             
            <animation effect="fade" start="0" end="100" time="300" condition="Control.IsVisible(102)">Conditional</animation>
            <visible>Player.HasVideo + !Window.IsActive(videoosd)</visible> 
           <control type="image" id="1">
				<left>-20</left>
				<top>-150</top>
				<width>1920</width>
				<height>256</height>
				<texture flipy="true" border="1">HomeNowPlayingBack.png</texture>
			</control>
            <control type="group" id="104">       
                <posx>0</posx>
                <posy>0</posy>        
                <control type="grouplist">
                    <posx>630</posx>
                    <posy>787</posy>
                    <itemgap>5</itemgap>
                    <orientation>horizontal</orientation>
                    <control type="label">
                        <width>336</width>
                        <height>75</height>
                        <description>StarOver Label</description>
                        <label>/ To Start Over | Press</label>
                        <font>font12</font>
                        <align>right</align>
                        <aligny>center</aligny>
                        <textcolor>FFFFFFFF</textcolor>
                        <shadowcolor>ff000000</shadowcolor>
                    </control>
                    <control type="image">
                        <width>30</width>
                        <height>78</height>
                        <description>StarOver SEL image</description> 
                        <align>left</align>
                        <aligny>bottom</aligny>
                        <aspectratio>keep</aspectratio>
                        <texture>sel.png</texture>
                        <animation effect="fade" start="95" end="95" condition="True">Conditional</animation>
                    </control>
                </control>   
            </control>                
            <control type="image">
                <description>isManaged Art</description>   
                <posx>345</posx>
                <posy>120r</posy>         
                <width>32</width>
                <height>32</height>
                <aspectratio>keep</aspectratio>
                <visible>false</visible>
                <texture>$INFO[Window(10000).Property(OVERLAY.Managed)]</texture>
            </control> 
            <control type="image">
                <description>isNew Art</description>         
                <posx>35</posx>
                <posy>280r</posy>  
                <width>50</width>
                <height>50</height>
                <aspectratio>keep</aspectratio>
                <visible>false</visible>
                <texture>$INFO[Window(10000).Property(OVERLAY.isNew)]</texture>
            </control>
			 <control type="label">
			   <posx>510</posx>
            <posy>810</posy>
                    <description>now watching</description>
                    <width min="5" max="1100">auto</width>
                    <height>30</height>
                    <font>font12</font>
                    <textcolor>ffffffff</textcolor>
                    <shadowcolor>ff000000</shadowcolor>
                    <scroll>true</scroll>
                    <align>left</align>
                    <aligny>center</aligny>
                    <wrapmultiline>false</wrapmultiline>
                    <scrollspeed>40</scrollspeed>
                    <scrollsuffix> - </scrollsuffix>
                    <label>$INFO[Window(10000).Property(OVERLAY.DYNAMIC_LABEL)]</label>
                </control>
				
		<!-- media infos -->
		<control type="group" id="1">
			<animation effect="fade" time="150">VisibleChange</animation>
			<control type="image" id="1">
				<left>0</left>
				<top>-150</top>
				<width>2920</width>
				<height>356</height>
				<texture flipy="true" border="1">HomeNowPlayingBack.png</texture>
			</control>
			<control type="label" id="1">
				<description>Clock label</description>
				<left>1100</left>
				<top>5</top>
				<width>800</width>
				<height>25</height>
				<align>right</align>
				<aligny>center</aligny>
				<font>font13</font>
				<textcolor>white</textcolor>
				<shadowcolor>black</shadowcolor>
				<label>$INFO[System.Time]</label>
				<animation effect="slide" start="0,0" end="-30,0" time="0" condition="">conditional</animation>
				<animation effect="slide" start="0,0" end="-70,0" time="0" condition="">conditional</animation>
			</control>
			<control type="image" id="1">
				<left>0</left>
				<top>230r</top>
				<width>2950</width>
				<height>230</height>
				<texture border="1">HomeNowPlayingBack.png</texture>
			</control>
			<control type="label" id="1">
					<description>Studio label</description>
					<left>520</left>
					<top>860</top>
					<width>1310</width>
					<height>25</height>
					<align>left</align>
					<font>font12</font>
					<label>$INFO[VideoPlayer.Studio]</label>
					<textcolor>grey2</textcolor>
					<shadowcolor>black</shadowcolor>
					<visible>VideoPlayer.Content(Movies)</visible>
				</control>
			<control type="image" id="1">
				<depth>DepthOSDPopout</depth>
				<description>Movie cover image</description>
				<left>30</left>
				<top>520r</top>
				<width>450</width>
				<height>480</height>
				<texture fallback="">$INFO[Window(10000).Property(OVERLAY.poster)]</texture>
				<aspectratio aligny="bottom">keep</aspectratio>
				<bordertexture border="8">ThumbShadow.png</bordertexture>
				<bordersize>8</bordersize>
				<visible></visible>
			</control>
			<control type="group" id="1">
				<left>520</left>
				<top>255r</top>
				<control type="label" id="1">
					<description>Studio label</description>
					<left>10</left>
					<top>35</top>
					<width>910</width>
					<height>25</height>
					<align>left</align>
					<font>font12</font>
					<label>$INFO[Window(10000).Property(OVERLAY.SEtitle)]</label>
					<textcolor>grey2</textcolor>
					<shadowcolor>black</shadowcolor>
					<visible>!VideoPlayer.Content(Movies)</visible>
				</control>
				<control type="grouplist" id="1">
					<left>10</left>
					<top>80</top>
					<width>1310</width>
					<height>45</height>
					<itemgap>5</itemgap>
					<orientation>horizontal</orientation>
					<control type="label" id="1">
						<width min="10" max="820">auto</width>
						<height>30</height>
						<font>font30</font>
						<align>left</align>
						<aligny>center</aligny>
						<label>$INFO[Window(10000).Property(OVERLAY.Title)]</label>
						<textcolor>orange</textcolor>
						<scroll>true</scroll>
					</control>
					<control type="image" id="1">
						<description>Video Resolution Image</description>
						<width>90</width>
						<height>45</height>
						<aspectratio align="center">keep</aspectratio>
						<texture>$INFO[VideoPlayer.VideoResolution,flags/video/,.png]</texture>
					</control>
					<control type="image" id="1">
						<description>ADSP Master Mode Image</description>
						<width>125</width>
						<height>45</height>
						<aspectratio align="right">keep</aspectratio>
						<visible>![IsEmpty(ADSP.MasterOwnIcon) | Player.ChannelPreviewActive]</visible>
						<texture>$INFO[ADSP.MasterOwnIcon]</texture>
					</control>
					<control type="image" id="1">
						<description>Audio Codec Image</description>
						<width>125</width>
						<height>45</height>
						<aspectratio align="center">keep</aspectratio>
						<visible>IsEmpty(ADSP.MasterOverrideIcon) + !Player.ChannelPreviewActive</visible>
						<texture>$INFO[VideoPlayer.AudioCodec,flags/audio/,.png]</texture>
					</control>
					<control type="image" id="1">
						<description>ADSP Audio Codec Override Image</description>
						<width>125</width>
						<height>45</height>
						<aspectratio align="right">keep</aspectratio>
						<visible>![IsEmpty(ADSP.MasterOverrideIcon) | Player.ChannelPreviewActive]</visible>
						<texture>$INFO[ADSP.MasterOverrideIcon]</texture>
					</control>
					<control type="image" id="1">
						<description>Audio Channels Image</description>
						<width>90</width>
						<height>45</height>
						<aspectratio align="center">keep</aspectratio>
						<texture>$INFO[VideoPlayer.AudioChannels,flags/audio/,.png]</texture>
						<visible>!Player.ChannelPreviewActive</visible>
					</control>
					<control type="group" id="1">
						<width>125</width>
						<height>45</height>
						<visible>![IsEmpty(VideoPlayer.AudioLanguage) | Player.ChannelPreviewActive]</visible>
						<control type="image" id="1">
							<left>5</left>
							<top>0</top>
							<description>Audio Language Image</description>
							<width>90</width>
							<height>45</height>
							<texture>flags/AudioLang.png</texture>
						</control>
						<control type="label" id="1">
							<left>38</left>
							<top>2</top>
							<width>57</width>
							<height>45</height>
							<font>font13</font>
							<align>left</align>
							<label>$INFO[VideoPlayer.AudioLanguage]</label>
							<textcolor>grey</textcolor>
						</control>
					</control>
					<control type="group" id="1">
						<width>95</width>
						<height>45</height>
						<visible>![IsEmpty(VideoPlayer.SubtitlesLanguage) | Player.ChannelPreviewActive]</visible>
						<control type="image" id="1">
							<left>5</left>
							<top>0</top>
							<width>90</width>
							<height>45</height>
							<texture>flags/SubLang.png</texture>
						</control>
						<control type="label" id="1">
							<left>38</left>
							<top>2</top>
							<width>57</width>
							<height>45</height>
							<font>font13</font>
							<align>left</align>
							<label>$INFO[VideoPlayer.SubtitlesLanguage]</label>
							<textcolor>grey</textcolor>
						</control>
					</control>
				</control>
				<control type="label" id="1">
					<left>100</left>
					<top>170</top>
					<width>910</width>
					<height>25</height>
					<label>$LOCALIZE[31049] $INFO[Player.FinishTime]</label>
					<align>center</align>
					<aligny>center</aligny>
					<font>font12</font>
					<textcolor>grey</textcolor>
					<scroll>true</scroll>
					<visible>!Window.IsVisible(VideoOSD) + !VideoPlayer.Content(LiveTV)</visible>
					<animation effect="fade" time="150">VisibleChange</animation>
				</control>
			</control>
			<control type="group" id="1">
				<left>500</left>
				<top>125r</top>
				<control type="label" id="1">
					<left>0</left>
					<top>0</top>
					<width>160</width>
					<height>40</height>
					<font>font13</font>
					<align>left</align>
					<aligny>center</aligny>
					<label>$INFO[Player.Time(hh:mm:ss)]</label>
				</control>
		
				<control type="progress" id="1">
					<description>ProgressbarCache</description>
					<left>130</left>
					<top>15</top>
					<width>1080</width>
					<height>16</height>
					<info>Player.ProgressCache</info>
					<midtexture border="6,0,6,0">OSDProgressMidLight.png</midtexture>
					<visible>!Player.ChannelPreviewActive</visible>
				</control>
				<control type="progress" id="1">
					<description>Progressbar</description>
					<left>130</left>
					<top>15</top>
					<width>1080</width>
					<height>16</height>
					<info>Player.Progress</info>
				</control>
				<control type="label" id="1">
					<left>1220</left>
					<top>0</top>
					<width>160</width>
					<height>40</height>
					<font>font13</font>
					<align>right</align>
					<aligny>center</aligny>
					<label>$INFO[Player.Duration(hh:mm:ss)]</label>
				</control>
			</control>
		</control>
		 
            <control type="grouplist">
                <posx>525</posx>
                <posy>770</posy>
                <width min="953" max="998">auto</width>
                <orientation>vertical</orientation>
                <itemgap>34</itemgap>
                <control type="group"> 
                    <visible></visible>
                    <control type="progress">
                        <posx>0</posx>
                        <posy>0</posy> 
                        <width>1400</width>
                        <height>4</height>
                        <texturebg>seek/progress_back.png</texturebg>
                        <lefttexture border="0">seek/progresscache_left.png</lefttexture>
                        <midtexture border="0">seek/progresscache_mid.png</midtexture>
                        <righttexture border="0">seek/progresscache_right.png</righttexture>
                        <align>center</align>
                        <aligny>center</aligny>
                        <info>Player.ProgressCache</info>
                        <visible>false</visible>
                    </control>
                    <control type="progress" id="5007">
                        <posx>0</posx>
                        <posy>0</posy> 
                        <width>1400</width>
                        <height>4</height>
                        <texturebg>seek/progresscache_back.png</texturebg>
                        <lefttexture border="0">seek/progress_left.png</lefttexture>
                        <midtexture border="0">seek/progress_mid.png</midtexture>
                        <righttexture border="0">seek/progress_right.png</righttexture>
                        <align>center</align>
                        <aligny>center</aligny>
                        <info>Player.Progress</info>
						 <visible>false</visible>
                    </control> 
                </control>  
               
            </control> 
        </control> 
        <!-- MOREINFO -->
        <control type="group" id="222">
			<control type="image">
			<left>0</left>
			<top>190r</top>
			<width>1920</width>
			<height>240</height>
			<texture>floor.png</texture>
			<animation effect="fade" time="250" condition="Window.Previous(Home)">WindowOpen</animation>
			<animation effect="fade" time="250" condition="Window.Next(Home)">WindowClose</animation>
		</control>
            <control type="image">
			<left>20</left>
			<top>400</top>
                <description>MoreInfo Overlay</description>
                <width>1500</width>
                <height>580</height>
                <texture>ContentPanel.png</texture>
                <animation effect="slide" start="0,-1080" end="0,1080" time="500">VisibleChange</animation>
            </control>
			 <control type="image">
			<left>1550</left>
			<top>400</top>
                <description>MoreInfo Overlay</description>
                <width>350</width>
                <height>580</height>
                <texture>ContentPanel.png</texture>
                <animation effect="slide" start="0,-1080" end="0,1080" time="500">VisibleChange</animation>
            </control>
            <control type="grouplist">
                <description>Context buttons</description>
                <posx>1610</posx>
                <posy>600</posy>
                <width>250</width>
                <orientation>vertical</orientation>
                <itemgap>5</itemgap>
                <control type="button" id="1012">
                    <description>More Info</description>
                    <width>250</width>
                    <height>72</height>
                    <label></label>
                    <align>center</align>
                    <aligny>center</aligny>
                    <font>font12_Title</font>
                    <textcolor>FFFFFFFF</textcolor>
                    <texturefocus>pstvlButtonFocus.png</texturefocus>
                    <texturenofocus>pstvlButtonNoFocus.png</texturenofocus>
                    <onup>1015</onup>
                    <ondown>1013</ondown>
                    <visible>!IsEmpty(Control.GetLabel(1012))</visible>
                </control>
                <control type="button" id="1013">
                    <description>Find Similar</description>
                    <width>250</width>
                    <height>72</height>
                    <label></label>
                    <align>center</align>
                    <aligny>center</aligny>
                    <font>font12_Title</font>
                    <textcolor>FFFFFFFF</textcolor>
                    <texturefocus>pstvlButtonFocus.png</texturefocus>
                    <texturenofocus>pstvlButtonNoFocus.png</texturenofocus>
                    <onup>1012</onup>
                    <ondown>1014</ondown>
                    <visible>!IsEmpty(Control.GetLabel(1013))</visible>
                </control>
                <control type="button" id="1014">
                    <description>Record Show</description>
                    <width>250</width>
                    <height>72</height>
                    <label></label>
                    <align>center</align>
                    <aligny>center</aligny>
                    <font>font12_Title</font>
                    <textcolor>FFFFFFFF</textcolor>
                    <texturefocus>pstvlButtonFocus.png</texturefocus>
                    <texturenofocus>pstvlButtonNoFocus.png</texturenofocus>
                    <onup>1013</onup>
                    <ondown>1015</ondown>
                    <visible>!IsEmpty(Control.GetLabel(1014))</visible>
                </control>
                <control type="button" id="1015">
                    <description>Set Reminder</description>
                    <width>250</width>
                    <height>72</height>
                    <label></label>
                    <align>center</align>
                    <aligny>center</aligny>
                    <font>font12_Title</font>
                    <textcolor>FFFFFFFF</textcolor>
                    <texturefocus>pstvlButtonFocus.png</texturefocus>
                    <texturenofocus>pstvlButtonNoFocus.png</texturenofocus>
                    <onup>1014</onup>
                    <ondown>1012</ondown>
                    <visible>!IsEmpty(Control.GetLabel(1014))</visible>
                </control>
            </control>
			<control type="image">
                <description>Dynamic artwork - MoreInfo</description>
                <posx>1520</posx>
                <posy>420</posy>  
                <width>400</width> 
                <height min="50" max="100">auto</height>
                <align>left</align>
                <aligny>center</aligny>
                <aspectratio>keep</aspectratio>
                <texture fallback="">$INFO[Window(10000).Property(OVERLAY.logo)]</texture>
                <animation effect="fade" start="95" end="95" condition="True">Conditional</animation>
            </control>  
            <control type="image">
                <description>Dynamic artwork - MoreInfo</description>
                <posx>40</posx>
                <posy>415</posy>  
                <width>350</width> 
                <height>545</height>
              <aspectratio align="center" aligny="center" scalediffuse="false">stretch</aspectratio>
			<texture diffuse="video_diffuse.png"></texture>
                <texture fallback="">$INFO[Window(10000).Property(OVERLAY.poster)]</texture>
                <animation effect="fade" start="95" end="95" condition="True">Conditional</animation>
            </control>  
            <control type="image">
                <description>isManaged Art</description>   
                <posx>345</posx>
                <posy>120r</posy>         
                <width>32</width>
                <height>32</height>
                <aspectratio>keep</aspectratio>
				<visible>false</visible>
                <texture>$INFO[Window(10000).Property(OVERLAY.Managed)]</texture>
            </control>             
            <control type="image">
                <description>Unaired "NEW" image</description>         
                <posx>65</posx>
                <posy>485r</posy>  
                <width>50</width>
                <height>50</height>
                <aspectratio>keep</aspectratio>
				<visible>false</visible>
                <texture>$INFO[Window(10000).Property(OVERLAY.isNew)]</texture>
            </control>
            <control type="grouplist">
                <posx>500</posx>
                <posy>420</posy>
                <width>1800</width>
                <orientation>horizontal</orientation>
                <itemgap>5</itemgap>
                <control type="label">
                    <description>Show Title Label</description>
                    <width min="5" max="800">auto</width>
                    <height>30</height>
                    <font>font24_Title</font>
                    <textcolor>blue</textcolor>
                    <shadowcolor>ff000000</shadowcolor>
                    <scroll>true</scroll>
                    <align>center</align>
                    <aligny>center</aligny>
                    <wrapmultiline>false</wrapmultiline>
                    <scrollspeed>40</scrollspeed>
                    <scrollsuffix> - </scrollsuffix>
                    <label>$INFO[Window(10000).Property(OVERLAY.Title)]</label>
                </control>
            </control>
			 <control type="grouplist">
                    <posx>260</posx>
                    <posy>450</posy>
                    <width>500</width>
                    <orientation>vertical</orientation>
                    <itemgap>18</itemgap>
                    <control type="label" id="517">
                        <description>Seekbar start+offset time</description>
                        <posx>0</posx>
                        <posy>0</posy>
                        <width>550</width>
                        <height>30</height>
                        <fadetime>250</fadetime>
                        <textcolor>FFFFFFFF</textcolor>
                        <shadowcolor>ff000000</shadowcolor>
                        <font>font12</font>
                        <align>left</align>
                        <aligny>center</aligny>
                        <label fallback="">[B]$INFO[System.Time, Time: ] $INFO[Player.StartTime, Started: ][/B]</label>
                        <visible>False</visible>
                    </control>
                    <control type="label" id="516">
                        <description>Seekbar Elapsed Time Button</description>
                        <posx>0</posx>
                        <posy>0</posy>
                        <width>550</width>
                        <height>30</height>
                        <fadetime>250</fadetime>
                        <textcolor>FFFFFFFF</textcolor>
                        <shadowcolor>ff000000</shadowcolor>
                        <font>font12</font>
                        <align>left</align>
                        <aligny>center</aligny>
                        <label>[B]$INFO[Player.Time][/B]</label>
                        <visible>False</visible>
                        <!-- <visible>Player.HasDuration</visible> -->
                    </control>
                    <control type="label" id="516">
                        <description>Seekbar Elapsed Time Button</description>
                        <posx>0</posx>
                        <posy>0</posy>
                        <width>550</width>
                        <height>30</height>
                        <fadetime>250</fadetime>
                        <textcolor>FFFFFFFF</textcolor>
                        <shadowcolor>ff000000</shadowcolor>
                        <font>font12</font>
                        <align>center</align>
                        <aligny>center</aligny>
                        <label>$INFO[Player.Time]</label>
						<visible>False</visible>
                    </control> 
					 <control type="label" id="516">
                        <description>Seekbar Elapsed Time Button</description>
                        <posx>0</posx>
                        <posy>0</posy>
                        <width>550</width>
                        <height>30</height>
                        <fadetime>250</fadetime>
                        <textcolor>FFFFFFFF</textcolor>
                        <shadowcolor>ff000000</shadowcolor>
                        <font>font12</font>
                        <align>center</align>
                        <aligny>center</aligny>
                        <label> [B]$INFO[Player.TimeRemaining,[COLOR=FF00B4DB]   Remaining:   [/COLOR] ][/B]</label>
                        <visible>false</visible>
                    </control>
                   
                </control> 
			<control type="grouplist">  
                    <posx>450</posx>
                    <posy>480</posy> 
                    <orientation>vertical</orientation>
					<itemgap>16</itemgap>
					 <control type="label">
                        <description>Show Info</description>
                        <posx>0</posx>
                        <posy>0</posy> 
                        <width>550</width>
                        <height>30</height>
                        <align>left</align>
                        <aligny>bottom</aligny>
                        <wrapmultiline>true</wrapmultiline>
                        <textcolor>FFFFFFFF</textcolor>
                        <shadowcolor>ff000000</shadowcolor>
                        <font>font13</font>
                        <label>$INFO[Window(10000).Property(OVERLAY.Genre)]</label>
                    </control>
					 <control type="label">
                        <description>Show Info</description>
                        <posx>0</posx>
                        <posy>0</posy> 
                        <width>550</width>
                        <height>30</height>
                        <align>left</align>
                        <aligny>bottom</aligny>
                        <wrapmultiline>true</wrapmultiline>
                        <textcolor>FFFFFFFF</textcolor>
                        <shadowcolor>ff000000</shadowcolor>
                        <font>font13</font>
                        <label>$INFO[Window(10000).Property(OVERLAY.Year)]</label>
                    </control>
					 <control type="label">"
                        <description>Seekbar time</description>
                        <posx>0</posx>
                        <posy>0</posy>
                        <width>550</width>
                        <height>30</height>
                        <fadetime>250</fadetime>
                        <textcolor>FFFFFFFF</textcolor>
                        <shadowcolor>ff000000</shadowcolor>
                        <font>font13</font>
                        <align>left</align>
                        <aligny>bottom</aligny>
                        <label>$INFO[Player.Duration]</label>
                    </control> 
					<control type="fadelabel">
					<left>0</left>
					<top>0</top>
					<width>400</width>
					<height>30</height>
					<font>font13</font>
					<textcolor>white</textcolor>
					<shadowcolor>black</shadowcolor>
					<scroll>true</scroll>
					<align>left</align>
					<aligny>bottom</aligny>
					<label>$LOCALIZE[563] : $INFO[VideoPlayer.RatingAndVotes]</label>
					<scrollout>false</scrollout>
					<pauseatend>2000</pauseatend>
				</control>					
                </control>
				<control type="label">
                        <description>Show Info</description>
                        <posx>1000</posx>
                        <posy>480</posy> 
                        <width>550</width>
                        <height>30</height>
                        <align>left</align>
                        <aligny>bottom</aligny>
                        <textcolor>blue</textcolor>
                        <shadowcolor>ff000000</shadowcolor>
                        <font>font12_Title</font>
                        <label>Director</label>
                    </control>
				<control type="label">
                        <description>Show Info</description>
                        <posx>1000</posx>
                        <posy>510</posy> 
                        <width>550</width>
                        <height>30</height>
                        <align>left</align>
                        <aligny>bottom</aligny>
                        <textcolor>FFFFFFFF</textcolor>
                        <shadowcolor>ff000000</shadowcolor>
                        <font>font13</font>
                        <label>$INFO[VideoPlayer.Director]</label>
                    </control>
					<control type="label">
                        <description>Show Info</description>
                        <posx>1000</posx>
                        <posy>590</posy> 
                        <width>350</width>
                        <height>30</height>
                        <align>left</align>
                        <aligny>bottom</aligny>
                        <textcolor>blue</textcolor>
                        <shadowcolor>ff000000</shadowcolor>
                        <font>font12_Title</font>
                        <label>Writer</label>
                    </control>
					<control type="label">
                        <description>Show Info</description>
                        <posx>1000</posx>
                        <posy>630</posy> 
                        <width>350</width>
                        <height>30</height>
                        <align>left</align>
                        <aligny>bottom</aligny>
						<scroll>true</scroll>
                        <textcolor>FFFFFFFF</textcolor>
                        <shadowcolor>ff000000</shadowcolor>
                        <font>font13</font>
                        <label>$INFO[VideoPlayer.Writer]</label>
                    </control>
			 <control type="textbox">
                    <description>Show Description</description>
                    <posx>410</posx>
                    <posy>720</posy>
                    <width>1080</width>
                    <height>160</height>
                    <align>justify</align>
					<scroll>true</scroll>
                    <textcolor>ffffffff</textcolor>
					<shadowcolor>ff000000</shadowcolor>
                    <font>font13</font>
                    <label>$INFO[Window(10000).Property(OVERLAY.Description)]</label>
					<autoscroll time="2000" delay="3000" repeat="5000"></autoscroll>
                </control>
            <control type="grouplist">
                <posx>430</posx>
                <posy>910</posy>
                <width>1500</width>
                <orientation>vertical</orientation>
                <itemgap>32</itemgap>
                <control type="grouplist">
                    <posx>0</posx>
                    <posy>0</posy>
                    <width>1100</width>
                    <orientation>horizontal</orientation>
                    <itemgap>34</itemgap>
					 <control type="image">
                        <width>100</width>
                        <height>50</height>
                        <align>left</align>
                        <aligny>bottom</aligny>
                        <aspectratio>keep</aspectratio>
                        <texture colordiffuse="">$INFO[VideoPlayer.VideoCodec,flags/video/,.png]</texture>
                    </control>
                    <control type="image">
                        <width>100</width>
                        <height>50</height>
                        <align>left</align>
                        <aligny>bottom</aligny>
                        <aspectratio>keep</aspectratio>
                        <texture colordiffuse="ffffffff">$INFO[VideoPlayer.VideoResolution,flags/video/,.png]</texture>
                    </control>
                    <control type="image">
                        <width>100</width>
                        <height>50</height>
                        <align>left</align>
                        <aligny>bottom</aligny>
                        <aspectratio>keep</aspectratio>
                        <texture colordiffuse="ffffffff">$INFO[VideoPlayer.VideoAspect,flags/aspectratio/,.png]</texture>
                    </control>
                    <control type="image">
                        <width>100</width>
                        <height>50</height>
                        <align>left</align>
                        <aligny>bottom</aligny>
                        <aspectratio>keep</aspectratio>
                        <texture colordiffuse="ffffffff">$INFO[VideoPlayer.AudioCodec,flags/audio/,.png]</texture>
                    </control>
                    <control type="image">
                        <width>100</width>
                        <height>50</height>
                        <align>left</align>
                        <aligny>bottom</aligny>
                        <aspectratio>keep</aspectratio>
                        <texture colordiffuse="ffffffff">$INFO[VideoPlayer.AudioChannels,flags/audio/,.png]</texture>
                    </control>
                    <control type="group" id="1">
						<width>95</width>
						<height>45</height>
						<control type="image" id="1">
							<left>5</left>
							<top>0</top>
							<description>Audio Language Image</description>
							<width>90</width>
							<height>45</height>
							<texture>flags/AudioLang.png</texture>
						</control>
						<control type="label" id="1">
							<left>38</left>
							<top>2</top>
							<width>57</width>
							<height>45</height>
							<font>font13</font>
							<align>left</align>
							<label>$INFO[VideoPlayer.AudioLanguage]</label>
							<textcolor>grey</textcolor>
						</control>
					</control>
					<control type="group" id="1">
						<width>95</width>
						<height>45</height>
						<control type="image" id="1">
							<left>5</left>
							<top>0</top>
							<width>90</width>
							<height>45</height>
							<texture>flags/SubLang.png</texture>
						</control>
						<control type="label" id="1">
							<left>38</left>
							<top>2</top>
							<width>57</width>
							<height>55</height>
							<font>font13</font>
							<align>left</align>
							<label>$INFO[VideoPlayer.SubtitlesLanguage]</label>
							<textcolor>grey</textcolor>
						</control>
					</control>
                </control>
            </control> 
            </control>
			 <control type="group" id="7000"> 
            <posx>0</posx>
            <posy>0</posy>
            <control type="image">
                <description>Background Image</description>
                <width>1920</width>
                <height>1080</height>
                <texture>pstvlBackground.png</texture>
                <animation effect="fade" start="75" end="75" condition="True">Conditional</animation>
                <align>center</align>
                <aligny>center</aligny>
                <visible>Control.IsVisible(7000)</visible>
            </control>
            <control type="group">
                <description>Sleep/Idle/Reminder Prompt</description>
                <width>1920</width>
                <height>1080</height>
                <orientation>vertical</orientation>
                <itemgap>40</itemgap> 
                <visible>Control.IsVisible(7000)</visible>           
                <control type="label"> 
                    <posx>0</posx>
                    <posy>700</posy>
                    <width>1980</width>
                    <height min="40" max="80">auto</height>
                    <font>font30</font>
                    <aligny>center</aligny>
                    <align>center</align>
                    <scroll>True</scroll>
                    <textcolor>C0C0C0C0</textcolor>
                    <shadowcolor>ff000000</shadowcolor>
                    <visible>Control.IsVisible(7000)</visible>
                    <label>$INFO[Window(10000).Property(PTVL.IDLE_LABEL)]</label>
                </control>
                <control type="button" id="7001">
                    <description>Cancel</description>
                    <posx>720</posx>
                    <posy>800</posy>
                    <width>500</width>
                    <height>72</height>
                    <label></label>
                    <align>center</align>
                    <aligny>center</aligny>
                    <font>font12</font>
                    <textcolor>FFFFFFFF</textcolor>
                    <shadowcolor>ff000000</shadowcolor>
                    <texturefocus>pstvlButtonFocus.png</texturefocus>
                    <texturenofocus>pstvlButtonNoFocusAlt.png</texturenofocus>
                    <onup>7002</onup>
                    <ondown>7002</ondown>
                    <visible>Control.IsVisible(7000)</visible>
                </control>
                <control type="button" id="7002">
                    <description>Sleep/Switch</description>
                    <posx>720</posx>
                    <posy>912</posy>
                    <width>500</width>
                    <height>72</height>
                    <label></label>
                    <align>center</align>
                    <aligny>center</aligny>
                    <font>font12</font>
                    <textcolor>FFFFFFFF</textcolor>
                    <shadowcolor>ff000000</shadowcolor>
                    <texturefocus>pstvlButtonFocus.png</texturefocus>
                    <texturenofocus>pstvlButtonNoFocusAlt.png</texturenofocus>
                    <onup>7001</onup>
                    <ondown>7001</ondown>
                    <visible>Control.IsVisible(7000)</visible>
                </control>
            </control>
        </control>
            <control type="group" id="120">
                <posx>1350</posx>
                <posy>600</posy>
                <control type="image">
                <animation type="Visible">
                    <effect type="slide" start="285" end="0" time="200"/>
                </animation>
                <animation type="Hidden">
                    <effect type="slide" start="0" end="-285" time="200" />
                </animation> 
                    <description> Coming Up Next Popup</description>
                    <width>500</width>
                    <height>340</height>
                    <texture>pstvlPopupWindow.png</texture>
                </control>
                <control type="group">       
                    <control type="image">
                        <description>Coming Up artwork</description>
						<posx>55</posx>
						<posy>105</posy>
						<width>375</width>
						<height>223</height>
						<align>center</align>
						<aspectratio>keep</aspectratio>
                        <texture fallback="">$INFO[Window(10000).Property(OVERLAY.NEXT.landscape)]</texture>
                        <animation effect="fade" start="95" end="95" condition="True">Conditional</animation>
                    </control>
                    <control type="label" >
               <description>NOTIFICATION TITLE</description>
               <posx>83</posx>
               <posy>490</posy>
               <width>750</width>
               <height>30</height>               
               <font>font12</font>
               <align>left</align>
			   <label>Coming Up Next:</label>
               <textcolor>FFFFFFFF</textcolor>
            </control>
			 <control type="image">
                        <description>Coming Up line</description>
						<posx>1383</posx>
						<posy>800</posy>
						<width>275</width>
						<height>6</height>
						<align>center</align>
						<aspectratio>keep</aspectratio>
                        <texture fallback="">line.png</texture>
                    </control>
            <control type="label" >
               <description>NOTIFICATION SHOW</description>
               <posx>1383</posx>
               <posy>835</posy>
               <width>750</width>
               <height>30</height>               
               <font>font12</font>
               <align>left</align>
			   <label>[B]$INFO[Window(10000).Property(OVERLAY.NEXT.Title)][/B]</label>
               <textcolor>FFFFFFFF</textcolor>
            </control>
            <control type="label">
               <description>NOTIFICATION EPISODE</description>
               <posx>1383</posx>
               <posy>870</posy>
               <width>750</width>
               <height>30</height>               
               <font>font12</font>
               <align>left</align>
			   <label>[B]$INFO[Window(10000).Property(OVERLAY.NEXT.SEtitle)][/B]</label>
               <textcolor>FFFFFFFF</textcolor>
            </control>         
                </control>
            </control>
        <control type="group" id="119">
		<animation effect="slide" start="0,0" end="250,0" time="300" tween="quadratic" easing="out" condition="">Conditional</animation>
		<animation effect="slide" start="0,0" end="-300,0" time="300" tween="quadratic" easing="out" condition="">WindowClose</animation>
		<animation effect="slide" start="0,0" end="-50,0" time="225" tween="quadratic" easing="out" condition="">WindowClose</animation>
		<animation effect="slide" start="-50,0" end="0,0" time="225" tween="quadratic" easing="out">WindowOpen</animation>
            <description>Sidebar Menu</description>
            <control type="image">
                <description>Background Image</description>
                <width>250</width>
                <height>1080</height>
                <texture border="0,0,10,0">pstvlMenuWindow.png</texture>
                <visible>Control.IsVisible(119)</visible>
            </control>
            <control type="image" id="130">
                <description>Background Image</description>
                <width>720</width>
                <height>1080</height>
                <texture>pstvlMenuWindowAlt.png</texture>
                <animation effect="slide" end="0,0" time="500">VisibleChange</animation>
                <animation effect="slide" end="0,0" time="50">VisibleChange</animation>
            </control>   
            <control type="image">
                <description>Sidebar - Logo</description>
                <posx>17</posx>
                <posy>5</posy>
                <width>225</width>
                <height>180</height>
                <aspectratio>keep</aspectratio>
                <align>center</align>
                <aligny>center</aligny>
                <visible>Control.IsVisible(119)</visible>
                <texture>logo.png</texture>
            </control>      
            <control type="image">
                <description>Onnow Art</description>
                <posx>310</posx>
                <posy>15</posy>
                <width>360</width>      
                <height>180</height>
              <aspectratio align="center" aligny="center" scalediffuse="false">stretch</aspectratio>
			<texture diffuse="video_diffuse.png"></texture>
                <visible>Control.IsVisible(130)</visible>
                <texture fallback="landscape.jpg">$INFO[Window(10000).Property(OVERLAY.ONNOW_ART)]</texture>
                <animation effect="fade" start="95" end="95" condition="True">Conditional</animation>
            </control>
            <control type="label" id="132">
                <description>Onnow Controls</description>
                <posx>295</posx>
                <posy>216</posy>
                <width>391</width>
                <height>947</height>
                <label>260</label>
                <visible>false</visible>
            </control>
            <control type="grouplist">
                <posx>7</posx>
                <posy>200</posy>
                <width>395</width>
                <orientation>vertical</orientation>
                <itemgap>1</itemgap>
                <control type="button" id="1000">
                    <width>225</width>
                    <height>72</height>
                    <label></label>
                    <align>center</align>
                    <aligny>center</aligny>
                    <font>font12_Title</font>
                    <textcolor>FFFFFFFF</textcolor>
                    <texturefocus>pstvlButtonFocus.png</texturefocus>
                    <onup>1011</onup>
                    <ondown>1001</ondown>
                    <visible>!IsEmpty(Control.GetLabel(1000))</visible>
                </control>
                <control type="button" id="1001">
                    <width>225</width>
                    <height>72</height>
                    <label></label>
                    <align>center</align>
                    <aligny>center</aligny>
                    <font>font12_Title</font>
                    <textcolor>FFFFFFFF</textcolor>
                    <texturefocus>pstvlButtonFocus.png</texturefocus>
                    <onup>1000</onup>
                    <ondown>1002</ondown>
                    <visible>!IsEmpty(Control.GetLabel(1001))</visible>
                </control>
                <control type="button" id="1002">
                    <width>225</width>
                    <height>72</height>
                    <label></label>
                    <align>center</align>
                    <aligny>center</aligny>
                    <font>font12_Title</font>
                    <textcolor>FFFFFFFF</textcolor>
                    <texturefocus>pstvlButtonFocus.png</texturefocus>
                    <onup>1001</onup>
                    <ondown>1003</ondown>
                    <visible>!IsEmpty(Control.GetLabel(1002))</visible>
                </control>
                <control type="button" id="1003">
                    <width>225</width>
                    <height>72</height>
                    <label></label>
                    <align>center</align>
                    <aligny>center</aligny>
                    <font>font12_Title</font>
                    <textcolor>FFFFFFFF</textcolor>
                    <texturefocus>pstvlButtonFocus.png</texturefocus>
                    <onup>1002</onup>
                    <ondown>1004</ondown>
                    <visible>!IsEmpty(Control.GetLabel(1003))</visible>
                </control>
                <control type="button" id="1004">
                    <width>225</width>
                    <height>72</height>
                    <label></label>
                    <align>center</align>
                    <aligny>center</aligny>
                    <font>font12_Title</font>
                    <textcolor>FFFFFFFF</textcolor>
                    <texturefocus>pstvlButtonFocus.png</texturefocus>
                    <onup>1003</onup>
                    <ondown>1005</ondown>
                    <visible>!IsEmpty(Control.GetLabel(1004))</visible>
                </control>
                <control type="button" id="1005">
                    <width>225</width>
                    <height>72</height>
                    <label></label>
                    <align>center</align>
                    <aligny>center</aligny>
                    <font>font12_Title</font>
                    <textcolor>FFFFFFFF</textcolor>
                    <texturefocus>pstvlButtonFocus.png</texturefocus>
                    <onup>1004</onup>
                    <ondown>1006</ondown>
                    <visible>!IsEmpty(Control.GetLabel(1005))</visible>
                </control>
                <control type="button" id="1006">
                    <width>225</width>
                    <height>72</height>
                    <label></label>
                    <align>center</align>
                    <aligny>center</aligny>
                    <font>font12_Title</font>
                    <textcolor>FFFFFFFF</textcolor>
                    <texturefocus>pstvlButtonFocus.png</texturefocus>
                    <onup>1005</onup>
                    <ondown>1007</ondown>
                    <visible>!IsEmpty(Control.GetLabel(1006))</visible>
                </control>
                <control type="button" id="1007">
                    <width>225</width>
                    <height>72</height>
                    <label></label>
                    <align>center</align>
                    <aligny>center</aligny>
                    <font>font12_Title</font>
                    <textcolor>FFFFFFFF</textcolor>
                    <texturefocus>pstvlButtonFocus.png</texturefocus>
                    <onup>1006</onup>
                    <ondown>1008</ondown>
                    <visible>!IsEmpty(Control.GetLabel(1007))</visible>
                </control>
                <control type="button" id="1008">
                    <width>225</width>
                    <height>72</height>
                    <label></label>
                    <align>center</align>
                    <aligny>center</aligny>
                    <font>font12_Title</font>
                    <textcolor>FFFFFFFF</textcolor>
                    <texturefocus>pstvlButtonFocus.png</texturefocus>
                    <onup>1007</onup>
                    <ondown>1009</ondown>
                    <visible>!IsEmpty(Control.GetLabel(1008))</visible>
                </control>
                <control type="button" id="1009">
                    <width>225</width>
                    <height>72</height>
                    <label></label>
                    <align>center</align>
                    <aligny>center</aligny>
                    <font>font12_Title</font>
                    <textcolor>FFFFFFFF</textcolor>
                    <texturefocus>pstvlButtonFocus.png</texturefocus>
                    <onup>1008</onup>
                    <ondown>1010</ondown>
                    <visible>!IsEmpty(Control.GetLabel(1009))</visible>
                </control>
                <control type="button" id="1010">
                    <width>225</width>
                    <height>72</height>
                    <label></label>
                    <align>center</align>
                    <aligny>center</aligny>
                    <font>font12_Title</font>
                    <textcolor>FFFFFFFF</textcolor>
                    <texturefocus>pstvlButtonFocus.png</texturefocus>
                    <onup>1009</onup>
                    <ondown>1011</ondown>
                    <visible>!IsEmpty(Control.GetLabel(1010))</visible>
                </control>
                <control type="button" id="1011">
                    <width>225</width>
                    <height>72</height>
                    <label></label>
                    <align>center</align>
                    <aligny>center</aligny>
                    <font>font12_Title</font>
                    <textcolor>FFFFFFFF</textcolor>
                    <texturefocus>pstvlButtonFocus.png</texturefocus>
                    <onup>1010</onup>
                    <ondown>1000</ondown>
                    <visible>!IsEmpty(Control.GetLabel(1010))</visible>
                </control>
            </control>
        </control>
        <control type="group" id="101">    
            <visible></visible>
            <control type="image">
                <description>Loading Background Image</description>
                <width>1920</width>
                <height>1080</height>
                <texture>pstvlBackground.png</texture>
                <align>center</align>
                <aligny>center</aligny>
            </control>
            <control type="image">
                <description>Loading Background Logo</description>
                <posx>725</posx>
                <posy>225</posy>
                <width>480</width>
                <height>270</height>
                <aspectratio>keep</aspectratio>
                <align>center</align>
                <aligny>center</aligny>
                <texture fallback="logo.png">$INFO[Window(10000).Property(OVERLAY.LOGOART)]</texture>
                <animation effect="fade" start="95" end="95" condition="True">Conditional</animation>
            </control>
            <control type="label">
                <description>Loading Background Text</description>
                <width>1920</width>
                <height>1080</height>
                <font>font30</font>
                <align>center</align>
                <aligny>center</aligny>
                <label>$INFO[Window(10000).Property(OVERLAY.BACKGROUND_TEXT)]</label>
            </control>  
        </control>
    </controls>     
</window>
