<?xml version="1.0" encoding="utf-8"?>
<window>
    <allowoverlay>no</allowoverlay>  
    <!-- <onload condition="StringCompare((Window(10000).Property(PTVL.VideoWindow)),true)">ActivateWindow(9506)</onload> -->
    <onload condition="StringCompare((Window(10000).Property(PTVL.VideoWindow)),true)">ActivateWindow(10006)</onload><!-- Activate random window, workaround for 9506 starting paused -->
    <onunload>ActivateWindow(12005)</onunload>
    <onload>SetProperty(PTVL.APPS_Opened,true,10000)</onload>
    <onunload>SetProperty(PTVL.APPS_Opened,false,10000)</onunload>
    <zorder>1</zorder>
    <coordinates>
        <system>1</system>
        <posx>0</posx>
        <posy>0</posy>
    </coordinates>
    <controls>
        <control type="image">
            <description>EPG Background</description>
            <posx>-20</posx>
            <posy>-20</posy>
            <width>1980</width>
            <height>1280</height>
            <texture>230.png</texture>
            <colordiffuse>FFFFFFFF</colordiffuse>
        </control> 
		 <control type="image">
            <description>EPG Background</description>
            <posx>340</posx>
            <posy>-100</posy>
            <width>1640</width>
            <height>1440</height>
            <texture>210.png</texture>
            <colordiffuse>FFFFFFFF</colordiffuse>
        </control> 
		 <control type="image">
            <description>EPG Background</description>
            <posx>-10</posx>
            <posy>-100</posy>
            <width>405</width>
            <height>1340</height>
            <texture>210.png</texture>
            <colordiffuse>FFFFFFFF</colordiffuse>
        </control> 
            <!-- Now watching label --> 
     
			 <control type="image">
            <description>video window overlay</description>
            <posx>5</posx>
            <posy>55</posy>
            <width>375</width>
            <height>230</height>
            <texture>video2.png</texture>
            <colordiffuse>FFFFFFFF</colordiffuse>
        </control> 
		 <control type="image">
            <description> overlay</description>
            <posx>385</posx>
            <posy>5</posy>
            <width>1550</width>
            <height>280</height>
            <texture>video2.png</texture>
            <colordiffuse>FFFFFFFF</colordiffuse>
        </control> 
        <!-- VideoWindow Box --> 
            <!-- #### Skinners Include Everything for videowindow patch to work #### -->
            <!-- PATCH START -->
            <control type="videowindow">
                <description>video</description>
				 <posx>10</posx>
            <posy>60</posy>
                <width>360</width>      
                <height>220</height>
                <visible>true</visible>
            </control>
            <!-- PATCH END -->
            <!-- ################################################################## -->
			  <control type="label">
			   	<posx>80</posx>
				<posy>10</posy>
                <width>480</width>      
                <height>24</height>
                <font>font13_Title</font>
                <textcolor>ff000000</textcolor>
                <align>left</align>
                <scroll>true</scroll>
                <scrollspeed>40</scrollspeed>
                <label>Now Watching:</label>
                <aligny>left</aligny>
            </control>
       <control type="button" id="6001">
			<posx>14</posx>
			<posy>312</posy>
            <width>359</width>       
            <height>64</height>
            <font>font13_Title</font>
            <textcolor>ff000000</textcolor>
            <align>center</align>
            <label>TV Guide</label>
            <aligny>left</aligny>
			<texturenofocus>NA.png</texturenofocus>
            <texturefocus>EPGbuttonFocus.png</texturefocus>
        </control>
		<control type="image">
            <description> overlay</description>
            <posx>10</posx>
            <posy>310</posy>
            <width>370</width>
            <height>70</height>
            <texture>video2.png</texture>
            <colordiffuse>FFFFFFFF</colordiffuse>
        </control>
		<control type="image">
            <description>EPG Background</description>
			<posx>0</posx>
            <posy>310</posy>
            <width>100</width>
            <height>70</height>
            <texture>epg1.png</texture>
            <colordiffuse>FFFFFFFF</colordiffuse>
        </control>
		 <control type="image">
            <description> overlay</description>
            <posx>10</posx>
            <posy>445</posy>
            <width>370</width>
            <height>70</height>
            <texture>video2.png</texture>
            <colordiffuse>FFFFFFFF</colordiffuse>
        </control>
		 <control type="image">
            <description>DVR  Background</description>
			<posx>30</posx>
            <posy>460</posy>
            <width>40</width>
            <height>40</height>
            <texture>record.png</texture>
            <colordiffuse>FFFFFFFF</colordiffuse>
        </control>
		<control type="button" id="6002">
			   	<posx>14</posx>
				<posy>447</posy>
                <width>359</width>       
                <height>64</height>
                <font>font13_Title</font>
                <textcolor>ff000000</textcolor>
                <align>center</align>
                <label>Recordings</label>
                <aligny>left</aligny>
				<texturenofocus>NA.png</texturenofocus>
                <texturefocus>EPGbuttonFocus.png</texturefocus>
		</control>
			<control type="image">
            <description> overlay</description>
            <posx>10</posx>
            <posy>585</posy>
            <width>370</width>
            <height>70</height>
            <texture>video2.png</texture>
            <colordiffuse>FFFFFFFF</colordiffuse>
        </control>
		<control type="button" id="6003">
			   	<posx>14</posx>
				<posy>588</posy>
                <width>359</width>       
                <height>64</height>
                <font>font13_Title</font>
                <textcolor>ff000000</textcolor>
                <align>center</align>
                <label>On Demand</label>
				<texturenofocus>NA.png</texturenofocus>
                <texturefocus>EPGbuttonFocus.png</texturefocus>
                <aligny>left</aligny>
            </control>
		 <control type="image">
            <description>on demand Background</description>
			<posx>30</posx>
            <posy>600</posy>
            <width>50</width>
            <height>40</height>
            <texture>library.png</texture>
            <colordiffuse>FFFFFFFF</colordiffuse>
        </control>
		
			 <control type="image">
            <description> overlay</description>
            <posx>10</posx>
            <posy>725</posy>
            <width>370</width>
            <height>70</height>
            <texture>video2.png</texture>
            <colordiffuse>FFFFFFFF</colordiffuse>
        </control>
		 <control type="button" id="6004">
			   	<posx>14</posx>
				<posy>728</posy>
                <width>359</width>       
                <height>64</height>
                <font>font13_Title</font>
                <textcolor>ff000000</textcolor>
                <align>center</align>
                <label>Applications</label>
				<texturenofocus>NA.png</texturenofocus>
                <texturefocus>EPGbuttonFocus.png</texturefocus>
                <aligny>left</aligny>
            </control>
			<control type="image">
            <description>apps Background</description>
			<posx>10</posx>
            <posy>725</posy>
            <width>100</width>
            <height>70</height>
            <texture>apps.png</texture>
            <colordiffuse>FFFFFFFF</colordiffuse>
        </control>
		 <control type="image">
            <description> overlay</description>
            <posx>10</posx>
            <posy>850</posy>
            <width>370</width>
            <height>70</height>
            <texture>video2.png</texture>
            <colordiffuse>FFFFFFFF</colordiffuse>
        </control>
		<control type="image">
            <description>Temperature</description>
			<posx>50</posx>
            <posy>865</posy>
            <width>40</width>
            <height>40</height>
            <texture>temp.png</texture>
            <colordiffuse>FFFFFFFF</colordiffuse>
        </control>
		  <control type="image" id="800">
            <posx>250</posx>
            <posy>850</posy>
            <width>60</width>
            <height>60</height>
            <aspectratio align="center">keep</aspectratio>
            <info>Window(weather).Property(Current.ConditionIcon)</info>
			<visible>true</visible>
        </control>
        <control type="label">
            <description>Weather</description>
            <posx>125</posx>
            <posy>865</posy>
            <width min="40" max="100">auto</width>
            <height>30</height>
            <label>$INFO[Window(weather).Property(Current.Temperature)] $INFO[System.TemperatureUnits]</label>
            <font>font12_Title</font>
            <align>center</align>
            <textcolor>ff000000</textcolor>
			<visible>true</visible>
        </control>
		 <control type="image">
            <description> overlay</description>
            <posx>10</posx>
            <posy>1000</posy>
            <width>370</width>
            <height>70</height>
            <texture>video2.png</texture>
            <colordiffuse>FFFFFFFF</colordiffuse>
        </control>
			<control type="image">
            <description>clock</description>
			<posx>50</posx>
            <posy>1010</posy>
            <width>40</width>
            <height>40</height>
            <texture>clock.png</texture>
            <colordiffuse>FFFFFFFF</colordiffuse>
        </control>
		
		  <control type="label">                  
            <description>Time</description>     
            <posx>50</posx>                   
            <posy>1010</posy>                    
            <width>300</width>                  
            <height>60</height>                 
            <label>$INFO[System.Time]</label>   
            <font>font30_Title</font>           
            <align>center</align>               
            <textcolor>ff000000</textcolor>     
        </control>
		  <!-- todo -->
       	<control type ="group">
			<visible>VideoPlayer.Content(episodes)</visible>
			<control type="image">
				<posx>1460</posx>
				<posy>35</posy>
				<width>360</width>
				<height>220</height>
				<texture background="true">$INFO[Player.FolderPath]../clearart.png</texture>
				<aspectratio align="right" aligny="center">keep</aspectratio>
			</control>		
		</control>	
		<control type ="group">
			<visible>VideoPlayer.Content(movies)</visible>
			<control type="image">
				<posx>1460</posx>
				<posy>35</posy>
				<width>360</width>
				<height>220</height>
				<texture background="true">$INFO[Player.FolderPath]clearart.png</texture>
				<aspectratio align="right" aligny="center">keep</aspectratio>
			</control>		
		</control>
			 <control type="label">
			   	<posx>80</posx>
				<posy>10</posy>
                <width>480</width>      
                <height>24</height>
                <font>font13_Title</font>
                <textcolor>ff000000</textcolor>
                <align>left</align>
                <scroll>true</scroll>
                <scrollspeed>40</scrollspeed>
                <label>Now Watching:</label>
                <aligny>left</aligny>
            </control>
        <!-- Top Line -->
		   <control type="image">
            <description>EPG Background</description>
			<posx>400</posx>
            <posy>60</posy>
            <width>1060</width>
            <height>1</height>
            <texture>pstvlButtonNoFocus.png</texture>
            <colordiffuse>FFFFFFFF</colordiffuse>
        </control>
			 <control type="label">
			 <visible>VideoPlayer.Content(movies)</visible>
			   	<posx>420</posx>
				<posy>60</posy>
                <width>980</width>       
                <height>24</height>
                <font>font12_Title</font>
                <textcolor>ff8a2be2</textcolor>
                <align>center</align>
                <label>$INFO[VideoPlayer.Tagline,","]</label>
                <aligny>left</aligny>
            </control>
			 <control type="label">
			 <visible>VideoPlayer.Content(episodes)</visible>
			  <posx>780</posx>
            <posy>60</posy>
                <width>980</width>       
                <height>24</height>
                <font>font12_Title</font>
                <textcolor>ff8a2be2</textcolor>
                <align>left</align>
                <label>$INFO[VideoPlayer.Title,","]</label>
                <aligny>left</aligny>
            </control>
			  <control type="label">
			   	<posx>400</posx>
				<posy>20</posy>
                <width>1000</width>       
                <height>24</height>
                <font>font24_Title</font>
                <textcolor>ff000000</textcolor>
                <align>center</align>
                <label>$INFO[Window(10000).Property(OVERLAY.Title)]</label>
                <aligny>center</aligny>
            </control>
			 <control type="textbox">
   	<posx>400</posx>
            	<posy>100</posy>
            	<width>1000</width>
            	<height>140</height>
            	<align>center</align>
            	<aligny>bottom</aligny>
     <font>font12_Title</font>
     <textcolor>ff000000</textcolor>
                 <label>$INFO[Window(10000).Property(OVERLAY.Description)]</label>
     <autoscroll time="4000" delay="4000" repeat="8000">True</autoscroll>
 </control>
			
      
             
      
     
        <!--line 2 -->
        <control type="grouplist">
            <posx>400</posx>
            <posy>250</posy>
            <width>1060</width>
            <orientation>vertical</orientation>
            <itemgap>4</itemgap>
           <control type="image">
                <description>Seekbar Line</description>
                <width>1400</width>
                <height>14</height>
                <texture>seek/progress_mid.png</texture>
                <align>center</align>
                <aligny>center</aligny>
                <visible>!Control.IsVisible(515)</visible>
            </control>
            <control type="group" id="515">  
                <control type="progress">
                    <posx>0</posx>
                    <posy>0</posy>
                    <width>1060</width>
                    <height>14</height>
                    <texturebg>seek/progress_back.png</texturebg>
                    <lefttexture border="0">seek/progresscache_left.png</lefttexture>
                    <midtexture border="0">seek/progresscache_mid.png</midtexture>
                    <righttexture border="0">seek/progresscache_right.png</righttexture>
                    <align>center</align>
                    <aligny>center</aligny>
                    <info>Player.ProgressCache</info>
                </control>
                <control type="progress">
                    <posx>0</posx>
                    <posy>0</posy>
                    <width>1060</width>
                    <height>14</height>
                    <texturebg>seek/progresscache_back.png</texturebg>
                    <lefttexture border="0">seek/progress_left.png</lefttexture>
                    <midtexture border="0">seek/progress_mid.png</midtexture>
                    <righttexture border="0">seek/progress_right.png</righttexture>
                    <align>center</align>
                    <aligny>center</aligny>
                    <info>Player.Progress</info>
                </control> 
            </control>  
            <control type="label">
                <description>Show Description</description>
                <width>1400</width>
                <height>90</height>
                <align>left</align>
                <aligny>bottom</aligny>
                <wrapmultiline>true</wrapmultiline>
                <textcolor>FFFFFFFF</textcolor>
                <shadowcolor>ff000000</shadowcolor>
                <label>$INFO[Window(10000).Property(Playing.Description)]</label>
                <font>font12</font>
            </control> 
        </control>  
        <!-- Panel -->
        <control type="group">
            <posy>0</posy>
            <animation type="WindowOpen" reversible="false">
                <effect type="zoom" start="80" end="100" center="960,540" delay="500" tween="back" time="240" />
                <effect type="fade" delay="500" end="100" time="240" />
            </animation>
            <animation type="WindowClose" reversible="false">
                <effect type="zoom" start="100" end="80" center="960,540" easing="in" tween="back" time="240" />
                <effect type="fade" start="100" end="0" time="240" />
            </animation>
            <control description="Panel" id="500" type="panel">
                <viewtype label="Panel">Panel</viewtype>   
                <posx>925</posx>
                <posy>300</posy> 
                <width>992</width>
                <height>700</height>
                <orientation>vertical</orientation>
                <onleft>655</onleft>
                <onright>655</onright>
                <onup>655</onup>
                <ondown>655</ondown>
                <preloaditems>4</preloaditems>
                <pagecontrol>60</pagecontrol>
                <itemlayout height="260" width="273">
                    <control type="image">
                        <posx>0</posx>
                        <posy>0</posy>
                        <width>270</width>
                        <height min="5" max="370">auto</height>
                        <bordersize>-18</bordersize>
                        <texture border="8">folder-focus.png</texture>
                        <visible>ListItem.IsSelected</visible>
                    </control>
                    <control type="image">
                        <posx>0</posx>
                        <posy>0</posy>
                        <width>260</width>
                        <height min="5" max="347">auto</height>
                        <texture background="true">$INFO[ListItem.Art(thumb)]</texture>
                        <aspectratio aligny="top">keep</aspectratio>
                    </control>
                </itemlayout>
                <focusedlayout height="260" width="273">
                    <control type="image">
                        <posx>0</posx>
                        <posy>0</posy>
                        <width>270</width>
                        <height min="5" max="370">auto</height>
                        <bordersize>-18</bordersize>
                        <texture border="8">folder-focus.png</texture>
                        <visible>ListItem.IsSelected</visible>
                    </control>
                    <control type="image">
                        <posx>0</posx>
                        <posy>0</posy>
                        <width>260</width>
                        <height min="5" max="347">auto</height>
                        <texture background="true">$INFO[ListItem.Art(thumb)]</texture>
                        <aspectratio aligny="top">keep</aspectratio>
                    </control>
                </focusedlayout>
            </control>   
            <control description="SideInfo" type="grouplist">
                <posx>430</posx>
                <posy>340</posy>
                <itemgap>10</itemgap>
                <orientation>vertical</orientation>
                <control description="FanArt" type="multiimage">
                    <posx>0</posx>
                    <posy>0</posy>
                    <width>360</width>      
                    <height>180</height>
                    <fadetime>500</fadetime>
                    <imagepath background="true">$INFO[Container(500).ListItem.Property(Fanart_Image)]</imagepath>
                    <aspectratio aligny="top">keep</aspectratio>
                </control>
                <control description="Title Label" type="label">
                    <posx>30</posx>
                    <posy>0</posy>
                    <width>360</width>      
                    <height>30</height>
                    <fadetime>500</fadetime>
                    <aligny>center</aligny>
                    <align>center</align>
					<font>font12_Title</font>
                    <textcolor>ff000000</textcolor>
                    <wrapmultiline>False</wrapmultiline>
                    <label>$INFO[Container(500).ListItem.Label]</label>
                </control>
            </control>
            <control type="image">
                <texture flipy="true">fade.png</texture>
                <posx>0</posx>
                <posy>298</posy>
                <width>1920</width>
                <height>100</height>
                <animation effect="fade" end="100" time="360">WindowOpen</animation>
                <animation effect="fade" start="100" end="0" time="250">WindowClose</animation>
            </control>
            <control type="image">
                <texture>fade.png</texture>
                <posx>0</posx>
                <posy>980</posy>
                <width>1920</width>
                <height>100</height>
                <animation effect="fade" end="100" time="360">WindowOpen</animation>
                <animation effect="fade" start="100" end="0" time="250">WindowClose</animation>
            </control>
        </control>
    </controls>
</window>
