<window>
    <allowoverlay>no</allowoverlay>   
    <!-- <onload condition="StringCompare((Window(10000).Property(PTVL.VideoWindow)),true)">ActivateWindow(9506)</onload> -->
    <onload condition="StringCompare((Window(10000).Property(PTVL.VideoWindow)),true)">ActivateWindow(10004)</onload><!-- Activate random window, workaround for 9506 starting paused -->
    <onload>SetProperty(PTVL.EPG_Opened,true,10000)</onload>
    <onunload>SetProperty(PTVL.EPG_Opened,false,10000)</onunload>    
    <onunload>ActivateWindow(12005)</onunload>
    <!-- <onload condition="System.HasAddon(script.tv.show.next.aired)">RunScript(script.tv.show.next.aired,backend=True)</onload> -->
    <zorder>1</zorder>
    <coordinates>
        <system>1</system>
        <posx>0</posx>
        <posy>0</posy>
    </coordinates>
    <animation effect="fade" time="5">WindowOpen</animation>
    <!-- <animation effect="fade" time="5">WindowClose</animation> -->
    <controls>
        <control type="group">  
            <posx>-20</posx>
            <posy>-20</posy>
            <control type="image">
                <width>1980</width>
                <height>1280</height>
                <description>EPG Background</description>
                <texture>230.png</texture>
                <colordiffuse>FFFFFFFF</colordiffuse>
            </control>
			 <control type="image">
            <description>EPG Background</description>
            <posx>360</posx>
            <posy>-100</posy>
            <width>1640</width>
            <height>1440</height>
            <texture>210.png</texture>
            <colordiffuse>FFFFFFFF</colordiffuse>
        </control> 
		 <control type="image">
            <description>EPG Background</description>
            <posx>-10</posx>
            <posy>-100</posy>
            <width>425</width>
            <height>1340</height>
            <texture>210.png</texture>
            <colordiffuse>FFFFFFFF</colordiffuse>
        </control> 
        </control>  
             <!-- Now watching label --> 
     
			 <control type="image">
            <description>video window overlay</description>
            <posx>5</posx>
            <posy>55</posy>
            <width>375</width>
            <height>230</height>
            <texture>video2.png</texture>
            <colordiffuse>FFFFFFFF</colordiffuse>
        </control> 
		 <control type="image">
            <description>video window overlay</description>
            <posx>380</posx>
            <posy>780</posy>
            <width>1555</width>
            <height>300</height>
            <texture>video2.png</texture>
            <colordiffuse>FFFFFFFF</colordiffuse>
        </control> 
            <control type="videowindow">
                <description>VideoWindow Box Art</description>
				<posx>10</posx>
				<posy>60</posy>
                <width>360</width>      
                <height>220</height>
                <align>center</align>
                <aligny>center</aligny>
                <aspectratio>keep</aspectratio>
                <visible>StringCompare((Window(10000).Property(PTVL.VideoWindow)),true)</visible>
            </control>
			 <control type="label">
			   	<posx>80</posx>
				<posy>10</posy>
                <width>480</width>      
                <height>24</height>
                <font>font13_Title</font>
                <textcolor>ff000000</textcolor>
                <align>left</align>
                <scroll>true</scroll>
                <scrollspeed>40</scrollspeed>
                <label>Now Watching:</label>
                <aligny>left</aligny>
            </control>
         <!-- todo -->
       	<control type ="group">
			<visible>VideoPlayer.Content(episodes)</visible>
			<control type="image">
				<posx>1460</posx>
				<posy>35</posy>
				<width>360</width>
				<height>220</height>
				<texture background="true">$INFO[Player.FolderPath]../clearart.png</texture>
				<aspectratio align="right" aligny="center">keep</aspectratio>
			</control>		
		</control>	
		<control type ="group">
			<visible>VideoPlayer.Content(movies)</visible>
			<control type="image">
				<posx>1460</posx>
				<posy>35</posy>
				<width>360</width>
				<height>220</height>
				<texture background="true">$INFO[Player.FolderPath]clearart.png</texture>
				<aspectratio align="right" aligny="center">keep</aspectratio>
			</control>		
		</control>
		   <!-- Top Line -->
		   <control type="image">
            <description>EPG Background</description>
			<posx>400</posx>
            <posy>60</posy>
            <width>1060</width>
            <height>1</height>
            <texture>211.png</texture>
            <colordiffuse>FFFFFFFF</colordiffuse>
        </control>
			 <control type="label">
			 <visible>VideoPlayer.Content(movies)</visible>
			   	<posx>420</posx>
				<posy>60</posy>
                <width>980</width>       
                <height>24</height>
                <font>font12_Title</font>
                <textcolor>ff8a2be2</textcolor>
                <align>center</align>
                <label>$INFO[VideoPlayer.Tagline,","]</label>
                <aligny>left</aligny>
            </control>
			 <control type="label">
			 <visible>VideoPlayer.Content(episodes)</visible>
			  <posx>780</posx>
            <posy>60</posy>
                <width>980</width>       
                <height>24</height>
                <font>font12_Title</font>
                <textcolor>ff8a2be2</textcolor>
                <align>left</align>
                <label>$INFO[VideoPlayer.Title,","]</label>
                <aligny>left</aligny>
            </control>
			  <control type="label">
			   	<posx>400</posx>
				<posy>20</posy>
                <width>1000</width>       
                <height>24</height>
                <font>font24_Title</font>
                <textcolor>ff000000</textcolor>
                <align>center</align>
                <label>$INFO[Window(10000).Property(OVERLAY.Title)]</label>
                <aligny>center</aligny>
            </control>
			 <control type="textbox">
   	<posx>400</posx>
            	<posy>100</posy>
            	<width>1000</width>
            	<height>140</height>
            	<align>center</align>
            	<aligny>bottom</aligny>
     <font>font12_Title</font>
     <textcolor>ff000000</textcolor>
                 <label>$INFO[Window(10000).Property(OVERLAY.Description)]</label>
     <autoscroll time="4000" delay="4000" repeat="8000">True</autoscroll>
 </control>
  <control type="label">
			   	<posx>60</posx>
				<posy>320</posy>
                <width>300</width>       
                <height>50</height>
                <font>font13_Title</font>
                <textcolor>ff000000</textcolor>
                <align>center</align>
                <label>TV Guide</label>
                <aligny>left</aligny>
            </control>
			 <control type="image">
            <description> overlay</description>
            <posx>10</posx>
            <posy>310</posy>
            <width>370</width>
            <height>70</height>
            <texture>video2.png</texture>
            <colordiffuse>FFFFFFFF</colordiffuse>
        </control>
		 
		  <control type="image">
            <description>EPG Background</description>
			<posx>0</posx>
            <posy>310</posy>
            <width>100</width>
            <height>70</height>
            <texture>epg1.png</texture>
            <colordiffuse>FFFFFFFF</colordiffuse>
        </control>
		 <control type="image">
            <description> overlay</description>
            <posx>10</posx>
            <posy>445</posy>
            <width>370</width>
            <height>70</height>
            <texture>video2.png</texture>
            <colordiffuse>FFFFFFFF</colordiffuse>
        </control>
		 <control type="image">
            <description>DVR  Background</description>
			<posx>30</posx>
            <posy>460</posy>
            <width>40</width>
            <height>40</height>
            <texture>record.png</texture>
            <colordiffuse>FFFFFFFF</colordiffuse>
        </control>
		 <control type="label">
			   	<posx>120</posx>
				<posy>455</posy>
                <width>200</width>       
                <height>50</height>
                <font>font13_Title</font>
                <textcolor>ff000000</textcolor>
                <align>center</align>
                <label>Recordings</label>
                <aligny>left</aligny>
            </control>
		
		
		
		 <control type="image">
            <description> overlay</description>
            <posx>10</posx>
            <posy>585</posy>
            <width>370</width>
            <height>70</height>
            <texture>video2.png</texture>
            <colordiffuse>FFFFFFFF</colordiffuse>
        </control>
		 <control type="label">
			   	<posx>120</posx>
				<posy>595</posy>
                <width>200</width>       
                <height>50</height>
                <font>font13_Title</font>
                <textcolor>ff000000</textcolor>
                <align>center</align>
                <label>On Demand</label>
                <aligny>left</aligny>
            </control>
		 <control type="image">
            <description>on demand Background</description>
			<posx>30</posx>
            <posy>600</posy>
            <width>50</width>
            <height>40</height>
            <texture>library.png</texture>
            <colordiffuse>FFFFFFFF</colordiffuse>
        </control>
		
			 <control type="image">
            <description> overlay</description>
            <posx>10</posx>
            <posy>725</posy>
            <width>370</width>
            <height>70</height>
            <texture>video2.png</texture>
            <colordiffuse>FFFFFFFF</colordiffuse>
        </control>
		 <control type="label">
			   	<posx>120</posx>
				<posy>735</posy>
                <width>200</width>       
                <height>50</height>
                <font>font13_Title</font>
                <textcolor>ff000000</textcolor>
                <align>center</align>
                <label>Applications</label>
                <aligny>left</aligny>
            </control>
			<control type="image">
            <description>apps Background</description>
			<posx>10</posx>
            <posy>725</posy>
            <width>100</width>
            <height>70</height>
            <texture>apps.png</texture>
            <colordiffuse>FFFFFFFF</colordiffuse>
        </control>
		 <control type="image">
            <description> overlay</description>
            <posx>10</posx>
            <posy>850</posy>
            <width>370</width>
            <height>70</height>
            <texture>video2.png</texture>
            <colordiffuse>FFFFFFFF</colordiffuse>
        </control>
		<control type="image">
            <description>Temperature</description>
			<posx>50</posx>
            <posy>865</posy>
            <width>40</width>
            <height>40</height>
            <texture>temp.png</texture>
            <colordiffuse>FFFFFFFF</colordiffuse>
        </control>
		 <control type="image">
         <posx>250</posx>
         <posy>850</posy>
         <width>60</width>
         <height>60</height>
         <aspectratio>keep</aspectratio>
         <texture>$INFO[Weather.FanartCode,weather/,.png]</texture>
      </control>
        <control type="label">
            <description>Weather</description>
            <posx>125</posx>
            <posy>865</posy>
            <width min="40" max="100">auto</width>
            <height>30</height>
            <label>$INFO[Window(weather).Property(Current.Temperature)] $INFO[System.TemperatureUnits]</label>
            <font>font12_Title</font>
            <align>center</align>
            <textcolor>ff000000</textcolor>
			<visible>true</visible>
        </control>
		 <control type="image">
            <description> overlay</description>
            <posx>10</posx>
            <posy>1000</posy>
            <width>370</width>
            <height>70</height>
            <texture>video2.png</texture>
            <colordiffuse>FFFFFFFF</colordiffuse>
        </control>
			<control type="image">
            <description>clock</description>
			<posx>50</posx>
            <posy>1010</posy>
            <width>40</width>
            <height>40</height>
            <texture>clock.png</texture>
            <colordiffuse>FFFFFFFF</colordiffuse>
        </control>
		
		  <control type="label">                  
            <description>Time</description>     
            <posx>50</posx>                   
            <posy>1010</posy>                    
            <width>300</width>                  
            <height>60</height>                 
            <label>$INFO[System.Time]</label>   
            <font>font24_Title</font>           
            <align>center</align>               
            <textcolor>ff000000</textcolor>     
        </control> 
		  <control type="image">                  
            <description>Times Overlay</description>
            <posx>395</posx>                      
            <posy>285</posy>                    
            <width>1520</width>                  
            <height>43</height>                 
            <colordiffuse>FFFFFFFF</colordiffuse>
            <texture>2.png</texture>
        </control>     
      
        <!--Date-->
        <control type="label" id="5001">
            <description>Date Label</description>
            <posx>330</posx>
            <posy>290</posy>
            <width min="162" max="400">auto</width>
            <height>38</height>
            <align>center</align>
            <aligny>center</aligny>
            <label>Current Date</label>
            <font>font12</font>
            <textcolor>FFFFFFFF</textcolor>
            <shadowcolor>ff000000</shadowcolor>
        </control>
        <control type="image" id="5002">
            <description>Left Arrow</description>
            <posx>680</posx>
            <posy>290</posy>
            <width>10</width>
            <height>38</height>
            <aspectratio align="center">keep</aspectratio>
            <colordiffuse>FFFFFFFF</colordiffuse>
            <texture>left.png</texture>
			<visible>false</visible>
        </control> 
        <!--Time Bar 1/3-->
        <control type="label" id="101">
            <description>Time Left Label</description>
            <posx>740</posx>
            <posy>290</posy>
            <width min="155" max="400">auto</width>
            <height>38</height>
            <label>Time 1</label>
            <font>font12</font>
            <align>left</align>
            <aligny>center</aligny>
            <textcolor>FFFFFFFF</textcolor>
            <shadowcolor>ff000000</shadowcolor>
        </control>
        <!--Time Bar 2/3-->
        <control type="label" id="102">
            <description>Time Middle Label</description>
            <posx>1230</posx>
            <posy>290</posy>
            <width min="150" max="400">auto</width>
            <height>38</height>
            <label>Time 2</label>
            <font>font12</font>
            <align>left</align>
            <aligny>center</aligny>
            <textcolor>FFFFFFFF</textcolor>
                <shadowcolor>ff000000</shadowcolor>
        </control>
        <!--Time Bar 3/3-->
        <control type="label" id="103">
            <description>Time Right Label</description>
            <posx>1720</posx>
            <posy>290</posy>
            <width min="150" max="400">auto</width>
            <height>38</height>
            <label>Time 3</label>
            <font>font12</font>
            <align>left</align>
            <aligny>center</aligny>
            <textcolor>FFFFFFFF</textcolor>
            <shadowcolor>ff000000</shadowcolor>
        </control>
        <control type="image" id="5003">
            <description>Right Arrow</description>
            <posx>1850</posx>
            <posy>290</posy>
            <width>10</width>
            <height>38</height>
            <aspectratio align="center">keep</aspectratio>
            <colordiffuse>C0C0C0C0</colordiffuse>
            <texture>right.png</texture> 
			<visible>false</visible>
        </control>
		<!--Dark Column-->  
		  <control type="image">                  
            <description>Channel Overlay</description>
            <posx>395</posx>                      
            <posy>330</posy>                     
            <width>280</width>                  
            <height>70</height>                 
            <colordiffuse>FFFFFFFF</colordiffuse>
            <texture>2.png</texture>
        </control>                              
        <control type="image">                  
            <description>Channel Overlay</description>
            <posx>395</posx>                      
            <posy>405</posy>                    
            <width>280</width>                  
            <height>70</height>                 
            <colordiffuse>FFFFFFFF</colordiffuse>
            <texture>2.png</texture>
        </control>                              
        <control type="image">                  
            <description>Channel Overlay</description>
            <posx>395</posx>                      
            <posy>480</posy>                    
            <width>280</width>                  
            <height>70</height>                 
            <colordiffuse>FFFFFFFF</colordiffuse>
            <texture>2.png</texture>
        </control>                              
        <control type="image">                  
            <description>Channel Overlay</description>
            <posx>395</posx>                      
            <posy>555</posy>                    
            <width>280</width>                  
            <height>70</height>                 
            <colordiffuse>FFFFFFFF</colordiffuse>
            <texture>2.png</texture>
        </control>                              
        <control type="image">                  
            <description>Channel Overlay</description>
            <posx>395</posx>                      
            <posy>630</posy>                    
            <width>280</width>                  
            <height>70</height>                 
            <colordiffuse>FFFFFFFF</colordiffuse>
            <texture>2.png</texture>
        </control>                              
        <control type="image">                  
            <description>Channel Overlay</description>
            <posx>395</posx>                      
            <posy>705</posy>                    
            <width>280</width>                  
            <height>70</height>                 
            <colordiffuse>FFFFFFFF</colordiffuse>
            <texture>2.png</texture>
        </control>
         <!--CHANNEL Number-->
        <control type="grouplist">  
            <posx>370</posx>
            <posy>330</posy>
            <itemgap>6</itemgap>
            <orientation>vertical</orientation>
            <control type="label" id="311">
                <description>Channel 1 Number</description>
                <width>75</width>
                <height>70</height>
                <label></label>
                <font>font12_Title</font>
                <align>right</align>
                <aligny>center</aligny>
                <textcolor>FFFFFFFF</textcolor>
            </control>
            <control type="label" id="312">
                <description>Channel 2 Number</description>
                <width>75</width>
                <height>70</height>
                <label></label>
                <font>font12_Title</font>
                <align>right</align>
                <aligny>center</aligny>
                <textcolor>FFFFFFFF</textcolor>
            </control>
            <control type="label" id="313">
                <description>Channel 3 Number</description>
                <width>75</width>
                <height>70</height>
                <label></label>
                <font>font12_Title</font>
                <align>right</align>
                <aligny>center</aligny>
                <textcolor>FFFFFFFF</textcolor>
            </control>
            <control type="label" id="314">
                <description>Channel 4 Number</description>
                <width>75</width>
                <height>70</height>
                <label></label>
                <font>font12_Title</font>
                <align>right</align>
                <aligny>center</aligny>
                <textcolor>FFFFFFFF</textcolor>
            </control>
            <control type="label" id="315">
                <description>Channel 5 Number</description>
                <width>75</width>
                <height>70</height>
                <label></label>
                <font>font12_Title</font>
                <align>right</align>
                <aligny>center</aligny>
                <textcolor>FFFFFFFF</textcolor>
            </control>      
            <control type="label" id="316">
                <description>Channel 6 Number</description>
                <width>75</width>
                <height>70</height>
                <label></label>
                <font>font12_Title</font>
                <align>right</align>
                <aligny>center</aligny>
                <textcolor>FFFFFFFF</textcolor>
            </control>
        </control>
        <!--Channel List-->
        <control type="grouplist">            
            <posx>450</posx>
            <posy>338</posy>
            <itemgap>20</itemgap>
            <orientation>vertical</orientation>
            <!--CHANNEL Name/Icon-->
            <control type="label" id="301">
                <description>Channel 1 Name</description>
                <width>220</width>
                <height>55</height>
                <label></label>
                <font>font12_Title</font>
             <align>left</align>
                <aligny>center</aligny>
                <textcolor>FF0297eb</textcolor>
                <visible>StringCompare(Control.GetLabel(321),)</visible>
                <scroll>true</scroll>
                <scrollspeed>20</scrollspeed>
            </control>
            <control type="image" id="321">
                <description>Channel 1 Icon</description>              
                <width>270</width>
                <height>55</height>
                <align>center</align>
                <aligny>bottom</aligny>
                <aspectratio>keep</aspectratio>      
                <visible>!StringCompare(Control.GetLabel(321),)</visible>
            </control>
            <control type="label" id="302">
                <description>Channel 2 Name</description>
                <width>220</width>
                <height>55</height>
                <label></label>
                <font>font12_Title</font>
                <align>left</align>
                <aligny>center</aligny>
                <textcolor>FF0297eb</textcolor>
                <visible>StringCompare(Control.GetLabel(322),)</visible>
                <scroll>true</scroll>
                <scrollspeed>20</scrollspeed>
            </control>
            <control type="image" id="322">
                <description>Channel 2 Icon</description>
                <width>270</width>
                <height>55</height>
                <align>center</align>
                <aligny>bottom</aligny>
                <aspectratio>keep</aspectratio>
                <visible>!StringCompare(Control.GetLabel(322),)</visible>
            </control>
            <control type="label" id="303">
                <description>Channel 3 Name</description>
                <width>220</width>
                <height>55</height>
                <label></label>
                <font>font12_Title</font>
                <align>left</align>
                <aligny>center</aligny>
                <textcolor>FF0297eb</textcolor>
                <visible>StringCompare(Control.GetLabel(323),)</visible>
                <scroll>true</scroll>
                <scrollspeed>20</scrollspeed>
            </control>
            <control type="image" id="323">
                <description>Channel 3 Icon</description>
                <width>270</width>
                <height>55</height>
                <align>center</align>
                <aligny>bottom</aligny>
                <aspectratio>keep</aspectratio>
                <visible>!StringCompare(Control.GetLabel(323),)</visible>
            </control>
            <control type="label" id="304">
                <description>Channel 4 Name</description>
                <width>220</width>
                <height>55</height>
                <label></label>
                <font>font12_Title</font>
                <align>left</align>
                <aligny>center</aligny>
                <textcolor>FF0297eb</textcolor>
                <visible>StringCompare(Control.GetLabel(324),)</visible>
                <scroll>true</scroll>
                <scrollspeed>20</scrollspeed>
            </control>
            <control type="image" id="324">
                <description>Channel 4 Icon</description>
                <width>270</width>
                <height>55</height>
                <align>center</align>
                <aligny>bottom</aligny>
                <aspectratio>keep</aspectratio>
                <visible>!StringCompare(Control.GetLabel(324),)</visible>
            </control>
            <control type="label" id="305">
                <description>Channel 5 Name</description>
                <width>220</width>
                <height>55</height>
                <label></label>
                <font>font12_Title</font>
                <align>left</align>
                <aligny>center</aligny>
                <textcolor>FF0297eb</textcolor>
                <visible>StringCompare(Control.GetLabel(325),)</visible>
                <scroll>true</scroll>
                <scrollspeed>20</scrollspeed>
            </control>
            <control type="image" id="325">
                <description>Channel 5 Icon</description>
                <width>270</width>
                <height>55</height>
                <align>center</align>
                <aligny>bottom</aligny>
                <aspectratio>keep</aspectratio> 
                <visible>!StringCompare(Control.GetLabel(325),)</visible>
            </control>  
            <control type="label" id="306">
                <description>Channel 6 Name</description>
                <width>220</width>
                <height>55</height>
                <label></label>
                <font>font12_Title</font>
                <align>left</align>
                <aligny>center</aligny>
                <textcolor>FF0297eb</textcolor>
                <visible>StringCompare(Control.GetLabel(326),)</visible>
                <scroll>true</scroll>
                <scrollspeed>20</scrollspeed>
            </control>
            <control type="image" id="326">
                <description>Channel 6 Icon</description>
                <width>270</width>
                <height>55</height>
                <align>center</align>
                <aligny>bottom</aligny>
                <aspectratio>keep</aspectratio>  
                <visible>!StringCompare(Control.GetLabel(326),)</visible>
            </control>   
        </control> 
		 
        <!--SHOW LISTINGS-->
        <control type="group" id="111">
            <posx>680</posx>
            <posy>330</posy>
            <width>1266</width>
            <height>70</height>
        </control>
        <control type="group" id="112">
            <posx>680</posx>
            <posy>405</posy>
            <width>1266</width>
            <height>70</height>
        </control>
        <control type="group" id="113">
            <posx>680</posx>
            <posy>480</posy>
            <width>1266</width>
            <height>70</height>
        </control>
        <control type="group" id="114">
            <posx>680</posx>
            <posy>555</posy>
            <width>1266</width>
            <height>70</height>
        </control>
        <control type="group" id="115">
            <posx>680</posx>
            <posy>630</posy>
            <width>1266</width>
            <height>70</height>
        </control>
        <control type="group" id="116">
            <posx>680</posx>
            <posy>705</posy>
            <width>1266</width>
            <height>70</height>
        </control>    
        <control type="image" id="5004"> 
            <description>Timebar Optional past fade</description>
            <posx>411</posx>
            <posy>340</posy>
            <width>-1</width>
            <height>448</height>
            <aspectratio>scale</aspectratio>
            <texture>pstvlTimeFadeP.png</texture>
			<visible>true</visible>
        </control>  
        <control type="image" id="5005"> 
            <description>Timebar Optional future fade</description>
            <posx>411</posx>
            <posy>340</posy>
            <width>-1</width>
            <height>448</height>
            <aspectratio>scale</aspectratio>
            <texture>pstvlTimeFadeF.png</texture>
            <visible>true</visible>
        </control>  
        <control type="label" id="5006">
            <description>Timebar Current Time Button</description>
            <posx>420</posx>
            <posy>290</posy>
            <width min="128" max="400">auto</width>
            <height>38</height>
            <fadetime>250</fadetime>
            <textcolor>FFFFFFFF</textcolor>
            <shadowcolor>ff000000</shadowcolor>
            <font>font12</font>
            <align>center</align>
            <aligny>center</aligny>
        </control>
        <control type="image" id="5007">
            <description>Timebar line</description>
            <posx>320</posx>
            <posy>330</posy>
            <width>30</width>
            <height>440</height>
            <aspectratio>keep</aspectratio>
        </control>
		 <control type="image">
            <description> overlay</description>
            <posx>385</posx>
            <posy>5</posy>
            <width>1550</width>
            <height>280</height>
            <texture>video2.png</texture>
            <colordiffuse>FFFFFFFF</colordiffuse>
        </control> 
        <control type="image">
            <description>Dynamic art1</description>
            <animation effect="fade" time="500">VisibleChange</animation> 
            <posx>35</posx>
            <posy>270r</posy>  
            <width>360</width>      
            <height>180</height>
            <align>center</align>
            <aspectratio>keep</aspectratio>
            <texture fallback="">$INFO[Window(10000).Property(EPG.landscape)]</texture>
            <animation effect="fade" start="95" end="95" condition="True">Conditional</animation>
			<visible>false</visible>
        </control>        
        <control type="image">
            <description>Dynamic art2</description>
            <animation effect="fade" time="500">VisibleChange</animation> 
            <posx>400</posx>
            <posy>800</posy>  
            <width>410</width>      
            <height>260</height>
			<aspectratio align="center" aligny="center" scalediffuse="false">stretch</aspectratio>
			<texture diffuse="video_diffuse.png"></texture>
            <texture fallback="">$INFO[Window(10000).Property(EPG.landscape)]</texture>
            <animation effect="fade" start="95" end="95" condition="True">Conditional</animation>
        </control>          
        <control type="image">
            <description>isManaged Art</description>   
            <posx>345</posx>
            <posy>120r</posy>         
            <width>32</width>
            <height>32</height>
            <aspectratio>keep</aspectratio>
            <visible>false</visible>
            <texture>$INFO[Window(10000).Property(EPG.Managed)]</texture>
        </control> 
        <control type="image">
            <description>isNew Art</description>         
            <posx>35</posx>
            <posy>280r</posy>  
            <width>50</width>
            <height>50</height>
            <aspectratio>keep</aspectratio>
            <visible>false</visible>
            <texture>$INFO[Window(10000).Property(EPG.isNew)]</texture>
        </control>
            <control type="label">
                <description>Show Title Label</description>
				<posx>820</posx>
				<posy>795</posy>
                <width min="5" max="1080">auto</width>
                <height>60</height>
                <font>font30_Title</font>
                <textcolor>ff000000</textcolor>
                <scroll>true</scroll>
                <align>left</align>
                <aligny>center</aligny>
                <wrapmultiline>false</wrapmultiline>
                <scrollspeed>40</scrollspeed>
                <scrollsuffix> - </scrollsuffix>
                <label>$INFO[Window(10000).Property(EPG.Title)]</label>
            </control>
			<control type="label">
                <description>Show Title Label</description>
				<posx>820</posx>
				<posy>855</posy>
                <width min="5" max="1100">auto</width>
                <height>30</height>
                <font>font12_Title</font>
                <textcolor>purple</textcolor>
                <scroll>true</scroll>
                <align>left</align>
                <aligny>center</aligny>
                <wrapmultiline>false</wrapmultiline>
                <scrollspeed>40</scrollspeed>
                <scrollsuffix> - </scrollsuffix>
                <label>$INFO[Window(10000).Property(EPG.SEtitle)]</label>
            </control>
        <control type="grouplist">
		<visible>false</visible>
            <posx>430</posx>
            <posy>240r</posy>
            <width>1400</width>
            <orientation>vertical</orientation>
            <itemgap>4</itemgap>
           <control type="image">
                <description>Seekbar Line</description>
                <posx>0</posx>
                <posy>0</posy> 
                <width>1400</width>
                <height>4</height>
                <texture border="0">seek/progress_mid.png</texture>
                <align>center</align>
                <aligny>center</aligny>
                <visible>!Control.IsVisible(5008)</visible>
            </control>
            <control type="group" id="5008">  
                <control type="progress">
                    <posx>0</posx>
                    <posy>0</posy>
                    <width>1400</width>
                    <height>4</height>
                    <texturebg>seek/progress_back.png</texturebg>
                    <lefttexture border="0">seek/progresscache_left.png</lefttexture>
                    <midtexture border="0">seek/progresscache_mid.png</midtexture>
                    <righttexture border="0">seek/progresscache_right.png</righttexture>
                    <align>center</align>
                    <aligny>center</aligny>
                    <info>Player.ProgressCache</info>
                </control>
                <control type="progress">
                    <posx>0</posx>
                    <posy>0</posy>
                    <width>1400</width>
                    <height>4</height>
                    <texturebg>seek/progresscache_back.png</texturebg>
                    <lefttexture border="0">seek/progress_left.png</lefttexture>
                    <midtexture border="0">seek/progress_mid.png</midtexture>
                    <righttexture border="0">seek/progress_right.png</righttexture>
                    <align>center</align>
                    <aligny>center</aligny>
                    <info>Player.Progress</info>
                </control> 
            </control>  
        </control>
		 <control type="label">
                <description>Show Description</description>
				<posx>820</posx>
				<posy>900</posy>
                <width>1000</width>
                <height>600</height>
                <align>left</align>
                <aligny>bottom</aligny>
                <wrapmultiline>true</wrapmultiline>
                <textcolor>ff000000</textcolor>
                <font>font12_Title</font>
                <label>$INFO[Window(10000).Property(EPG.Description)]</label>
            </control>
		
    </controls>
</window>
