<window>  
    <allowoverlay>yes</allowoverlay>
    <onload>SetProperty(PTVL.EPG_Opened,true,10000)</onload>
    <onunload>SetProperty(PTVL.EPG_Opened,false,10000)</onunload> 
    <onload>SetProperty(PTVL.EPG_Opened,true,10000)</onload>
    <onload condition="Control.IsVisible(9000)">ActivateWindow(10006)</onload><!-- Activate random window, workaround for videowindow starting paused -->
    <onload condition="System.HasAddon(script.tv.show.next.aired)">RunScript(script.tv.show.next.aired,backend=True)</onload>
    <onload condition="!Control.IsVisible(9000) + System.HasAddon(script.extendedinfo)">RunScript(script.extendedinfo,info=trendingshows)</onload>
<onunload>ActivateWindow(12005)</onunload>
    <zorder>1</zorder>
    <coordinates>
        <system>1</system>
        <posx>0</posx>
        <posy>0</posy>
    </coordinates>
    <animation effect="fade" time="5">WindowOpen</animation>
    <!-- <animation effect="fade" time="5">WindowClose</animation> -->
    <controls>
        <control type="image">
            <description>EPG Background</description>
            <posx>0</posx>
            <posy>0</posy>
            <width>1920</width>
            <height>1080</height>
            <texture>pstvlBackground.png</texture>
            <colordiffuse colordiffuse="$VAR[DialogColorVar]">purple</colordiffuse>
        </control>
       
		 <control type="image">
            <description>EPG Background</description>
            <posx>0</posx>
            <posy>0</posy>
            <width>1920</width>
            <height>1080</height>
            <texture>220.png</texture>
            <colordiffuse colordiffuse="$VAR[DialogColorVar]">purple</colordiffuse>
        </control> 
		 <control type="image">
            <description>EPG Background</description>
            <posx>10</posx>
            <posy>450</posy>
            <width>1900</width>
            <height>600</height>
            <texture>220.png</texture>
            <colordiffuse colordiffuse="$VAR[DialogColorVar]">purple</colordiffuse>
        </control>
		 <control type="label" id="9000">
		        <posx>-50</posx>
				<posy>-155</posy>
                <description>VideoWindow Box Label</description>
                <width>360</width>       
                <height>24</height>
                <font>font12_Title</font>
                <textcolor>orange</textcolor>
                <shadowcolor>ff000000</shadowcolor>
                <align>center</align>
                <scroll>true</scroll>
                <scrollspeed>40</scrollspeed>
                <label>$INFO[Window(10000).Property(OVERLAY.Title)]</label>
                <visible>Control.IsVisible(9000)</visible>
                <aligny>center</aligny>
            </control>
			<!-- Now watching label --> 
       <control type="label">
			   	<posx>20</posx>
				<posy>100</posy>
                <width>460</width>       
                <height>24</height>
                <font>font12_Title</font>
                <textcolor>orange</textcolor>
                <align>center</align>
                <scroll>true</scroll>
                <scrollspeed>40</scrollspeed>
                <label>$INFO[Window(10000).Property(OVERLAY.Title)]</label>
				 <visible>!VideoPlayer.Content(episodes)</visible>
			   	<visible>!VideoPlayer.Content(movies)</visible>
                <aligny>center</aligny>
            </control> 
        <control type="grouplist">
            <posx>50</posx>
            <posy>175</posy>
            <itemgap>10</itemgap>
            <orientation>vertical</orientation>
            <animation effect="fade" start="95" end="95" condition="True">Conditional</animation>
            <control type="videowindow">
                <description>VideoWindow Box Art</description>
                <width>400</width>      
                <height>220</height>
                <align>center</align>
                <aligny>center</aligny>
                <aspectratio>keep</aspectratio>
                <visible>Control.IsVisible(9000)</visible>
            </control>
        </control>
       	<control type ="group">
			<visible>VideoPlayer.Content(episodes)</visible>
			<control type="image">
				<posx>55</posx>
				<posy>65</posy>
				<width>400</width>
				<height>100</height>
				<texture background="true">$INFO[Player.FolderPath]../banner.jpg</texture>
				<aspectratio align="right" aligny="center">keep</aspectratio>
			</control>		
		</control>	
		<control type ="group">
			<visible>VideoPlayer.Content(movies)</visible>
			<control type="image">
				<posx>55</posx>
				<posy>70</posy>
				<width>400</width>
				<height>100</height>
				<texture background="true">$INFO[Player.FolderPath]banner.jpg</texture>
				<aspectratio align="right" aligny="center">keep</aspectratio>
			</control>		
		</control>
		
       
        <control type="fadelabel" id="505">
                <description>PTVL RSS Feed Label</description>  
                <width>370</width>
                <height>35</height>
                <font>font10</font>
                <aligny>center</aligny>
                <align>left</align>
                <scroll>true</scroll>
                <scrollout>true</scrollout>
                <pauseatend>900000</pauseatend>
                <angle>90</angle>
                <scrollspeed>40</scrollspeed>
                <textcolor>C0C0C0C0</textcolor>
                <shadowcolor>ff000000</shadowcolor>
                <textoffsetx>20</textoffsetx>
                <resetonlabelchange>true</resetonlabelchange>
                <label>$INFO[Window(10000).Property(twitter.1.label)]</label>
                <label>$INFO[Window(10000).Property(twitter.2.label)]</label>
                <label>$INFO[Window(10000).Property(twitter.3.label)]</label>
                <label>$INFO[Window(10000).Property(twitter.4.label)]</label>
				<visible>false</visible>
            </control>  
		 <control type="image" id="5009">
			 <visible></visible>
            <description>Optional Channel Focus Highlight</description>         
            <posx>45</posx>  
            <width>300</width>
            <height>70</height>
            <texture>pstvlHighlight.png</texture>
        </control> 
		 <control type="image" id="5010">
		 <visible></visible>
            <description>Optional Channel Playing Highlight</description>         
            <posx>45</posx>  
            <width>300</width>
            <height>70</height>
            <texture>pstvlHighlightAlt2.png</texture>
			<colordiffuse></colordiffuse>
        </control>
		
        <!--Date-->
        <control type="label" id="5001">
            <description>Date Label</description>
            <posx>-10</posx>
            <posy>470</posy>
            <width min="162" max="400">auto</width>
            <height>38</height>
            <align>center</align>
            <aligny>center</aligny>
            <label>Current Date</label>
            <font>font12</font>
            <textcolor>FFFFFFFF</textcolor>
            <shadowcolor>ff000000</shadowcolor>
        </control>
		<control type="image">
            <posx>510</posx>
            <posy>70</posy>
            <width>210</width>
            <height>88</height>
            <aspectratio align="center">keep</aspectratio>
			
            <texture>222.png</texture>  
        </control> 
		 <control type="image">
            <posx>770</posx>
            <posy>70</posy>
            <width>210</width>
            <height>88</height>
            <aspectratio align="center">keep</aspectratio>
      
            <texture>222.png</texture>  
        </control> 
		 <control type="image">
            <posx>1030</posx>
            <posy>70</posy>
            <width>200</width>
            <height>88</height>
            <aspectratio align="center">keep</aspectratio>
            
            <texture>222.png</texture>  
        </control> 
		<control type="image">
            <posx>1280</posx>
            <posy>70</posy>
            <width>200</width>
            <height>88</height>
            <aspectratio align="center">keep</aspectratio>
            <texture>222.png</texture>  
        </control>
			 <control type="button" id="6000">
            <description>Filter Button</description>     
            <posx>0</posx>
            <posy>258</posy>   
            <width>410</width>
            <height>38</height>
            <texturenofocus>NA.png</texturenofocus>
            <texturefocus>pstvlButtonFocusAlt.png</texturefocus>
        </control> 
        <control type="button" id="6001">
                <description>EPG Label</description>
				<posx>510</posx>
                <posy>95</posy>
                <width>210</width>
                <height>38</height>
                <label>EPG</label>
                <font>font12_Title</font>
                <align>center</align>
                <aligny>center</aligny>
				<texturenofocus>NA.png</texturenofocus>
                <texturefocus>EPGbuttonFocus.png</texturefocus>
                <textcolor>FFFFFFFF</textcolor>
                <shadowcolor>ff000000</shadowcolor>
        </control>               
        <control type="button" id="6002">
                <description>DVR Label</description>
				<posx>770</posx>
                <posy>95</posy>
                <width>210</width>
                <height>38</height>
                <label>DVR</label>
                <font>font12_Title</font>
                <align>center</align>
                <aligny>center</aligny>
				<texturenofocus>NA.png</texturenofocus>
                <texturefocus>EPGbuttonFocus.png</texturefocus>
                <textcolor>FFFFFFFF</textcolor>
                <shadowcolor>ff000000</shadowcolor>
        </control>               
        <control type="button" id="6003">
                <description>OnDemand Label</description>
				<posx>1030</posx>
                <posy>95</posy>
                <width>205</width>
                <height>38</height>
                <label>OnDemand</label>
                <font>font12_Title</font>
                <align>center</align>
                <aligny>center</aligny>
				<texturenofocus>NA.png</texturenofocus>
                <texturefocus>EPGbuttonFocus.png</texturefocus>
                <textcolor>FFFFFFFF</textcolor>
                <shadowcolor>ff000000</shadowcolor>
        </control>               
        <control type="button" id="6004">
                <description>Apps Label</description>
				<posx>1280</posx>
                <posy>95</posy>
                <width>205</width>
                <height>38</height>
                <label>Apps</label>
                <font>font12_Title</font>
                <align>center</align>
                <aligny>center</aligny>
				<texturenofocus>NA.png</texturenofocus>
                <texturefocus>EPGbuttonFocus.png</texturefocus>
                <textcolor>FFFFFFFF</textcolor>
                <shadowcolor>ff000000</shadowcolor>
        </control>   
        <control type="image" id="5002">
            <description>Left Arrow</description>
            <posx>370</posx>
            <posy>470</posy>
            <width>10</width>
            <height>38</height>
            <aspectratio align="center">keep</aspectratio>
            <colordiffuse>C0C0C0C0</colordiffuse>
            <texture>left.png</texture>
			<visible>false</visible>
        </control> 
        <!--Time Bar 1/3-->
        <control type="label" id="101">
            <description>Time Left Label</description>
            <posx>420</posx>
            <posy>470</posy>
            <width min="155" max="400">auto</width>
            <height>38</height>
            <label>Time 1</label>
            <font>font12</font>
            <align>left</align>
            <aligny>center</aligny>
            <textcolor>FFFFFFFF</textcolor>
            <shadowcolor>ff000000</shadowcolor>
        </control>
        <!--Time Bar 2/3-->
        <control type="label" id="102">
            <description>Time Middle Label</description>
            <posx>1015</posx>
            <posy>470</posy>
            <width min="150" max="400">auto</width>
            <height>38</height>
            <label>Time 2</label>
            <font>font12</font>
            <align>left</align>
            <aligny>center</aligny>
            <textcolor>FFFFFFFF</textcolor>
            <shadowcolor>ff000000</shadowcolor>
        </control>
        <!--Time Bar 3/3-->
        <control type="label" id="103">
            <description>Time Right Label</description>
            <posx>1680</posx>
            <posy>470</posy>
            <width min="150" max="400">auto</width>
            <height>38</height>
            <label>Time 3</label>
            <font>font12</font>
            <align>left</align>
            <aligny>center</aligny>
            <textcolor>FFFFFFFF</textcolor>
            <shadowcolor>ff000000</shadowcolor>
        </control>
        <control type="image" id="5003">
            <description>Right Arrow</description>
            <posx>1850</posx>
            <posy>470</posy>
            <width>10</width>
            <height>38</height>
            <aspectratio align="center">keep</aspectratio>
            <colordiffuse>C0C0C0C0</colordiffuse>
            <texture>right.png</texture>
			<visible>false</visible>
        </control>
		 <!-- Twitter    -->
        <control type="grouplist">
            <posx>45</posx>
            <posy>1000</posy>
            <align>left</align>
            <orientation>horizontal</orientation>
            <itemgap>1</itemgap>  
            <!-- Twitter ICON -->
            <control type="image">
                <width>41</width>
                <height>35</height>
                <aspectratio>keep</aspectratio>
                <aligny>center</aligny>
                <align>left</align>
                <visible>Control.IsVisible(138)</visible>
                <texture colordiffuse="purple">rss.png</texture>
                <!-- <texture>twitter.png</texture> -->
            </control>
            <!-- Twitter RSS -->
            <control type="fadelabel" id = "138">
                <description>ticker text</description>
                <width>1790</width>
                <height>45</height>
                <font>font10_Title</font>
                <aligny>center</aligny>
                <align>left</align>
                <scroll>true</scroll>
                <scrollout>true</scrollout>
                <pauseatend>900000</pauseatend>
                <angle>90</angle>
                <scrollspeed>40</scrollspeed>
                <textcolor>orange</textcolor>
                <shadowcolor>ff000000</shadowcolor>
                <textoffsetx>20</textoffsetx>
                <resetonlabelchange>true</resetonlabelchange>
                <visible>!IsEmpty(Control.GetLabel(138))</visible>
                <label></label>
                <label>$INFO[Window(10000).Property(twitter.1.label)]</label>
                <label>$INFO[Window(10000).Property(twitter.2.label)]</label>
                <label>$INFO[Window(10000).Property(twitter.3.label)]</label>
                <label>$INFO[Window(10000).Property(twitter.4.label)]</label>
            </control>           
            <control type="label">
                <description>twit Sep</description>
                <width>10</width>
                <height>35</height>
                <aspectratio>keep</aspectratio>
                <align>center</align>
                <aligny>center</aligny>
                <label>|</label>
                <font>font10</font>
                <textcolor>purple</textcolor>
                <shadowcolor>ff000000</shadowcolor>
                <visible>Control.IsVisible(138)</visible>
            </control>  
        </control>
     <!--Dark Column-->  
		  <control type="image">                  
            <description>Channel Overlay</description>
            <posx>45</posx>                      
            <posy>520</posy>                     
            <width>300</width>                  
            <height>70</height>                 
            <colordiffuse>FFFFFFFF</colordiffuse>
            <texture>2222.png</texture>
        </control>                              
        <control type="image">                  
            <description>Channel Overlay</description>
            <posx>45</posx>                      
            <posy>600</posy>                    
            <width>300</width>                  
            <height>70</height>                 
            <colordiffuse>FFFFFFFF</colordiffuse>
            <texture>2222.png</texture>
        </control>                              
        <control type="image">                  
            <description>Channel Overlay</description>
            <posx>45</posx>                      
            <posy>680</posy>                    
            <width>300</width>                  
            <height>70</height>                 
            <colordiffuse>FFFFFFFF</colordiffuse>
            <texture>2222.png</texture>
        </control>                              
        <control type="image">                  
            <description>Channel Overlay</description>
            <posx>45</posx>                      
            <posy>760</posy>                    
            <width>300</width>                  
            <height>70</height>                 
            <colordiffuse>FFFFFFFF</colordiffuse>
            <texture>2222.png</texture>
        </control>                              
        <control type="image">                  
            <description>Channel Overlay</description>
            <posx>45</posx>                      
            <posy>840</posy>                    
            <width>300</width>                  
            <height>70</height>                 
            <colordiffuse>FFFFFFFF</colordiffuse>
            <texture>2222.png</texture>
        </control>                              
        <control type="image">                  
            <description>Channel Overlay</description>
            <posx>45</posx>                      
            <posy>920</posy>                    
            <width>300</width>                  
            <height>70</height>                 
            <colordiffuse>FFFFFFFF</colordiffuse>
            <texture>2222.png</texture>
        </control>
        <!--CHANNEL Number-->
        <control type="grouplist">            
            <posx>10</posx>
            <posy>520</posy>
            <itemgap>10</itemgap>
            <orientation>vertical</orientation>
            <control type="label" id="311">
                <description>Channel 1 Number</description>
                <width>75</width>
                <height>70</height>
                <label></label>
                <font>font12_Title</font>
                <align>right</align>
                <aligny>center</aligny>
                <textcolor>FFFFFFFF</textcolor>
            </control>
            <control type="label" id="312">
                <description>Channel 2 Number</description>
                <width>75</width>
                <height>70</height>
                <label></label>
                <font>font12_Title</font>
                <align>right</align>
                <aligny>center</aligny>
                <textcolor>FFFFFFFF</textcolor>
            </control>
            <control type="label" id="313">
                <description>Channel 3 Number</description>
                <width>75</width>
                <height>70</height>
                <label></label>
                <font>font12_Title</font>
                <align>right</align>
                <aligny>center</aligny>
                <textcolor>FFFFFFFF</textcolor>
            </control>
            <control type="label" id="314">
                <description>Channel 4 Number</description>
                <width>75</width>
                <height>70</height>
                <label></label>
                <font>font12_Title</font>
                <align>right</align>
                <aligny>center</aligny>
                <textcolor>FFFFFFFF</textcolor>
            </control>
            <control type="label" id="315">
                <description>Channel 5 Number</description>
                <width>75</width>
                <height>70</height>
                <label></label>
                <font>font12_Title</font>
                <align>right</align>
                <aligny>center</aligny>
                <textcolor>FFFFFFFF</textcolor>
            </control>      
            <control type="label" id="316">
                <description>Channel 6 Number</description>
                <width>75</width>
                <height>70</height>
                <label></label>
                <font>font12_Title</font>
                <align>right</align>
                <aligny>center</aligny>
                <textcolor>FFFFFFFF</textcolor>
            </control>
        </control>
        <control type="grouplist">            
            <posx>87</posx>
            <posy>520</posy>
            <itemgap>10</itemgap>
            <orientation>vertical</orientation>
            <control type="label">
                <description>Channel 1 Sep Label</description>      
                <width>10</width>
                <height>70</height>
                <label>|</label>
                <align>center</align>
                <aligny>center</aligny>
                <font>font12_Title</font>
                <textcolor>FF0297eb</textcolor>
            </control>
            <control type="label">
                <description>Channel 2 Sep Label</description>      
                <width>10</width>
                <height>70</height>
                <label>|</label>
                <align>center</align>
                <aligny>center</aligny>
                <font>font12_Title</font>
                <textcolor>FF0297eb</textcolor>
            </control>
            <control type="label">
                <description>Channel 3 Sep Label</description>      
                <width>10</width>
                <height>70</height>
                <label>|</label>
                <align>center</align>
                <aligny>center</aligny>
                <font>font12_Title</font>
                <textcolor>FF0297eb</textcolor>
            </control>
            <control type="label">
                <description>Channel 4 Sep Label</description>      
                <width>10</width>
                <height>70</height>
                <label>|</label>
                <align>center</align>
                <aligny>center</aligny>
                <font>font12_Title</font>
                <textcolor>FF0297eb</textcolor>
            </control>
            <control type="label">
                <description>Channel 5 Sep Label</description>      
                <width>10</width>
                <height>70</height>
                <label>|</label>
                <align>center</align>
                <aligny>center</aligny>
                <font>font12_Title</font>
                <textcolor>FF0297eb</textcolor>
            </control>
            <control type="label">
                <description>Channel 6 Sep Label</description>      
                <width>10</width>
                <height>70</height>
                <label>|</label> 
                <align>center</align>
                <aligny>center</aligny>
                <font>font12_Title</font>
                <textcolor>FF0297eb</textcolor>
            </control>
        </control>
        <!--Channel List-->
        <control type="grouplist">            
            <posx>100</posx>
            <posy>530</posy>
            <itemgap>24</itemgap>
            <orientation>vertical</orientation>
            <!--CHANNEL Name/Icon-->
            <control type="label" id="301">
                <description>Channel 1 Name</description>
                <width>240</width>
                <height>55</height>
                <label></label>
                <font>font12_Title</font>
             <align>left</align>
                <aligny>center</aligny>
                <textcolor>FF0297eb</textcolor>
                <visible>StringCompare(Control.GetLabel(321),)</visible>
                <scroll>true</scroll>
                <scrollspeed>20</scrollspeed>
            </control>
            <control type="image" id="321">
                <description>Channel 1 Icon</description>              
                <width>270</width>
                <height>55</height>
                <align>center</align>
                <aligny>bottom</aligny>
                <aspectratio>keep</aspectratio>      
                <visible>!StringCompare(Control.GetLabel(321),)</visible>
            </control>
            <control type="label" id="302">
                <description>Channel 2 Name</description>
                <width>240</width>
                <height>55</height>
                <label></label>
                <font>font12_Title</font>
                <align>left</align>
                <aligny>center</aligny>
                <textcolor>FF0297eb</textcolor>
                <visible>StringCompare(Control.GetLabel(322),)</visible>
                <scroll>true</scroll>
                <scrollspeed>20</scrollspeed>
            </control>
            <control type="image" id="322">
                <description>Channel 2 Icon</description>
                <width>270</width>
                <height>55</height>
                <align>center</align>
                <aligny>bottom</aligny>
                <aspectratio>keep</aspectratio>
                <visible>!StringCompare(Control.GetLabel(322),)</visible>
            </control>
            <control type="label" id="303">
                <description>Channel 3 Name</description>
                <width>240</width>
                <height>55</height>
                <label></label>
                <font>font12_Title</font>
                <align>left</align>
                <aligny>center</aligny>
                <textcolor>FF0297eb</textcolor>
                <visible>StringCompare(Control.GetLabel(323),)</visible>
                <scroll>true</scroll>
                <scrollspeed>20</scrollspeed>
            </control>
            <control type="image" id="323">
                <description>Channel 3 Icon</description>
                <width>270</width>
                <height>55</height>
                <align>center</align>
                <aligny>bottom</aligny>
                <aspectratio>keep</aspectratio>
                <visible>!StringCompare(Control.GetLabel(323),)</visible>
            </control>
            <control type="label" id="304">
                <description>Channel 4 Name</description>
                <width>240</width>
                <height>55</height>
                <label></label>
                <font>font12_Title</font>
                <align>left</align>
                <aligny>center</aligny>
                <textcolor>FF0297eb</textcolor>
                <visible>StringCompare(Control.GetLabel(324),)</visible>
                <scroll>true</scroll>
                <scrollspeed>40</scrollspeed>
            </control>
            <control type="image" id="324">
                <description>Channel 4 Icon</description>
                <width>270</width>
                <height>55</height>
                <align>center</align>
                <aligny>bottom</aligny>
                <aspectratio>keep</aspectratio>
                <visible>!StringCompare(Control.GetLabel(324),)</visible>
            </control>
            <control type="label" id="305">
                <description>Channel 5 Name</description>
                <width>240</width>
                <height>55</height>
                <label></label>
                <font>font12_Title</font>
                <align>left</align>
                <aligny>center</aligny>
                <textcolor>FF0297eb</textcolor>
                <visible>StringCompare(Control.GetLabel(325),)</visible>
                <scroll>true</scroll>
                <scrollspeed>20</scrollspeed>
            </control>
            <control type="image" id="325">
                <description>Channel 5 Icon</description>
                <width>270</width>
                <height>55</height>
                <align>center</align>
                <aligny>bottom</aligny>
                <aspectratio>keep</aspectratio> 
                <visible>!StringCompare(Control.GetLabel(325),)</visible>
            </control>  
            <control type="label" id="306">
                <description>Channel 6 Name</description>
                <width>240</width>
                <height>55</height>
                <label></label>
                <font>font12_Title</font>
                <align>left</align>
                <aligny>center</aligny>
                <textcolor>FF0297eb</textcolor>
                <visible>StringCompare(Control.GetLabel(326),)</visible>
                <scroll>true</scroll>
                <scrollspeed>20</scrollspeed>
            </control>
            <control type="image" id="326">
                <description>Channel 6 Icon</description>
                <width>270</width>
                <height>55</height>
                <align>center</align>
                <aligny>bottom</aligny>
                <aspectratio>keep</aspectratio>  
                <visible>!StringCompare(Control.GetLabel(326),)</visible>
            </control>   
        </control> 
        <!--SHOW LISTINGS-->
        <control type="group" id="111">
            <posx>350</posx>
            <posy>520</posy>
            <width>1526</width>
            <height>70</height>
        </control>
        <control type="group" id="112">
            <posx>350</posx>
            <posy>600</posy>
            <width>1526</width>
            <height>70</height>
        </control>
        <control type="group" id="113">
            <posx>350</posx>
            <posy>680</posy>
            <width>1526</width>
            <height>70</height>
        </control>
        <control type="group" id="114">
            <posx>350</posx>
            <posy>760</posy>
            <width>1526</width>
            <height>70</height>
        </control>
        <control type="group" id="115">
            <posx>350</posx>
            <posy>840</posy>
            <width>1526</width>
            <height>70</height>
        </control>
        <control type="group" id="116">
            <posx>350</posx>
            <posy>920</posy>
            <width>1526</width>
            <height>70</height>
        </control>    
		 <!-- todo -->
         
        <control type="image" id="5004"> 
            <description>Timebar Optional past fade</description>
            <posx>350</posx>
            <posy>523</posy>
            <width>-1</width>
            <height>465</height>
            <aspectratio>scale</aspectratio>
            <texture>pstvlTimeFadeP.png</texture>
			<visible>true</visible>
        </control>  
        <control type="image" id="5005"> 
            <description>Timebar Optional future fade</description>
            <posx>380</posx>
            <posy>340</posy>
            <width>-1</width>
            <height>448</height>
            <aspectratio>scale</aspectratio>
            <texture>pstvlTimeFadeF.png</texture>
            <visible>false</visible>
        </control>  
        <control type="label" id="5006">
            <description>Timebar Current Time Button</description>
            <posx>420</posx>
            <posy>470</posy>
            <width min="128" max="400">auto</width>
            <height>38</height>
            <fadetime>250</fadetime>
            <textcolor>FFFFFFFF</textcolor>
            <shadowcolor>ff000000</shadowcolor>
            <font>font12</font>
            <align>center</align>
            <aligny>center</aligny>
        </control>
        <control type="image" id="5007">
            <description>Timebar line</description>
            <posx>320</posx>
            <posy>523</posy>
            <width>2</width>
            <height>465</height>
            <aspectratio>keep</aspectratio>
        </control>
		
        <control type="image">
            <description>Dynamic art1</description>
            <animation effect="fade" time="500">VisibleChange</animation> 
            <posx>1630</posx>
            <posy>80</posy>  
            <width>240</width>      
            <height>330</height>
			<aspectratio align="center" aligny="center" scalediffuse="false">stretch</aspectratio>
			<texture diffuse="video_diffuse.png"></texture>
            <texture fallback="">$INFO[Window(10000).Property(EPG.poster)]</texture>
            <animation effect="fade" start="95" end="95" condition="True">Conditional</animation>
        </control>        
        <control type="image">
            <description>Dynamic art2</description>
            <animation effect="fade" time="500">VisibleChange</animation> 
            <posx>1470</posx>
            <posy>665</posy>  
            <width>360</width>      
            <height>100</height>
            <align>center</align>
            <aspectratio>keep</aspectratio>
            <visible>false</visible>
            <texture fallback="">$INFO[Window(10000).Property(EPG.poster)]</texture>
            <animation effect="fade" start="95" end="95" condition="True">Conditional</animation>
        </control>          
        <control type="image">
            <description>isManaged Art</description>   
            <posx>345</posx>
            <posy>120r</posy>         
            <width>32</width>
            <height>32</height>
            <aspectratio>keep</aspectratio>
            <visible>false</visible>
            <texture>$INFO[Window(10000).Property(EPG.Managed)]</texture>
        </control> 
        <control type="image">
            <description>isNew Art</description>         
            <posx>35</posx>
            <posy>280r</posy>  
            <width>50</width>
            <height>50</height>
            <aspectratio>keep</aspectratio>
            <visible>false</visible>
            <texture>$INFO[Window(10000).Property(EPG.isNew)]</texture>
        </control>
        <control type="grouplist">
            <posx>500</posx>
            <posy>170</posy>
            <width>1600</width>
            <orientation>vertical</orientation>
            <itemgap>25</itemgap>
            <control type="label">
                <description>Show Title Label</description>
                <width min="5" max="1100">auto</width>
                <height>30</height>
                <font>font30_Title</font>
                <textcolor>orange</textcolor>
                <scroll>true</scroll>
                <align>left</align>
                <aligny>center</aligny>
                <wrapmultiline>false</wrapmultiline>
                <scrollspeed>40</scrollspeed>
                <scrollsuffix> - </scrollsuffix>
                <label>$INFO[Window(10000).Property(EPG.Title)]</label>
            </control>
			 <control type="label">
                <description>Show Title Label</description>
                <width min="5" max="1100">auto</width>
                <height>30</height>
                <font>font12_Title</font>
                <textcolor>orange</textcolor>
                <scroll>true</scroll>
                <align>left</align>
                <aligny>center</aligny>
                <wrapmultiline>false</wrapmultiline>
                <scrollspeed>40</scrollspeed>
                <scrollsuffix> - </scrollsuffix>
                <label>$INFO[Window(10000).Property(EPG.SEtitle)]</label>
            </control>
        </control>
		
        <control type="grouplist">
            <posx>500</posx>
            <posy>290</posy>
            <width>1900</width>
            <orientation>vertical</orientation>
            <itemgap>4</itemgap>
           <control type="image">
                <description>Seekbar Line</description>
                <posx>0</posx>
                <posy>0</posy> 
                <width>1400</width>
                <height>2</height>
                <texture border="0">seek/progress_mid.png</texture>
                <align>center</align>
                <aligny>center</aligny>
                <visible>false</visible>
            </control>
            <control type="group" id="5008">  
                <control type="progress">
                    <posx>0</posx>
                    <posy>0</posy>
                    <width>1400</width>
                    <height>2</height>
                    <texturebg>seek/progress_back.png</texturebg>
                    <lefttexture border="0">seek/progresscache_left.png</lefttexture>
                    <midtexture border="0">seek/progresscache_mid.png</midtexture>
                    <righttexture border="0">seek/progresscache_right.png</righttexture>
                    <align>center</align>
                    <aligny>center</aligny>
                    <info>Player.ProgressCache</info>
					<visible>false</visible>
                </control>
                <control type="progress">
                    <posx>0</posx>
                    <posy>0</posy>
                    <width>1400</width>
                    <height>2</height>
                    <texturebg>seek/progresscache_back.png</texturebg>
                    <lefttexture border="0">seek/progress_left.png</lefttexture>
                    <midtexture border="0">seek/progress_mid.png</midtexture>
                    <righttexture border="0">seek/progress_right.png</righttexture>
                    <align>center</align>
                    <aligny>center</aligny>
                    <info>Player.Progress</info>
					<visible>false</visible>
                </control> 
            </control>  
           <control type="label">
            <description>Show Description</description>
			<posx>500</posx>
            <posy>290</posy>
            <width>1000</width>
            <height>600</height>
            <align>left</align>
            <aligny>bottom</aligny>
            <wrapmultiline>true</wrapmultiline>
            <textcolor>FFFFFFFF</textcolor>
            <shadowcolor>ff000000</shadowcolor>
            <font>font10_Title</font>
			<visible>false</visible>
        </control>
		<control type="textbox">
			<posx>500</posx>
            <posy>290</posy>
            <width>1100</width>
            <height>600</height>
			<align>left</align>
			<aligny>top</aligny>
			<font>font12_Title</font>
			<textcolor>FFFFFFFF</textcolor>
			<label>$INFO[Window(10000).Property(EPG.Description)]</label>
			<autoscroll time="4000" delay="7000" repeat="8000">True</autoscroll>
		</control>
        </control>
		 
    </controls>
</window>
