<?xml version="1.0" encoding="utf-8"?>
<window>
    <allowoverlay>no</allowoverlay>   
    <!-- <onload condition="StringCompare((Window(10000).Property(PTVL.VideoWindow)),true)">ActivateWindow(9506)</onload> -->
    <onload condition="StringCompare((Window(10000).Property(PTVL.VideoWindow)),true)">ActivateWindow(10004)</onload><!-- Activate random window, workaround for 9506 starting paused -->
    <onunload>ActivateWindow(12005)</onunload>
    <onload>SetProperty(PTVL.OnDemand_Opened,true,10000)</onload>
    <onunload>SetProperty(PTVL.OnDemand_Opened,false,10000)</onunload>
    <zorder>1</zorder>
    <coordinates>
        <system>1</system>
        <posx>0</posx>
        <posy>0</posy>
    </coordinates>
    <controls>
      <control type="image">
            <description>EPG Background</description>
            <posx>0</posx>
            <posy>0</posy>
            <width>1920</width>
            <height>1080</height>
            <texture>pstvlBackground.png</texture>
            <colordiffuse colordiffuse="$VAR[DialogColorVar]">purple</colordiffuse>
        </control>
       
		 <control type="image">
            <description>EPG Background</description>
            <posx>0</posx>
            <posy>0</posy>
            <width>1920</width>
            <height>1080</height>
            <texture>220.png</texture>
            <colordiffuse colordiffuse="$VAR[DialogColorVar]">purple</colordiffuse>
        </control> 
		 <control type="image">
            <description>EPG Background</description>
            <posx>10</posx>
            <posy>450</posy>
            <width>1900</width>
            <height>600</height>
            <texture>220.png</texture>
            <colordiffuse colordiffuse="$VAR[DialogColorVar]">purple</colordiffuse>
        </control>
		<!-- Now watching label --> 
       <control type="label">
			   	<posx>20</posx>
				<posy>100</posy>
                <width>460</width>       
                <height>24</height>
                <font>font12_Title</font>
                <textcolor>orange</textcolor>
                <align>center</align>
                <scroll>true</scroll>
                <scrollspeed>40</scrollspeed>
                <label>$INFO[Window(10000).Property(OVERLAY.Title)]</label>
				 <visible>!VideoPlayer.Content(episodes)</visible>
			   	<visible>!VideoPlayer.Content(movies)</visible>
                <aligny>center</aligny>
            </control> 
        <!-- VideoWindow Box --> 
            <!-- #### Skinners Include Everything for videowindow patch to work #### -->
            <!-- PATCH START -->
            <control type="videowindow">
                <description>video</description>
				<posx>55</posx>
                <posy>165</posy>
                <width>400</width>      
                <height>270</height>
                <aspectratio align="center" aligny="center" scalediffuse="false">stretch</aspectratio>
			    <texture diffuse="video.png"></texture>
                <visible>true</visible>
            </control>
            <!-- PATCH END -->
            <!-- ################################################################## -->
			 <!-- todo -->
       	<control type ="group">
			<visible>VideoPlayer.Content(episodes)</visible>
			<control type="image">
				<posx>55</posx>
				<posy>65</posy>
				<width>400</width>
				<height>100</height>
				<texture background="true">$INFO[Player.FolderPath]../banner.jpg</texture>
				<aspectratio align="right" aligny="center">keep</aspectratio>
			</control>		
		</control>	
		<control type ="group">
			<visible>VideoPlayer.Content(movies)</visible>
			<control type="image">
				<posx>55</posx>
				<posy>70</posy>
				<width>400</width>
				<height>100</height>
				<texture background="true">$INFO[Player.FolderPath]banner.jpg</texture>
				<aspectratio align="right" aligny="center">keep</aspectratio>
			</control>		
		</control>
		       
		<control type="image">
            <posx>510</posx>
            <posy>70</posy>
            <width>210</width>
            <height>88</height>
            <aspectratio align="center">keep</aspectratio>
			
            <texture>222.png</texture>  
        </control> 
		 <control type="image">
            <posx>770</posx>
            <posy>70</posy>
            <width>210</width>
            <height>88</height>
            <aspectratio align="center">keep</aspectratio>
      
            <texture>222.png</texture>  
        </control> 
		 <control type="image">
            <posx>1030</posx>
            <posy>70</posy>
            <width>200</width>
            <height>88</height>
            <aspectratio align="center">keep</aspectratio>
            
            <texture>222.png</texture>  
        </control> 
		<control type="image">
            <posx>1280</posx>
            <posy>70</posy>
            <width>200</width>
            <height>88</height>
            <aspectratio align="center">keep</aspectratio>
            <texture>222.png</texture>  
        </control>
       	 <control type="button" id="6000">
            <description>Filter Button</description>     
            <posx>0</posx>
            <posy>258</posy>   
            <width>410</width>
            <height>38</height>
            <texturenofocus>NA.png</texturenofocus>
            <texturefocus>pstvlButtonFocusAlt.png</texturefocus>
        </control> 
        <control type="button" id="6001">
                <description>EPG Label</description>
				<posx>510</posx>
                <posy>95</posy>
                <width>223</width>
                <height>38</height>
                <label>EPG</label>
                <font>font12_Title</font>
                <align>center</align>
                <aligny>center</aligny>
				<texturenofocus>NA.png</texturenofocus>
                <texturefocus>EPGbuttonFocus.png</texturefocus>
                <textcolor>FFFFFFFF</textcolor>
                <shadowcolor>ff000000</shadowcolor>
        </control>               
        <control type="button" id="6002">
                <description>DVR Label</description>
				<posx>740</posx>
                <posy>95</posy>
                <width>273</width>
                <height>38</height>
                <label>DVR</label>
                <font>font12_Title</font>
                <align>center</align>
                <aligny>center</aligny>
				<texturenofocus>NA.png</texturenofocus>
                <texturefocus>EPGbuttonFocus.png</texturefocus>
                <textcolor>FFFFFFFF</textcolor>
                <shadowcolor>ff000000</shadowcolor>
        </control>               
        <control type="button" id="6003">
                <description>OnDemand Label</description>
				<posx>1040</posx>
                <posy>95</posy>
                <width>173</width>
                <height>38</height>
                <label>OnDemand</label>
                <font>font12_Title</font>
                <align>center</align>
                <aligny>center</aligny>
				<texturenofocus>NA.png</texturenofocus>
                <texturefocus>EPGbuttonFocus.png</texturefocus>
                <textcolor>FFFFFFFF</textcolor>
                <shadowcolor>ff000000</shadowcolor>
        </control>               
        <control type="button" id="6004">
                <description>Apps Label</description>
				<posx>1240</posx>
                <posy>95</posy>
                <width>273</width>
                <height>38</height>
                <label>Apps</label>
                <font>font12_Title</font>
                <align>center</align>
                <aligny>center</aligny>
				<texturenofocus>NA.png</texturenofocus>
                <texturefocus>EPGbuttonFocus.png</texturefocus>
                <textcolor>FFFFFFFF</textcolor>
                <shadowcolor>ff000000</shadowcolor>
        </control>   
		 <control type="grouplist">
            <posx>500</posx>
            <posy>170</posy>
            <width>1600</width>
            <orientation>vertical</orientation>
            <itemgap>25</itemgap>
            <control type="label">
                <description>Show Title Label</description>
                <width min="5" max="1100">auto</width>
                <height>30</height>
                <font>font30_Title</font>
                <textcolor>orange</textcolor>
                <scroll>true</scroll>
                <align>left</align>
                <aligny>center</aligny>
                <wrapmultiline>false</wrapmultiline>
                <scrollspeed>40</scrollspeed>
                <scrollsuffix> - </scrollsuffix>
                <label>$INFO[Window(10000).Property(EPG.Title)]</label>
            </control>
			 <control type="label">
                <description>Show Title Label</description>
                <width min="5" max="1100">auto</width>
                <height>30</height>
                <font>font12_Title</font>
                <textcolor>orange</textcolor>
                <scroll>true</scroll>
                <align>left</align>
                <aligny>center</aligny>
                <wrapmultiline>false</wrapmultiline>
                <scrollspeed>40</scrollspeed>
                <scrollsuffix> - </scrollsuffix>
                <label>$INFO[Window(10000).Property(EPG.SEtitle)]</label>
            </control>
        </control>
		
        <control type="grouplist">
            <posx>500</posx>
            <posy>290</posy>
            <width>1900</width>
            <orientation>vertical</orientation>
            <itemgap>4</itemgap>
           <control type="image">
                <description>Seekbar Line</description>
                <posx>0</posx>
                <posy>0</posy> 
                <width>1400</width>
                <height>2</height>
                <texture border="0">seek/progress_mid.png</texture>
                <align>center</align>
                <aligny>center</aligny>
                <visible>false</visible>
            </control>
            <control type="group" id="5008">  
                <control type="progress">
                    <posx>0</posx>
                    <posy>0</posy>
                    <width>1400</width>
                    <height>2</height>
                    <texturebg>seek/progress_back.png</texturebg>
                    <lefttexture border="0">seek/progresscache_left.png</lefttexture>
                    <midtexture border="0">seek/progresscache_mid.png</midtexture>
                    <righttexture border="0">seek/progresscache_right.png</righttexture>
                    <align>center</align>
                    <aligny>center</aligny>
                    <info>Player.ProgressCache</info>
					<visible>false</visible>
                </control>
                <control type="progress">
                    <posx>0</posx>
                    <posy>0</posy>
                    <width>1400</width>
                    <height>2</height>
                    <texturebg>seek/progresscache_back.png</texturebg>
                    <lefttexture border="0">seek/progress_left.png</lefttexture>
                    <midtexture border="0">seek/progress_mid.png</midtexture>
                    <righttexture border="0">seek/progress_right.png</righttexture>
                    <align>center</align>
                    <aligny>center</aligny>
                    <info>Player.Progress</info>
					<visible>false</visible>
                </control> 
            </control>  
           <control type="label">
            <description>Show Description</description>
			<posx>500</posx>
            <posy>290</posy>
            <width>1000</width>
            <height>600</height>
            <align>left</align>
            <aligny>bottom</aligny>
            <wrapmultiline>true</wrapmultiline>
            <textcolor>FFFFFFFF</textcolor>
            <shadowcolor>ff000000</shadowcolor>
            <font>font10_Title</font>
			<visible>false</visible>
        </control>
		<control type="textbox">
			<posx>500</posx>
            <posy>290</posy>
            <width>1100</width>
            <height>600</height>
			<align>left</align>
			<aligny>top</aligny>
			<font>font12_Title</font>
			<textcolor>FFFFFFFF</textcolor>
			<label>$INFO[Window(10000).Property(EPG.Description)]</label>
			<autoscroll time="4000" delay="7000" repeat="8000">True</autoscroll>
		</control>
        </control>
    </controls>
</window>