<window>
    <allowoverlay>yes</allowoverlay>
    <onload>SetProperty(PTVL.EPG_Opened,true,10000)</onload>
    <onunload>SetProperty(PTVL.EPG_Opened,false,10000)</onunload> 
    <onload>SetProperty(PTVL.EPG_Opened,true,10000)</onload>
    <onload condition="Control.IsVisible(9000)">ActivateWindow(10006)</onload><!-- Activate random window, workaround for videowindow starting paused -->
    <onload condition="System.HasAddon(script.tv.show.next.aired)">RunScript(script.tv.show.next.aired,backend=True)</onload>
    <onload condition="!Control.IsVisible(9000) + System.HasAddon(script.extendedinfo)">RunScript(script.extendedinfo,info=trendingshows)</onload>
    <onunload>ActivateWindow(12005)</onunload>
    <zorder>1</zorder>
    <coordinates>
        <system>1</system>
        <posx>0</posx>
        <posy>0</posy>
    </coordinates>
    <animation effect="fade" time="5">WindowOpen</animation>
    <!-- <animation effect="fade" time="5">WindowClose</animation> -->
    <controls>
        <control type="group">  
            <posx>0</posx>
            <posy>0</posy>
            <control type="image">
                <width>1920</width>
                <height>1080</height>
                <description>EPG Background</description>
                <texture>epgmain.png</texture>
                <colordiffuse>FFFFFFFF</colordiffuse>
            </control>         
        </control>
            <control type="label" id="9000">
			<posx>-1120</posx>
				<posy>-1110</posy>
                <description>VideoWindow Box Label</description>
                <width>360</width>       
                <height>24</height>
                <font>font12</font>
                <textcolor>C0C0C0C0</textcolor>
                <shadowcolor>ff000000</shadowcolor>
                <align>center</align>
                <scroll>true</scroll>
                <scrollspeed>40</scrollspeed>
                <label>$INFO[Window(10000).Property(OVERLAY.Title)]</label>
                <visible>Control.IsVisible(9000)</visible>
                <aligny>center</aligny>
            </control>
            <control type="videowindow">
                <description>VideoWindow Box Art</description>
               <posx>1120</posx>
				<posy>-110</posy>
                <width>830</width>      
                <height>620</height>
                <align>left</align>
                <aligny>bottom</aligny>
                <aspectratio>keep</aspectratio>
                <visible>Control.IsVisible(9000)</visible>
            </control>
			 <control type="fadelabel" id="505">
                <description>PTVL RSS Feed Label</description>  
                <width>370</width>
                <height>35</height>
                <font>font10</font>
                <aligny>center</aligny>
                <align>left</align>
                <scroll>true</scroll>
                <scrollout>true</scrollout>
                <pauseatend>900000</pauseatend>
                <angle>90</angle>
                <scrollspeed>40</scrollspeed>
                <textcolor>C0C0C0C0</textcolor>
                <shadowcolor>ff000000</shadowcolor>
                <textoffsetx>20</textoffsetx>
                <resetonlabelchange>true</resetonlabelchange>
                <label>$INFO[Window(10000).Property(twitter.1.label)]</label>
                <label>$INFO[Window(10000).Property(twitter.2.label)]</label>
                <label>$INFO[Window(10000).Property(twitter.3.label)]</label>
                <label>$INFO[Window(10000).Property(twitter.4.label)]</label>
				<visible>false</visible>
            </control>    
        <!--Date-->
        <control type="label" id="5001">
            <description>Date Label</description>
            <posx>15</posx>
         <posy>439</posy>
         <width>350</width>
         <height>90</height>
         <aligny>center</aligny>
         <label>Today</label>
         <font>font14</font>
         <textcolor>FFFFFFFF</textcolor>
         <shadowcolor>FF000000</shadowcolor>
        </control>
        <control type="image" id="5002">
            <description>Left Arrow</description>
            <posx>410</posx>
            <posy>300</posy>
            <width>10</width>
            <height>38</height>
            <aspectratio align="center">keep</aspectratio>
            <colordiffuse>C0C0C0C0</colordiffuse>
            <texture>left.png</texture>
			<visible>false</visible>
        </control> 
        <!--Time Bar 1/3-->
        <control type="label" id="101">
            <description>Time Left Label</description>
            <posx>500</posx>
         <posy>439</posy>
         <width>250</width>
         <height>90</height>
         <label>Time 1</label>
         <font>font14</font>
         <aligny>center</aligny>
         <textcolor>FFFFFFFF</textcolor>
         <shadowcolor>FF000000</shadowcolor>
        </control>
        <!--Time Bar 2/3-->
        <control type="label" id="102">
            <description>Time Middle Label</description>
            <posx>1000</posx>
         <posy>439</posy>
         <width>170</width>
         <height>90</height>
         <label>Time 2</label>
         <font>font14</font>
         <align>center</align>
         <aligny>center</aligny>
         <textcolor>FFFFFFFF</textcolor>
         <shadowcolor>FF000000</shadowcolor>
        </control>
        <!--Time Bar 3/3-->
        <control type="label" id="103">
            <description>Time Right Label</description>
             <posx>1625</posx>
         <posy>439</posy>
         <width>200</width>
         <height>90</height>
         <label>Time 3</label>
         <font>font14</font>
         <aligny>center</aligny>
         <textcolor>FFFFFFFF</textcolor>
         <shadowcolor>FF000000</shadowcolor>
        </control>
        <control type="image" id="5003">
            <description>Right Arrow</description>
            <posx>1910</posx>
            <posy>300</posy>
            <width>10</width>
            <height>38</height>
            <aspectratio align="center">keep</aspectratio>
            <colordiffuse>C0C0C0C0</colordiffuse>
            <texture>right.png</texture>
			<visible>false</visible>
        </control>
		 <control type="image" id="5009">
			 <visible></visible>
            <description>Optional Channel Focus Highlight</description>         
            <posx>0</posx>  
            <width>372</width>
            <height>88</height>
            <texture>pstvlHighlight.png</texture>
        </control> 
		 <control type="image" id="5010">
		 <visible></visible>
            <description>Optional Channel Playing Highlight</description>         
            <posx>0</posx>  
            <width>372</width>
            <height>88</height>
            <texture>pstvlHighlightAlt2.png</texture>
			<colordiffuse></colordiffuse>
        </control>
         <!--CH NUMBER-->
      <control type="grouplist">
         <posx>5</posx>
         <posy>539</posy>
         <itemgap>15</itemgap>
         <orientation>vertical</orientation>
         <control type="label" id="311">
            <description>CH 1 NUMBER</description>
            <width>75</width>
            <height>76</height>
            <font>font12_Title</font>
            <align>right</align>
            <aligny>center</aligny>
            <textcolor>FF000000</textcolor>
         </control>
         <control type="label" id="312">
            <description>CH 2 NUMBER</description>
            <width>75</width>
            <height>76</height>
            <font>font12_Title</font>
            <align>right</align>
            <aligny>center</aligny>
            <textcolor>FF000000</textcolor>
         </control>
         <control type="label" id="313">
            <description>CH 3 NUMBER</description>
            <width>75</width>
            <height>76</height>
            <font>font12_Title</font>
            <align>right</align>
            <aligny>center</aligny>
            <textcolor>FF000000</textcolor>
         </control>
         <control type="label" id="314">
            <description>CH 4 NUMBER</description>
            <width>75</width>
            <height>76</height>
            <font>font12_Title</font>
            <align>right</align>
            <aligny>center</aligny>
            <textcolor>FF000000</textcolor>
         </control>
         <control type="label" id="315">
            <description>CH 5 NUMBER</description>
            <width>75</width>
            <height>76</height>
            <font>font12_Title</font>
            <align>right</align>
            <aligny>center</aligny>
            <textcolor>FF000000</textcolor>
         </control>
         <control type="label" id="316">
            <description>CH 6 NUMBER</description>
            <width>75</width>
            <height>76</height>
            <font>font12_Title</font>
            <align>right</align>
            <aligny>center</aligny>
            <textcolor>FF000000</textcolor>
         </control>
      </control>
      <!--CH LIST-->
      <control type="grouplist">
         <posx>100</posx>
         <posy>539</posy>
         <itemgap>15</itemgap>
         <orientation>vertical</orientation>
         <!--CH NAME/ICON-->
         <control type="label" id="301">
            <description>CH 1 NAME</description>
            <width>290</width>
            <height>76</height>
            <font>font12_Title</font>
            <align>left</align>
            <aligny>center</aligny>
            <textcolor>FF000000</textcolor>
            <visible>StringCompare(Control.GetLabel(321),)</visible>
         </control>
         <control type="image" id="321">
            <description>CH 1 ICON</description>
            <width>260</width>
            <height>76</height>
            <align>left</align>
            <aligny>center</aligny>
            <aspectratio>keep</aspectratio>
            <visible>!StringCompare(Control.GetLabel(321),)</visible>
         </control>
         <control type="label" id="302">
            <description>CH 2 NAME</description>
            <width>290</width>
            <height>76</height>
            <font>font12_Title</font>
            <align>left</align>
            <aligny>center</aligny>
            <textcolor>FF000000</textcolor>
            <visible>StringCompare(Control.GetLabel(322),)</visible>
         </control>
         <control type="image" id="322">
            <description>CH 2 ICON</description>
            <width>260</width>
            <height>76</height>
            <align>left</align>
            <aligny>center</aligny>
            <aspectratio>keep</aspectratio>
            <visible>!StringCompare(Control.GetLabel(322),)</visible>
         </control>
         <control type="label" id="303">
            <description>CH 3 NAME</description>
            <width>290</width>
            <height>76</height>
            <font>font12_Title</font>
            <align>left</align>
            <aligny>center</aligny>
            <textcolor>FF000000</textcolor>
            <visible>StringCompare(Control.GetLabel(323),)</visible>
         </control>
         <control type="image" id="323">
            <description>CH 3 ICON</description>
            <width>260</width>
            <height>76</height>
            <align>left</align>
            <aligny>center</aligny>
            <aspectratio>keep</aspectratio>
            <visible>!StringCompare(Control.GetLabel(323),)</visible>
         </control>
         <control type="label" id="304">
            <description>CH 4 NAME</description>
            <width>290</width>
            <height>76</height>
            <font>font12_Title</font>
            <align>left</align>
            <aligny>center</aligny>
            <textcolor>FF000000</textcolor>
            <visible>StringCompare(Control.GetLabel(324),)</visible>
         </control>
         <control type="image" id="324">
            <description>CH 4 ICON</description>
            <width>260</width>
            <height>76</height>
            <align>left</align>
            <aligny>center</aligny>
            <aspectratio>keep</aspectratio>
            <visible>!StringCompare(Control.GetLabel(324),)</visible>
         </control>
         <control type="label" id="305">
            <description>CH 5 NAME</description>
            <width>290</width>
            <height>76</height>
            <font>font12_Title</font>
            <align>left</align>
            <aligny>center</aligny>
            <textcolor>FF000000</textcolor>
            <visible>StringCompare(Control.GetLabel(325),)</visible>
         </control>
         <control type="image" id="325">
            <description>CH 5 ICON</description>
            <width>260</width>
            <height>76</height>
            <align>left</align>
            <aligny>center</aligny>
            <aspectratio>keep</aspectratio>
            <visible>!StringCompare(Control.GetLabel(325),)</visible>
         </control>
         <control type="label" id="306">
            <description>CH 6 NAME</description>
            <width>290</width>
            <height>76</height>
            <font>font12_Title</font>
            <align>left</align>
            <aligny>center</aligny>
            <textcolor>FF000000</textcolor>
            <visible>StringCompare(Control.GetLabel(326),)</visible>
         </control>
         <control type="image" id="326">
            <description>CH 6 ICON</description>
            <width>260</width>
            <height>76</height>
            <align>left</align>
            <aligny>center</aligny>
            <aspectratio>keep</aspectratio>
            <visible>!StringCompare(Control.GetLabel(326),)</visible>
         </control>
      </control>
      <!--SHOW LISTINGS-->
     
      <control type="group" id="111">
         <posx>388</posx>
         <posy>534</posy>
         <width>1532</width>
         <height>91</height>
      </control>
     
      <control type="group" id="112">
         <posx>388</posx>
         <posy>625</posy>
         <width>1532</width>
         <height>91</height>
      </control>
     
      <control type="group" id="113">
         <posx>388</posx>
         <posy>716</posy>
         <width>1532</width>
         <height>91</height>
      </control>
     
      <control type="group" id="114">
         <posx>388</posx>
         <posy>807</posy>
         <width>1532</width>
         <height>91</height>
      </control>
     
      <control type="group" id="115">
         <posx>388</posx>
         <posy>898</posy>
         <width>1532</width>
         <height>91</height>
      </control>
      
      <control type="group" id="116">
         <posx>388</posx>
         <posy>989</posy>
         <width>1532</width>
         <height>91</height>
      </control>
        <control type="image" id="5004"> 
            <description>Timebar Optional past fade</description>
            <posx>411</posx>
            <posy>340</posy>
            <width>-1</width>
            <height>448</height>
            <aspectratio>scale</aspectratio>
            <texture>pstvlTimeFadeP.png</texture>
			<visible>true</visible>
        </control>  
        <control type="image" id="5005"> 
            <description>Timebar Optional future fade</description>
            <posx>411</posx>
            <posy>340</posy>
            <width>-1</width>
            <height>448</height>
            <aspectratio>scale</aspectratio>
            <texture>pstvlTimeFadeF.png</texture>
            <visible>true</visible>
        </control>  
        <control type="label" id="5006">
            <description>Timebar Current Time Button</description>
            <posx>420</posx>
            <posy>439</posy>
            <width min="128" max="400">auto</width>
            <height>90</height>
            <fadetime>250</fadetime>
            <textcolor>FFFFFFFF</textcolor>
            <shadowcolor>ff000000</shadowcolor>
            <font>font14</font>
            <align>center</align>
            <aligny>center</aligny>
			<visible>true</visible>
        </control>
        <control type="image" id="5007">
            <description>Timebar line</description>
            <posx>388</posx>
         <posy>522</posy>
         <width>30</width>
         <height>558</height>
         <aspectratio>keep</aspectratio>
        </control>
		
		 <control type="button" id="6000">
            <description>Filter Button</description>     
            <posx>0</posx>
            <posy>258</posy>   
            <width>410</width>
            <height>38</height>
            <texturenofocus>NA.png</texturenofocus>
            <texturefocus>pstvlButtonFocusAlt.png</texturefocus>
        </control>
     <!-- Epg/Recordings/OnDemand/Applications -->
		<control type="button" id="6001">
            <description>EPG Label</description>
            <posx>490</posx>
            <posy>100</posy>
            <width>120</width>
            <height>110</height>
            <label></label>
            <font>font12_Title</font>
            <align>left</align>
            <aligny>center</aligny>
			<texturenofocus>epgfocus.png</texturenofocus>
            <texturefocus>epgnofocus.png</texturefocus>
        </control>               
        <control type="button" id="6002">
            <description>DVR Label</description>
			<posx>660</posx>
            <posy>120</posy>
            <width>60</width>
            <height>58</height>
            <label></label>
            <font>font12_Title</font>
            <align>left</align>
            <aligny>center</aligny>
			<texturenofocus>recordfocus.png</texturenofocus>
            <texturefocus>record.png</texturefocus>
		</control>               
        <control type="button" id="6003">
            <description>OnDemand Label</description>
			<posx>800</posx>
            <posy>115</posy>
            <width>63</width>
            <height>68</height>
            <label></label>
            <font>font12_Title</font>
            <align>left</align>
            <aligny>center</aligny>
			<texturenofocus>ondemandfocus.png</texturenofocus>
            <texturefocus>ondemandnofocus.png</texturefocus>
        </control>               
        <control type="button" id="6004">
            <description>Apps Label</description>
			<posx>900</posx>
            <posy>90</posy>
            <width>133</width>
            <height>118</height>
            <label></label>
            <font>font12_Title</font>
            <align>left</align>
            <aligny>center</aligny>
			<texturenofocus>appsbuttonnofocus.png</texturenofocus>
            <texturefocus>appsbuttonfocus.png</texturefocus>
        </control>   
        <control type="grouplist">
            <posx>25</posx>
            <posy>210</posy>
            <width>1050</width>
            <orientation>horizontal</orientation>
            <itemgap>5</itemgap>
            <control type="label">
                <description>Show Title Label</description>
                <width min="5" max="1100">auto</width>
                <height>30</height>
                <font>font14</font>
                <textcolor>ffffff00</textcolor>
                <shadowcolor>ff000000</shadowcolor>
                <scroll>true</scroll>
                <align>left</align>
                <aligny>center</aligny>
                <wrapmultiline>false</wrapmultiline>
                <scrollspeed>40</scrollspeed>
                <scrollsuffix> - </scrollsuffix>
                <label>[B]$INFO[Window(10000).Property(EPG.Title)][COLOR=C0C0C0C0] � [/COLOR][COLOR=FFFFFFFF]$INFO[Window(10000).Property(EPG.SEtitle)][/COLOR][/B]</label>
            </control>
        </control>
        <control type="grouplist">
            <posx>25</posx>
            <posy>260</posy>
            <width>1000</width>
            <orientation>vertical</orientation>
            <itemgap>12</itemgap>
           <control type="image">
                <description>Seekbar Line</description>
                <posx>0</posx>
                <posy>0</posy> 
                <width>1400</width>
                <height>3</height>
                <texture border="0">seek/progress_mid.png</texture>
                <align>center</align>
                <aligny>center</aligny>
                <visible>false</visible>
            </control>
            <control type="group" id="5008">  
                <control type="progress">
                    <posx>0</posx>
                    <posy>0</posy>
                    <width>1400</width>
                    <height>3</height>
                    <texturebg>seek/progress_back.png</texturebg>
                    <lefttexture border="0">seek/progresscache_left.png</lefttexture>
                    <midtexture border="0">seek/progresscache_mid.png</midtexture>
                    <righttexture border="0">seek/progresscache_right.png</righttexture>
                    <align>center</align>
                    <aligny>center</aligny>
                    <info>Player.ProgressCache</info>
					<visible>false</visible>
                </control>
                <control type="progress">
                    <posx>0</posx>
                    <posy>0</posy>
                    <width>1400</width>
                    <height>3</height>
                    <texturebg>seek/progresscache_back.png</texturebg>
                    <lefttexture border="0">seek/progress_left.png</lefttexture>
                    <midtexture border="0">seek/progress_mid.png</midtexture>
                    <righttexture border="0">seek/progress_right.png</righttexture>
                    <align>center</align>
                    <aligny>center</aligny>
                    <info>Player.Progress</info>
					<visible>false</visible>
                </control> 
            </control>  
            <control type="label">
                <description>Show Description</description>
                <width>1000</width>
                <height>190</height>
                <align>left</align>
                <aligny>bottom</aligny>
                <wrapmultiline>true</wrapmultiline>
                <textcolor>FFFFFFFF</textcolor>
                <shadowcolor>ff000000</shadowcolor>
                <font>font12</font>
                <label>[B]$INFO[Window(10000).Property(EPG.Description)][/B]</label>
            </control> 
        </control> 
    </controls>
</window>
