<window>
    <allowoverlay>no</allowoverlay>   
    <!-- <onload condition="StringCompare((Window(10000).Property(PTVL.VideoWindow)),true)">ActivateWindow(9506)</onload> -->
    <onload condition="StringCompare((Window(10000).Property(PTVL.VideoWindow)),true)">ActivateWindow(10006)</onload><!-- Activate random window, workaround for 9506 starting paused -->
    <onunload>ActivateWindow(12005)</onunload>
    <onload>SetProperty(PTVL.DVR_Opened,true,10000)</onload>
    <onunload>SetProperty(PTVL.DVR_Opened,false,10000)</onunload>
    <zorder>1</zorder>
    <coordinates>
        <system>1</system>
        <posx>0</posx>
        <posy>0</posy>
    </coordinates>
    <controls>
   <control type="group">  
            <posx>0</posx>
            <posy>0</posy>
            <control type="image">
                <width>1920</width>
                <height>1080</height>
                <description>EPG Background</description>
                <texture>dvrmain.png</texture>
                <colordiffuse>FFFFFFFF</colordiffuse>
            </control>         
        </control> 
            <control type="videowindow">
                <description>VideoWindow Box Art</description>
				<posx>1120</posx>
				<posy>-110</posy>
                <width>830</width>      
                <height>620</height>
                <align>left</align>
                <aligny>bottom</aligny>
                <aspectratio>keep</aspectratio>
                <visible>StringCompare((Window(10000).Property(PTVL.VideoWindow)),true)</visible>
            </control>
				<control type="button" id="6001">
            <description>EPG Label</description>
            <posx>490</posx>
            <posy>100</posy>
            <width>120</width>
            <height>110</height>
            <label></label>
            <font>font12_Title</font>
            <align>left</align>
            <aligny>center</aligny>
			<texturenofocus>epgfocus.png</texturenofocus>
            <texturefocus>epgnofocus.png</texturefocus>
        </control>               
        <control type="button" id="6002">
            <description>DVR Label</description>
			<posx>660</posx>
            <posy>120</posy>
            <width>60</width>
            <height>58</height>
            <label></label>
            <font>font12_Title</font>
            <align>left</align>
            <aligny>center</aligny>
			<texturenofocus>recordfocus.png</texturenofocus>
            <texturefocus>record.png</texturefocus>
		</control>               
        <control type="button" id="6003">
            <description>OnDemand Label</description>
			<posx>800</posx>
            <posy>115</posy>
            <width>63</width>
            <height>68</height>
            <label></label>
            <font>font12_Title</font>
            <align>left</align>
            <aligny>center</aligny>
			<texturenofocus>ondemandfocus.png</texturenofocus>
            <texturefocus>ondemandnofocus.png</texturefocus>
        </control>               
        <control type="button" id="6004">
            <description>Apps Label</description>
			<posx>900</posx>
            <posy>90</posy>
            <width>133</width>
            <height>118</height>
            <label></label>
            <font>font12_Title</font>
            <align>left</align>
            <aligny>center</aligny>
			<texturenofocus>appsbuttonnofocus.png</texturenofocus>
            <texturefocus>appsbuttonfocus.png</texturefocus>
        </control>   
			 <control type="grouplist">
            <posx>25</posx>
            <posy>210</posy>
            <width>1050</width>
            <orientation>horizontal</orientation>
            <itemgap>5</itemgap>
            <control type="label">
                <description>Show Title Label</description>
                <width min="5" max="1100">auto</width>
                <height>30</height>
                <font>font14</font>
                <textcolor>ffffff00</textcolor>
                <shadowcolor>ff000000</shadowcolor>
                <scroll>true</scroll>
                <align>left</align>
                <aligny>center</aligny>
                <wrapmultiline>false</wrapmultiline>
                <scrollspeed>40</scrollspeed>
                <scrollsuffix> - </scrollsuffix>
                <label>[B]$INFO[Window(10000).Property(EPG.Title)][COLOR=C0C0C0C0] • [/COLOR][COLOR=FFFFFFFF]$INFO[Window(10000).Property(EPG.SEtitle)][/COLOR][/B]</label>
            </control>
        </control>
		 <control type="grouplist">
            <posx>25</posx>
            <posy>250</posy>
            <width>1000</width>
            <orientation>vertical</orientation>
            <itemgap>12</itemgap>
           <control type="image">
                <description>Seekbar Line</description>
                <posx>0</posx>
                <posy>0</posy> 
                <width>1400</width>
                <height>3</height>
                <texture border="0">seek/progress_mid.png</texture>
                <align>center</align>
                <aligny>center</aligny>
                <visible>false</visible>
            </control>
            <control type="group" id="5008">  
                <control type="progress">
                    <posx>0</posx>
                    <posy>0</posy>
                    <width>1400</width>
                    <height>3</height>
                    <texturebg>seek/progress_back.png</texturebg>
                    <lefttexture border="0">seek/progresscache_left.png</lefttexture>
                    <midtexture border="0">seek/progresscache_mid.png</midtexture>
                    <righttexture border="0">seek/progresscache_right.png</righttexture>
                    <align>center</align>
                    <aligny>center</aligny>
                    <info>Player.ProgressCache</info>
					<visible>false</visible>
                </control>
                <control type="progress">
                    <posx>0</posx>
                    <posy>0</posy>
                    <width>1400</width>
                    <height>3</height>
                    <texturebg>seek/progresscache_back.png</texturebg>
                    <lefttexture border="0">seek/progress_left.png</lefttexture>
                    <midtexture border="0">seek/progress_mid.png</midtexture>
                    <righttexture border="0">seek/progress_right.png</righttexture>
                    <align>center</align>
                    <aligny>center</aligny>
                    <info>Player.Progress</info>
					<visible>false</visible>
                </control> 
            </control>  
            <control type="label">
                <description>Show Description</description>
                <width>1050</width>
                <height>90</height>
                <align>left</align>
                <aligny>bottom</aligny>
                <wrapmultiline>true</wrapmultiline>
                <textcolor>FFFFFFFF</textcolor>
                <shadowcolor>ff000000</shadowcolor>
                <font>font12</font>
                <label>[B]$INFO[Window(10000).Property(EPG.Description)][/B]</label>
            </control> 
        </control> 
       
    </controls>
</window>
