<?xml version="1.0" encoding="utf-8"?>
<window>
    <allowoverlay>no</allowoverlay>  
    <!-- <onload condition="StringCompare((Window(10000).Property(PTVL.VideoWindow)),true)">ActivateWindow(9506)</onload> -->
    <onload condition="StringCompare((Window(10000).Property(PTVL.VideoWindow)),true)">ActivateWindow(10004)</onload><!-- Activate random window, workaround for 9506 starting paused -->
    <onunload>ActivateWindow(12005)</onunload>
    <onload>SetProperty(PTVL.APPS_Opened,true,10000)</onload>
    <onunload>SetProperty(PTVL.APPS_Opened,false,10000)</onunload>
    <zorder>1</zorder>
    <coordinates>
        <system>1</system>
        <posx>0</posx>
        <posy>0</posy>
    </coordinates>
    <controls>
       <control type="group">  
            <posx>0</posx>
            <posy>0</posy>
            <control type="image">
                <width>1920</width>
                <height>1080</height>
                <description>EPG Background</description>
                <texture>dvrmain.png</texture>
                <colordiffuse>FFFFFFFF</colordiffuse>
            </control>         
        </control> 
            <control type="videowindow">
                <description>VideoWindow Box Art</description>
				<posx>1120</posx>
				<posy>-110</posy>
                <width>830</width>      
                <height>620</height>
                <align>left</align>
                <aligny>bottom</aligny>
                <aspectratio>keep</aspectratio>
                <visible>StringCompare((Window(10000).Property(PTVL.VideoWindow)),true)</visible>
            </control>
			 <control type="grouplist">
            <posx>25</posx>
            <posy>210</posy>
            <width>1050</width>
            <orientation>horizontal</orientation>
            <itemgap>5</itemgap>
            <control type="label">
                <description>Show Title Label</description>
                <width min="5" max="1100">auto</width>
                <height>30</height>
                <font>font14</font>
                <textcolor>ffffff00</textcolor>
                <shadowcolor>ff000000</shadowcolor>
                <scroll>true</scroll>
                <align>left</align>
                <aligny>center</aligny>
                <wrapmultiline>false</wrapmultiline>
                <scrollspeed>40</scrollspeed>
                <scrollsuffix> - </scrollsuffix>
                <label>[B]$INFO[Window(10000).Property(EPG.Title)][COLOR=C0C0C0C0] • [/COLOR][COLOR=FFFFFFFF]$INFO[Window(10000).Property(EPG.SEtitle)][/COLOR][/B]</label>
            </control>
        </control>
		<control type="button" id="6001">
            <description>EPG Label</description>
            <posx>490</posx>
            <posy>100</posy>
            <width>120</width>
            <height>110</height>
            <label></label>
            <font>font12_Title</font>
            <align>left</align>
            <aligny>center</aligny>
			<texturenofocus>epgfocus.png</texturenofocus>
            <texturefocus>epgnofocus.png</texturefocus>
        </control>               
        <control type="button" id="6002">
            <description>DVR Label</description>
			<posx>660</posx>
            <posy>120</posy>
            <width>60</width>
            <height>58</height>
            <label></label>
            <font>font12_Title</font>
            <align>left</align>
            <aligny>center</aligny>
			<texturenofocus>recordfocus.png</texturenofocus>
            <texturefocus>record.png</texturefocus>
		</control>               
        <control type="button" id="6003">
            <description>OnDemand Label</description>
			<posx>800</posx>
            <posy>115</posy>
            <width>63</width>
            <height>68</height>
            <label></label>
            <font>font12_Title</font>
            <align>left</align>
            <aligny>center</aligny>
			<texturenofocus>ondemandfocus.png</texturenofocus>
            <texturefocus>ondemandnofocus.png</texturefocus>
        </control>               
        <control type="button" id="6004">
            <description>Apps Label</description>
			<posx>900</posx>
            <posy>90</posy>
            <width>133</width>
            <height>118</height>
            <label></label>
            <font>font12_Title</font>
            <align>left</align>
            <aligny>center</aligny>
			<texturenofocus>appsbuttonnofocus.png</texturenofocus>
            <texturefocus>appsbuttonfocus.png</texturefocus>
        </control>   
		 <control type="grouplist">
            <posx>25</posx>
            <posy>250</posy>
            <width>1000</width>
            <orientation>vertical</orientation>
            <itemgap>12</itemgap>
           <control type="image">
                <description>Seekbar Line</description>
                <posx>0</posx>
                <posy>0</posy> 
                <width>1400</width>
                <height>3</height>
                <texture border="0">seek/progress_mid.png</texture>
                <align>center</align>
                <aligny>center</aligny>
                <visible>false</visible>
            </control>
            <control type="group" id="5008">  
                <control type="progress">
                    <posx>0</posx>
                    <posy>0</posy>
                    <width>1400</width>
                    <height>3</height>
                    <texturebg>seek/progress_back.png</texturebg>
                    <lefttexture border="0">seek/progresscache_left.png</lefttexture>
                    <midtexture border="0">seek/progresscache_mid.png</midtexture>
                    <righttexture border="0">seek/progresscache_right.png</righttexture>
                    <align>center</align>
                    <aligny>center</aligny>
                    <info>Player.ProgressCache</info>
					<visible>false</visible>
                </control>
                <control type="progress">
                    <posx>0</posx>
                    <posy>0</posy>
                    <width>1400</width>
                    <height>3</height>
                    <texturebg>seek/progresscache_back.png</texturebg>
                    <lefttexture border="0">seek/progress_left.png</lefttexture>
                    <midtexture border="0">seek/progress_mid.png</midtexture>
                    <righttexture border="0">seek/progress_right.png</righttexture>
                    <align>center</align>
                    <aligny>center</aligny>
                    <info>Player.Progress</info>
					<visible>false</visible>
                </control> 
            </control>  
            <control type="label">
                <description>Show Description</description>
                <width>1050</width>
                <height>90</height>
                <align>left</align>
                <aligny>bottom</aligny>
                <wrapmultiline>true</wrapmultiline>
                <textcolor>FFFFFFFF</textcolor>
                <shadowcolor>ff000000</shadowcolor>
                <font>font12</font>
                <label>[B]$INFO[Window(10000).Property(EPG.Description)][/B]</label>
            </control> 
        </control>    
        <!-- Panel -->
        <control type="group">
            <posy>130</posy>
            <animation type="WindowOpen" reversible="false">
                <effect type="zoom" start="80" end="100" center="960,540" delay="500" tween="back" time="240" />
                <effect type="fade" delay="500" end="100" time="240" />
            </animation>
            <animation type="WindowClose" reversible="false">
                <effect type="zoom" start="100" end="80" center="960,540" easing="in" tween="back" time="240" />
                <effect type="fade" start="100" end="0" time="240" />
            </animation>
            <control description="Panel" id="500" type="panel">
                <viewtype label="Panel">Panel</viewtype>   
                <posx>425</posx>
                <posy>340</posy> 
                <width>1492</width>
                <height>700</height>
                <orientation>vertical</orientation>
                <onleft>655</onleft>
                <onright>655</onright>
                <onup>655</onup>
                <ondown>655</ondown>
                <preloaditems>4</preloaditems>
                <pagecontrol>60</pagecontrol>
                <itemlayout height="360" width="373">
                    <control type="image">
                        <posx>0</posx>
                        <posy>0</posy>
                        <width>370</width>
                        <height min="5" max="370">auto</height>
                        <bordersize>-18</bordersize>
                        <texture border="8">borderNF.png</texture>
                        <visible>ListItem.IsSelected</visible>
                    </control>
                    <control type="image">
                        <posx>0</posx>
                        <posy>0</posy>
                        <width>360</width>
                        <height min="5" max="347">auto</height>
                        <texture background="true">$INFO[ListItem.Art(thumb)]</texture>
                        <aspectratio aligny="top">keep</aspectratio>
                    </control>
                </itemlayout>
                <focusedlayout height="360" width="373">
                    <control type="image">
                        <posx>0</posx>
                        <posy>0</posy>
                        <width>370</width>
                        <height min="5" max="370">auto</height>
                        <bordersize>0</bordersize>
                        <texture border="8">borderFO.png</texture>
                        <visible>ListItem.IsSelected</visible>
                    </control>
                    <control type="image">
                        <posx>0</posx>
                        <posy>0</posy>
                        <width>360</width>
                        <height min="5" max="347">auto</height>
                        <texture background="true">$INFO[ListItem.Art(thumb)]</texture>
                        <aspectratio aligny="top">keep</aspectratio>
                    </control>
                </focusedlayout>
            </control>   
            <control description="SideInfo" type="grouplist">
                <posx>30</posx>
                <posy>340</posy>
                <itemgap>10</itemgap>
                <orientation>vertical</orientation>
                <control description="FanArt" type="multiimage">
                    <posx>0</posx>
                    <posy>0</posy>
                    <width>360</width>      
                    <height>180</height>
                    <fadetime>500</fadetime>
                    <imagepath background="true">$INFO[Container(500).ListItem.Property(Fanart_Image)]</imagepath>
                    <aspectratio aligny="top">keep</aspectratio>
                </control>
                <control description="Title Label" type="label">
                    <posx>30</posx>
                    <posy>0</posy>
                    <width>360</width>      
                    <height>30</height>
                    <fadetime>500</fadetime>
                    <aligny>center</aligny>
                    <align>center</align>
                    <textcolor>FFFFFFFF</textcolor>
                    <shadowcolor>ff000000</shadowcolor>
                    <wrapmultiline>False</wrapmultiline>
                    <label>$INFO[Container(500).ListItem.Label]</label>
                </control>
            </control>
            <control type="image">
                <texture flipy="true">fade.png</texture>
                <posx>0</posx>
                <posy>298</posy>
                <width>1920</width>
                <height>100</height>
                <animation effect="fade" end="100" time="360">WindowOpen</animation>
                <animation effect="fade" start="100" end="0" time="250">WindowClose</animation>
            </control>
            <control type="image">
                <texture>fade.png</texture>
                <posx>0</posx>
                <posy>980</posy>
                <width>1920</width>
                <height>100</height>
                <animation effect="fade" end="100" time="360">WindowOpen</animation>
                <animation effect="fade" start="100" end="0" time="250">WindowClose</animation>
            </control>
        </control>
    </controls>
</window>
