<fonts>
    <font res="720p"  name="bold10" filename="verdanab.ttf" size="12" />
    <font res="1080i" name="bold10" filename="verdanab.ttf" size="18" />
    <font res="720p"  name="bold12" filename="verdanab.ttf" size="18" />
    <font res="1080i" name="bold12" filename="verdanab.ttf" size="24" />
    <font res="720p"  name="bold13" filename="verdanab.ttf" size="24" />
    <font res="1080i" name="bold13" filename="verdanab.ttf" size="36" />
    <font res="720p"  name="bold14" filename="verdanab.ttf" size="36" />
    <font res="1080i" name="bold14" filename="verdanab.ttf" size="48" />
</fonts>