<?xml version="1.0" encoding="utf-8"?>
<window>
    <allowoverlay>no</allowoverlay>  
    <!-- <onload condition="StringCompare((Window(10000).Property(PTVL.VideoWindow)),true)">ActivateWindow(9506)</onload> -->
    <onload condition="StringCompare((Window(10000).Property(PTVL.VideoWindow)),true)">ActivateWindow(10006)</onload><!-- Activate random window, workaround for 9506 starting paused -->
    <onunload>ActivateWindow(12005)</onunload>
    <onload>SetProperty(PTVL.APPS_Opened,true,10000)</onload>
    <onunload>SetProperty(PTVL.APPS_Opened,false,10000)</onunload>
    <zorder>1</zorder>
    <coordinates>
        <system>1</system>
        <posx>0</posx>
        <posy>0</posy>
    </coordinates>
    <controls>
         <control type="image">
            <description>DVR Background</description>
            <posx>0</posx>
            <posy>0</posy>
            <width>1920</width>
            <height>1080</height>
            <texture>pstvlBackground.png</texture>
            <colordiffuse>FFFFFFFF</colordiffuse>
        </control> 
		<!-- PANEL 1 -->
		<control type="image">
            <texture>video2.png</texture>
            <posx>49</posx>
            <posy>845</posy>
            <width>393</width>
            <height>230</height>
            <visible>true</visible>
        </control>
        <!-- VideoWindow Box --> 
        <!-- #### Skinners Include Everything for videowindow patch to work #### -->
        <!-- PATCH START --> 
        <control type="videowindow">
            <description>video</description>
			<posx>53</posx>
            <posy>855</posy>
            <width>382</width>      
            <height>210</height>
			<aspectratio align="center" aligny="center" scalediffuse="false">stretch</aspectratio>
			<texture diffuse="video_diffuse.png"></texture>
            <visible>true</visible>
        </control>
        <!-- PATCH END -->
        <!-- ################################################################## -->
		<control type="image">
            <texture>230.png</texture>
            <posx>59</posx>
            <posy>920</posy>
            <width>375</width>
            <height>160</height>
            <visible>true</visible>
        </control>
		<control type="label">
			<posx>55</posx>
			<posy>1035</posy>
            <width>360</width>       
            <height>24</height>
            <font>font12_Title</font>
            <textcolor>ffffa500</textcolor>
            <align>center</align>
            <aligny>center</aligny>
            <label>Now Playing</label>
        </control>
        <!-- Panel 2 -->
		<control type="image">
            <texture>video2.png</texture>
            <posx>524</posx>
            <posy>846</posy>
            <width>393</width>
            <height>228</height>
            <visible>true</visible>
        </control>
        <control type="image">
		    <posx>533</posx>
            <posy>820</posy>
            <width>375</width>      
            <height>282</height>
            <align>center</align>
            <aligny>center</aligny>
            <aspectratio>keep</aspectratio>
            <texture background="true">$INFO[Window(Home).Property(SkinHelper.RecentVideosBackground)]</texture>
            <fadetime>2000</fadetime>
        </control>
		<control type="image">
            <texture>230.png</texture>
            <posx>532</posx>
            <posy>920</posy>
            <width>377</width>
            <height>160</height>
            <visible>true</visible>
            </control>
		<control type="label">
			<posx>540</posx>
			<posy>1037</posy>
            <width>360</width>       
            <height>24</height>
            <font>font12_Title</font>
            <textcolor>ffffa500</textcolor>
            <align>center</align>
            <aligny>center</aligny>
            <label>Recently added Videos</label>
        </control> 
        <!-- Panel 3 -->
		<control type="image">
            <texture>video2.png</texture>
            <posx>1006</posx>
            <posy>845</posy>
            <width>393</width>
            <height>230</height>
            <visible>true</visible>
        </control>
        <control type="image">
			<posx>1015</posx>
            <posy>820</posy>
            <width>375</width>      
            <height>282</height>
            <align>center</align>
            <aligny>center</aligny>
            <aspectratio>keep</aspectratio>
            <texture fallback="">$INFO[Window(Home).Property(SkinHelper.InProgressShowsBackground)]</texture>
            <fadetime>1500</fadetime>
        </control>
		<control type="image">
            <texture>230.png</texture>
            <posx>1015</posx>
            <posy>920</posy>
            <width>375</width>
            <height>160</height>
            <visible>true</visible>
        </control>
		<control type="label">
		    <posx>1010</posx>
            <posy>1035</posy>
            <width>370</width>       
            <height>24</height>
            <font>font12_Title</font>
            <align>center</align>
            <aligny>center</aligny>
            <label>In Progress TVShows</label>
            <textcolor>ffffa500</textcolor>
            <fadetime>1500</fadetime>
        </control>
        <!-- Panel 4 -->
		<control type="image">
            <texture>video2.png</texture>
            <posx>1485</posx>
            <posy>845</posy>
            <width>393</width>
            <height>230</height>
            <visible>true</visible>
        </control>
        <control type="image">
		    <posx>1495</posx>
            <posy>815</posy>
            <width>375</width>      
            <height>290</height>
			<align>center</align>
            <aligny>center</aligny>
            <aspectratio>keep</aspectratio>
            <texture fallback="">$INFO[Window(Home).Property(SkinHelper.UnwatchedMoviesBackground)]</texture>
			<visible>true</visible>
            <fadetime>1000</fadetime>
        </control>
		<control type="image">
            <texture>230.png</texture>
            <posx>1500</posx>
            <posy>920</posy>
            <width>370</width>
            <height>160</height>
            <visible>true</visible>
        </control>
		<control type="label">
		    <posx>1485</posx>
            <posy>1040</posy>
            <width>360</width>       
            <height>24</height>
            <font>font12_Title</font>
            <align>center</align>
            <aligny>center</aligny>
            <label>Unwatched Movies</label>
            <textcolor>ffffa500</textcolor>
            <fadetime>1000</fadetime>
        </control>
      <!-- Epg/Recordings/OnDemand/Applications -->
        <control type="grouplist">              
            <posx>130</posx>
            <posy>20</posy>
            <itemgap>330</itemgap>
            <orientation>horizontal</orientation>
		<control type="button" id="6001">
            <description>EPG Label</description>            
            <width>173</width>
            <height>38</height>
            <label>TV Guide</label>
            <font>font12_Title</font>
            <align>left</align>
            <aligny>center</aligny>
			<texturenofocus>NA.png</texturenofocus>
            <texturefocus>EPGbuttonFocus.png</texturefocus>
            <textcolor>FFFFFFFF</textcolor>
            <shadowcolor>ff000000</shadowcolor>
        </control>               
        <control type="button" id="6002">
            <description>DVR Label</description>              
            <width>173</width>
            <height>38</height>
            <label>Recordings</label>
            <font>font12_Title</font>
            <align>left</align>
            <aligny>center</aligny>
			<texturenofocus>NA.png</texturenofocus>
            <texturefocus>EPGbuttonFocus.png</texturefocus>
            <textcolor>FFFFFFFF</textcolor>
            <shadowcolor>ff000000</shadowcolor>
		</control>               
        <control type="button" id="6003">
            <description>OnDemand Label</description>               
            <width>173</width>
            <height>38</height>
            <label>OnDemand</label>
            <font>font12_Title</font>
            <align>left</align>
            <aligny>center</aligny>
			<texturenofocus>NA.png</texturenofocus>
            <texturefocus>EPGbuttonFocus.png</texturefocus>
            <textcolor>FFFFFFFF</textcolor>
            <shadowcolor>ff000000</shadowcolor>
        </control>               
        <control type="button" id="6004">
            <description>Apps Label</description>        
            <width>173</width>
            <height>38</height>
            <label>Applications</label>
            <font>font12_Title</font>
            <align>left</align>
            <aligny>center</aligny>
			<texturenofocus>NA.png</texturenofocus>
            <texturefocus>EPGbuttonFocus.png</texturefocus>
            <textcolor>FFFFFFFF</textcolor>
            <shadowcolor>ff000000</shadowcolor>
        </control>   
        </control>
		<!-- Epg/Recordings/OnDemand/Applications Colors -->
		<control type="grouplist">            
            <posx>100</posx>
            <posy>5</posy>
            <itemgap>475</itemgap>
            <orientation>horizontal</orientation>
        <control type="label">
            <description>Sep Label</description>      
            <width>13</width>
            <height>64</height>
            <label>|</label>
            <align>left</align>
            <aligny>center</aligny>
            <font>font14</font>
            <textcolor>red</textcolor>
            <shadowcolor>ff000000</shadowcolor>
        </control>
        <control type="label">
            <description>Channel 2 Sep Label</description>      
            <width>18</width>
            <height>64</height>
            <label>|</label>
            <align>left</align>
            <aligny>center</aligny>
            <font>font14</font>
            <textcolor>green</textcolor>
            <shadowcolor>ff000000</shadowcolor>
        </control>
        <control type="label">
            <description>Channel 3 Sep Label</description>      
            <width>18</width>
            <height>64</height>
            <label>|</label>
            <align>left</align>
            <aligny>center</aligny>
            <font>font14</font>
            <textcolor>yellow</textcolor>
            <shadowcolor>ff000000</shadowcolor>
        </control>
        <control type="label">
            <description>Channel 4 Sep Label</description>      
            <width>13</width>
            <height>64</height>
            <label>|</label>
            <align>left</align>
            <aligny>center</aligny>
            <font>font14</font>
            <textcolor>blue</textcolor>
            <shadowcolor>ff000000</shadowcolor>
        </control>
        </control>
		<!-- Epg/Recordings/OnDemand/Applications Backgrounds -->
		<control type="image">
            <texture>pstvlButtonNoFocus.png</texture>
            <posx>10</posx>
            <posy>5</posy>
            <width>1980</width>
            <height>74</height>
            <visible>true</visible>
        </control>
		<control type="image">
            <texture>pstvlButtonFocus.png</texture>
            <posx>10</posx>
            <posy>5</posy>
            <width>1980</width>
            <height>74</height>
            <visible>true</visible>
        </control>
      <!-- Background Panels -->
		<control type="image">
            <texture>pstvlButtonNoFocus.png</texture>
            <posx>10</posx>
            <posy>831</posy>
            <width>1980</width>
            <height>325</height>
            <visible>true</visible>
        </control>
        <!-- Panel -->
        <control type="group">
            <posy>-220</posy>
            <animation type="WindowOpen" reversible="false">
                <effect type="zoom" start="80" end="100" center="960,540" delay="500" tween="back" time="240" />
                <effect type="fade" delay="500" end="100" time="240" />
            </animation>
            <animation type="WindowClose" reversible="false">
                <effect type="zoom" start="100" end="80" center="960,540" easing="in" tween="back" time="240" />
                <effect type="fade" start="100" end="0" time="240" />
            </animation>
            <control description="Panel" id="500" type="panel">
                <viewtype label="Panel">Panel</viewtype>   
                <posx>425</posx>
                <posy>340</posy> 
                <width>1492</width>
                <height>700</height>
                <orientation>vertical</orientation>
                <onleft>655</onleft>
                <onright>655</onright>
                <onup>655</onup>
                <ondown>655</ondown>
                <preloaditems>4</preloaditems>
                <pagecontrol>60</pagecontrol>
                <itemlayout height="360" width="373">
                    <control type="image">
                        <posx>0</posx>
                        <posy>0</posy>
                        <width>370</width>
                        <height min="5" max="370">auto</height>
                        <bordersize>-18</bordersize>
                        <texture border="8">folder-focus.png</texture>
                        <visible>ListItem.IsSelected</visible>
                    </control>
                    <control type="image">
                        <posx>0</posx>
                        <posy>0</posy>
                        <width>360</width>
                        <height min="5" max="347">auto</height>
                        <texture background="true">$INFO[ListItem.Art(thumb)]</texture>
                        <aspectratio aligny="top">keep</aspectratio>
                    </control>
                </itemlayout>
                <focusedlayout height="360" width="373">
                    <control type="image">
                        <posx>0</posx>
                        <posy>0</posy>
                        <width>370</width>
                        <height min="5" max="370">auto</height>
                        <bordersize>-18</bordersize>
                        <texture border="8">folder-focus.png</texture>
                        <visible>ListItem.IsSelected</visible>
                    </control>
                    <control type="image">
                        <posx>0</posx>
                        <posy>0</posy>
                        <width>360</width>
                        <height min="5" max="347">auto</height>
                        <texture background="true">$INFO[ListItem.Art(thumb)]</texture>
                        <aspectratio aligny="top">keep</aspectratio>
                    </control>
                </focusedlayout>
            </control>   
            <control description="SideInfo" type="grouplist">
                <posx>30</posx>
                <posy>340</posy>
                <itemgap>10</itemgap>
                <orientation>vertical</orientation>
                <control description="FanArt" type="multiimage">
                    <posx>0</posx>
                    <posy>0</posy>
                    <width>360</width>      
                    <height>180</height>
                    <fadetime>500</fadetime>
                    <imagepath background="true">$INFO[Container(500).ListItem.Property(Fanart_Image)]</imagepath>
                    <aspectratio aligny="top">keep</aspectratio>
                </control>
                <control description="Title Label" type="label">
                    <posx>30</posx>
                    <posy>0</posy>
                    <width>360</width>      
                    <height>30</height>
                    <fadetime>500</fadetime>
                    <aligny>center</aligny>
                    <align>center</align>
                    <textcolor>FFFFFFFF</textcolor>
                    <shadowcolor>ff000000</shadowcolor>
                    <wrapmultiline>False</wrapmultiline>
                    <label>$INFO[Container(500).ListItem.Label]</label>
                </control>
            </control>
            <control type="image">
                <texture flipy="true">fade.png</texture>
                <posx>0</posx>
                <posy>298</posy>
                <width>1920</width>
                <height>100</height>
                <animation effect="fade" end="100" time="360">WindowOpen</animation>
                <animation effect="fade" start="100" end="0" time="250">WindowClose</animation>
            </control>
            <control type="image">
                <texture>fade.png</texture>
                <posx>0</posx>
                <posy>980</posy>
                <width>1920</width>
                <height>100</height>
                <animation effect="fade" end="100" time="360">WindowOpen</animation>
                <animation effect="fade" start="100" end="0" time="250">WindowClose</animation>
            </control>
        </control>
    </controls>
</window>
