<window>
    <allowoverlay>yes</allowoverlay>
    <onload>SetProperty(PTVL.EPG_Opened,true,10000)</onload>
    <onunload>SetProperty(PTVL.EPG_Opened,false,10000)</onunload> 
    <onload>SetProperty(PTVL.EPG_Opened,true,10000)</onload>
    <onload condition="Control.IsVisible(9000)">ActivateWindow(10006)</onload><!-- Activate random window, workaround for videowindow starting paused -->
    <onload condition="System.HasAddon(script.tv.show.next.aired)">RunScript(script.tv.show.next.aired,backend=True)</onload>
    <onload condition="!Control.IsVisible(9000) + System.HasAddon(script.extendedinfo)">RunScript(script.extendedinfo,info=trendingshows)</onload>
<onunload>ActivateWindow(12005)</onunload>
    <zorder>1</zorder>
    <coordinates>
        <system>1</system>
        <posx>0</posx>
        <posy>0</posy>
    </coordinates>
    <animation effect="fade" time="5">WindowOpen</animation>
    <controls>
	<control type="group">  
            <posx>0</posx>
            <posy>0</posy>
            <control type="image">
                <width>1920</width>
                <height>1080</height>
                <description>EPG Background</description>
                <texture>back.png</texture>
                <colordiffuse>FFFFFFFF</colordiffuse>
            </control>
			<control type="multiimage">
			<randomize>true</randomize>
			<timeperimage>12000</timeperimage>
			<fadetime>4000</fadetime>
			<pauseatend>0</pauseatend>
			<loop>true</loop>
			<posx>0</posx>
			<posy>0</posy>
			<width>1920</width>
			<height>1080</height>
			<imagepath background="true">Estuary</imagepath>
			<animation effect="fade" start="0" end="70" time="550" delay="0" tween="sine" easing="out">WindowOpen</animation>
        	<animation effect="fade" start="70" end="0" time="550" delay="200" tween="sine" easing="out">WindowClose</animation>
        	<animation effect="fade" start="0" end="70" time="550" delay="0" tween="sine" easing="out">Visible</animation>
        	<animation effect="fade" start="70" end="0" time="550" delay="200" tween="sine" easing="out">Hidden</animation>
		</control>
		 <control type="image">
					<left>60</left>
					<top>180</top>
					<width>373</width>
					<height>550</height>
					<texture border="22">dialog-bg.png</texture>
				</control>
				 <control type="image">
					<left>400</left>
					<top>180</top>
					<width>1470</width>
					<height>550</height>
					<texture border="22">dialog-bg.png</texture>
				</control>
				<control type="image">
							<top>720</top>
							<left>60</left>
							<width>373</width>
							<height>250</height>
							<texture border="22">dialog-bg.png</texture>
						</control>
						<control type="image">
							<top>720</top>
							<left>400</left>
							<width>1470</width>
							<height>250</height>
							<texture border="22">dialog-bg.png</texture>
						</control>
						<control type="image">
							<top>-20</top>
							<left>-20</left>
							<width>1970</width>
							<height>110</height>
							<texture border="22">dialog-bg.png</texture>
						</control>
						<control type="image">
							<top>990</top>
							<left>-20</left>
							<width>1970</width>
							<height>110</height>
							<texture border="22">dialog-bg.png</texture>
						</control>
        </control>
			 <control type="grouplist">
            <posx>85</posx>
            <posy>745</posy>
            <itemgap>10</itemgap>
            <orientation>vertical</orientation>
            <animation effect="fade" start="95" end="95" condition="True">Conditional</animation>
            <control type="label" id="9000"> 
                <description>VideoWindow Box Label</description>
                <width>360</width>       
                <height>24</height>
                <font>font12</font>
                <textcolor>C0C0C0C0</textcolor>
                <shadowcolor>ff000000</shadowcolor>
                <align>center</align>
                <scroll>true</scroll>
                <scrollspeed>40</scrollspeed>
                <label>$INFO[Window(10000).Property(OVERLAY.Title)]</label>
                <visible>false</visible>
                <aligny>center</aligny>
            </control>
            <control type="videowindow">
                <description>VideoWindow Box Art</description>
                <width>325</width>      
                <height>200</height>
                <align>center</align>
                <aligny>center</aligny>
                <aspectratio>stretch</aspectratio>
                <visible>Control.IsVisible(9000)</visible>
            </control>
        </control>
		 <control type="fadelabel" id="505">
                <description>PTVL RSS Feed Label</description>  
                <width>370</width>
                <height>35</height>
                <font>font10</font>
                <aligny>center</aligny>
                <align>left</align>
                <scroll>true</scroll>
                <scrollout>true</scrollout>
                <pauseatend>900000</pauseatend>
                <angle>90</angle>
                <scrollspeed>40</scrollspeed>
                <textcolor>C0C0C0C0</textcolor>
                <shadowcolor>ff000000</shadowcolor>
                <textoffsetx>20</textoffsetx>
                <resetonlabelchange>true</resetonlabelchange>
                <label>$INFO[Window(10000).Property(twitter.1.label)]</label>
                <label>$INFO[Window(10000).Property(twitter.2.label)]</label>
                <label>$INFO[Window(10000).Property(twitter.3.label)]</label>
                <label>$INFO[Window(10000).Property(twitter.4.label)]</label>
				<visible>false</visible>
            </control> 

           
  
        <!--Date-->
        <control type="label" id="5001">
            <description>Date Label</description>
            <posx>133</posx>
         <posy>188</posy>
         <width>350</width>
         <height>90</height>
         <aligny>center</aligny>
         <label>Today</label>
         <font>font12</font>
         <textcolor>FFFFFFFF</textcolor>
         <shadowcolor>FF000000</shadowcolor>
        </control>
		<control type="image">
				<left>90</left>
				<top>255</top>
				<width>315</width>
				<height>2</height>
				<texture>3333.png</texture>
				<colordiffuse colordiffuse="$VAR[DialogColorVar]">FF0084ff</colordiffuse>
			</control>
			<control type="image">
				<left>420</left>
				<top>255</top>
				<width>1430</width>
				<height>2</height>
				<texture>3333.png</texture>
				<colordiffuse colordiffuse="$VAR[DialogColorVar]">FF0084ff</colordiffuse>
			</control>
        <control type="image" id="5002">
            <description>Left Arrow</description>
            <posx>563</posx>
            <posy>233</posy>
            <width>15</width>
            <height>27</height>
            <aspectratio align="center">keep</aspectratio>
            <colordiffuse>C0C0C0C0</colordiffuse>
            <texture>left.png</texture>
			<visible>false</visible>
        </control> 
        <!--Time Bar 1/3-->
        <control type="label" id="101">
            <description>Time Left Label</description>
            <posx>500</posx>
         <posy>188</posy>
         <width>250</width>
         <height>90</height>
         <label>Time 1</label>
         <font>font12</font>
         <aligny>center</aligny>
         <textcolor>FFFFFFFF</textcolor>
         <shadowcolor>FF000000</shadowcolor>
        </control>
        <!--Time Bar 2/3-->
        <control type="label" id="102">
            <description>Time Middle Label</description>
            <posx>1048</posx>
         <posy>188</posy>
         <width>170</width>
         <height>90</height>
         <label>Time 2</label>
         <font>font12</font>
         <align>center</align>
         <aligny>center</aligny>
         <textcolor>FFFFFFFF</textcolor>
         <shadowcolor>FF000000</shadowcolor>
        </control>
        <!--Time Bar 3/3-->
        <control type="label" id="103">
            <description>Time Right Label</description>
             <posx>1673</posx>
         <posy>188</posy>
         <width>200</width>
         <height>90</height>
         <label>Time 3</label>
         <font>font12</font>
         <aligny>center</aligny>
         <textcolor>FFFFFFFF</textcolor>
         <shadowcolor>FF000000</shadowcolor>
        </control>
        <control type="image" id="5003">
            <description>Right Arrow</description>
            <posx>1845</posx>
            <posy>233</posy>
            <width>15</width>
            <height>27</height>
            <aspectratio align="center">keep</aspectratio>
            <colordiffuse>C0C0C0C0</colordiffuse>
            <texture>right.png</texture>
			<visible>false</visible>
        </control>
		 <control type="image" id="5009">     
            <description>Optional Channel Focus Highlight</description>         
            <posx>90</posx>  
            <width>315</width>
            <height>70</height>
            <texture>pstvlButtonFocus.png</texture>
        </control> 
         <control type="image" id="5010">     
            <description>Optional Channel Playing Highlight</description>         
            <posx>90</posx>  
            <width>315</width>
            <height>70</height>
            <texture>pstvlHighlightAlt2.png</texture>
			<colordiffuse></colordiffuse>
        </control>
         <!--CH NUMBER-->
      <control type="grouplist">
         <posx>60</posx>
         <posy>250</posy>
         <itemgap>0</itemgap>
         <orientation>vertical</orientation>
         <control type="label" id="311">
            <description>CH 1 NUMBER</description>
            <width>75</width>
            <height>76</height>
            <font>font12_Title</font>
            <align>right</align>
            <aligny>center</aligny>
            <textcolor>FFFFFFFF</textcolor>
         </control>
         <control type="label" id="312">
            <description>CH 2 NUMBER</description>
            <width>75</width>
            <height>76</height>
            <font>font12_Title</font>
            <align>right</align>
            <aligny>center</aligny>
            <textcolor>FFFFFFFF</textcolor>
         </control>
         <control type="label" id="313">
            <description>CH 3 NUMBER</description>
            <width>75</width>
            <height>76</height>
            <font>font12_Title</font>
            <align>right</align>
            <aligny>center</aligny>
            <textcolor>FFFFFFFF</textcolor>
         </control>
         <control type="label" id="314">
            <description>CH 4 NUMBER</description>
            <width>75</width>
            <height>76</height>
            <font>font12_Title</font>
            <align>right</align>
            <aligny>center</aligny>
            <textcolor>FFFFFFFF</textcolor>
         </control>
         <control type="label" id="315">
            <description>CH 5 NUMBER</description>
            <width>75</width>
            <height>76</height>
            <font>font12_Title</font>
            <align>right</align>
            <aligny>center</aligny>
            <textcolor>FFFFFFFF</textcolor>
         </control>
         <control type="label" id="316">
            <description>CH 6 NUMBER</description>
            <width>75</width>
            <height>76</height>
            <font>font12_Title</font>
            <align>right</align>
            <aligny>center</aligny>
            <textcolor>FFFFFFFF</textcolor>
         </control>
      </control>
	  
      <!--CH BUTTONS AND LBLS-->
      <control type="label" id="301">
         <description>CH 1 NAME</description>
         <posx>150</posx>
         <posy>258</posy>
         <width>250</width>
         <height>63</height>
         <font>font12_Title</font>
         <align>left</align>
         <aligny>center</aligny>
         <textcolor>FF0084ff</textcolor>
         <visible>StringCompare(Control.GetLabel(321),)</visible>
      </control>
      <control type="image" id="321">
         <description>CH 1 ICO</description>
         <posx>90</posx>
         <posy>268</posy>
         <width>338</width>
         <height>45</height>
         <align>center</align>
         <aligny>center</aligny>
         <aspectratio>keep</aspectratio>
         <visible>!StringCompare(Control.GetLabel(321),)</visible>
      </control>
      <control type="label" id="302">
         <description>CH 2 NAME</description>
         <posx>150</posx>
         <posy>333</posy>
         <width>250</width>
         <height>63</height>
         <font>font12_Title</font>
         <align>left</align>
         <aligny>center</aligny>
         <textcolor>FF0084ff</textcolor>
         <visible>StringCompare(Control.GetLabel(322),)</visible>
      </control>
      <control type="image" id="322">
         <description>CH 2 ICO</description>
         <posx>90</posx>
         <posy>345</posy>
         <width>338</width>
         <height>45</height>
         <align>center</align>
         <aligny>center</aligny>
         <aspectratio>keep</aspectratio>
         <visible>!StringCompare(Control.GetLabel(322),)</visible>
      </control>
      <control type="label" id="303">
         <description>CH 3 NAME</description>
         <posx>150</posx>
         <posy>410</posy>
         <width>250</width>
         <height>63</height>
         <font>font12_Title</font>
         <align>left</align>
         <aligny>center</aligny>
         <textcolor>FF0084ff</textcolor>
         <visible>StringCompare(Control.GetLabel(323),)</visible>
      </control>
      <control type="image" id="323">
         <description>CH 3 ICO</description>
         <posx>90</posx>
         <posy>422</posy>
         <width>338</width>
         <height>45</height>
         <align>center</align>
         <aligny>center</aligny>
         <aspectratio>keep</aspectratio>
         <visible>!StringCompare(Control.GetLabel(323),)</visible>
      </control>
      <control type="label" id="304">
         <description>CH 4 NAME</description>
         <posx>150</posx>
         <posy>485</posy>
         <width>250</width>
         <height>63</height>
         <font>font12_Title</font>
         <align>left</align>
         <aligny>center</aligny>
         <textcolor>FF0084ff</textcolor>
         <visible>StringCompare(Control.GetLabel(324),)</visible>
      </control>
      <control type="image" id="324">
         <description>CH 4 ICO</description>
         <posx>90</posx>
         <posy>495</posy>
         <width>338</width>
         <height>45</height>
         <align>center</align>
         <aligny>center</aligny>
         <aspectratio>keep</aspectratio>
         <visible>!StringCompare(Control.GetLabel(324),)</visible>
      </control>
      <control type="label" id="305">
         <description>CH 5 NAME</description>
         <posx>150</posx>
         <posy>560</posy>
         <width>250</width>
         <height>63</height>
         <font>font12_Title</font>
         <align>left</align>
         <aligny>center</aligny>
         <textcolor>FF0084ff</textcolor>
         <visible>StringCompare(Control.GetLabel(325),)</visible>
      </control>
      <control type="image" id="325">
         <description>CH 5 ICO</description>
         <posx>90</posx>
         <posy>570</posy>
         <width>338</width>
         <height>45</height>
         <align>center</align>
         <aligny>center</aligny>
         <aspectratio>keep</aspectratio>
         <visible>!StringCompare(Control.GetLabel(325),)</visible>
      </control>
      <control type="label" id="306">
         <description>CH 6 NAME</description>
         <posx>150</posx>
         <posy>637</posy>
         <width>250</width>
         <height>63</height>
         <font>font12_Title</font>
         <align>left</align>
         <aligny>center</aligny>
         <textcolor>FF0084ff</textcolor>
         <visible>StringCompare(Control.GetLabel(326),)</visible>
      </control>
      <control type="image" id="326">
         <description>CH 6 ICO</description>
         <posx>90</posx>
         <posy>650</posy>
         <width>338</width>
         <height>45</height>
         <align>center</align>
         <aligny>center</aligny>
         <aspectratio>keep</aspectratio>
         <visible>!StringCompare(Control.GetLabel(326),)</visible>
      </control>
      <!--SHOW LIST -->
      <control type="group" id="111">
         <posx>420</posx>
         <posy>260</posy>
         <width>1430</width>
         <height>70</height>
      </control>
      <control type="group" id="112">
         <posx>420</posx>
         <posy>335</posy>
         <width>1430</width>
         <height>70</height>
      </control>
      <control type="group" id="113">
         <posx>420</posx>
         <posy>410</posy>
         <width>1430</width>
         <height>70</height>
      </control>
      <control type="group" id="114">
         <posx>420</posx>
         <posy>485</posy>
         <width>1430</width>
         <height>70</height>
      </control>
      <control type="group" id="115">
         <posx>420</posx>
         <posy>560</posy>
         <width>1430</width>
         <height>70</height>
      </control>
      <control type="group" id="116">
         <posx>420</posx>
         <posy>635</posy>
         <width>1430</width>
         <height>70</height>
      </control>
        <control type="image" id="5004"> 
            <description>Timebar Optional past fade</description>
            <posx>422</posx>
            <posy>260</posy>
            <width>-1</width>
            <height>445</height>
            <aspectratio>scale</aspectratio>
            <texture>pstvlTimeFadeP.png</texture>
			<visible>true</visible>
        </control>  
        <control type="image" id="5005"> 
            <description>Timebar Optional future fade</description>
            <posx>411</posx>
            <posy>340</posy>
            <width>-1</width>
            <height>448</height>
            <aspectratio>scale</aspectratio>
            <texture>pstvlTimeFadeF.png</texture>
            <visible>true</visible>
        </control>  
        <control type="label" id="5006">
            <description>Timebar Current Time Button</description>
            <posx>420</posx>
            <posy>188</posy>
            <width min="128" max="400">auto</width>
            <height>90</height>
            <fadetime>250</fadetime>
            <textcolor>FFFFFFFF</textcolor>
            <shadowcolor>ff000000</shadowcolor>
            <font>font12</font>
            <align>center</align>
            <aligny>center</aligny>
        </control>
        <control type="image" id="5007">
            <description>Timebar line</description>
            <posx>483</posx>
         <posy>260</posy>
         <width>2</width>
         <height>445</height>
         <aspectratio>keep</aspectratio>
        </control>
		 <!-- TIME/WEATHER -->
      <control type="label">
         <description>TIME</description>
         <posx>1660</posx>
         <posy>15</posy>
         <width>200</width>
         <height>45</height>
         <label>$INFO[System.Time]</label>
         <font>font24_Title</font>
         <align>center</align>
         <textcolor>FFFFFFFF</textcolor>
      </control>
	  <control type="image">
         <posx>1850</posx>
         <posy>20</posy>
         <width>40</width>
         <height>40</height>
         <aspectratio align="center">keep</aspectratio>
         <texture>clock.png</texture>
            <colordiffuse colordiffuse="$VAR[DialogColorVar]">FF0084ff</colordiffuse>
      </control>
	   <control type="image">
         <posx>30</posx>
         <posy>0</posy>
         <width>90</width>
         <height>90</height>
         <aspectratio align="center">keep</aspectratio>
         <texture>tv.png</texture>
         <colordiffuse colordiffuse="$VAR[DialogColorVar]">FF0084ff</colordiffuse>
      </control>
	   <control type="image">
         <posx>30</posx>
         <posy>1020</posy>
         <width>50</width>
         <height>50</height>
         <aspectratio align="center">keep</aspectratio>
         <texture>play.png</texture>
         <colordiffuse colordiffuse="$VAR[DialogColorVar]">FF0084ff</colordiffuse>
      </control>
	   <control type="label">
        <description>now playing Label</description>
         <posx>120</posx>
         <posy>1000</posy>
         <width>350</width>
         <height>90</height>
         <aligny>center</aligny>
         <label>Now Playing:</label>
         <font>font12_Title</font>
         <textcolor>FFFFFFFF</textcolor>
         <shadowcolor>FF000000</shadowcolor>
        </control>
	  <control type="label">
        <description>epg Label</description>
         <posx>120</posx>
         <posy>0</posy>
         <width>350</width>
         <height>90</height>
         <aligny>center</aligny>
         <label>TV Guide</label>
         <font>font24_Title</font>
         <textcolor>FFFFFFFF</textcolor>
         <shadowcolor>FF000000</shadowcolor>
        </control>
		<control type="label">
        <description>epg Label</description>
         <posx>290</posx>
         <posy>1000</posy>
         <width>1350</width>
         <height>90</height>
         <aligny>center</aligny>
         <label>[COLOR=FF0084ff]$INFO[Window(10000).Property(OVERLAY.Title)][/COLOR][COLOR=ffffffff] � [/COLOR]$INFO[Window(10000).Property(OVERLAY.SEtitle)]</label>
         <font>font12_Title</font>
         <textcolor>FFFFFFFF</textcolor>
         <shadowcolor>FF000000</shadowcolor>
        </control>
	  
      <!-- WEATHER -->
      <control type="image" id="800">
         <posx>1560</posx>
         <posy>0</posy>
         <width>90</width>
         <height>90</height>
         <aspectratio align="center">keep</aspectratio>
         <texture>$INFO[Weather.FanartCode,weather/,.png]</texture>
		 <colordiffuse colordiffuse="$VAR[DialogColorVar]">FF0084ff</colordiffuse>
      </control>
      <control type="label">
         <description>WEATHER</description>
         <posx>1460</posx>
         <posy>25</posy>
         <width min="60" max="150">auto</width>
         <height>15</height>
         <label>$INFO[Window(weather).Property(Current.Temperature)] $INFO[System.TemperatureUnits]</label>
         <font>font12_Title</font>
         <align>center</align>
         <textcolor>FFFFFFFF</textcolor>
         <visible>true</visible>
      </control>
	 
		<control type="image">
							<top>120</top>
							<left>1380</left>
							<width>80</width>
							<height>70</height>
							<texture>dialog-bg.png</texture>
						</control>
						<control type="image">
							<top>120</top>
							<left>1480</left>
							<width>80</width>
							<height>70</height>
							<texture>dialog-bg.png</texture>
						</control>
						<control type="image">
							<top>120</top>
							<left>1580</left>
							<width>80</width>
							<height>70</height>
							<texture>dialog-bg.png</texture>
						</control>
						<control type="image">
							<top>120</top>
							<left>1680</left>
							<width>80</width>
							<height>70</height>
							<texture>dialog-bg.png</texture>
						</control>
						
		 <control type="button" id="6000">
            <description>Filter Button</description>     
            <posx>0</posx>
            <posy>258</posy>   
            <width>410</width>
            <height>38</height>
            <texturenofocus>NA.png</texturenofocus>
            <texturefocus>pstvlButtonFocusAlt.png</texturefocus>
        </control>    
		<control type="button" id="6001">
                <description>EPG Label</description>
				<posx>1398</posx>
                <posy>132</posy>
                <width>43</width>
                <height>48</height>
				<label></label>
                <align>center</align>
                <aligny>center</aligny>
				<texturenofocus>guide.png</texturenofocus>
                <texturefocus>EPGbuttonFocus.png</texturefocus>
        </control> 
		<control type="button" id="6002">
                <description>DVR Label</description>
				<posx>1500</posx>
                <posy>132</posy>
                <width>43</width>
                <height>48</height>
				<label></label>
                <align>center</align>
                <aligny>center</aligny>
				<texturenofocus>recordings.png</texturenofocus>
                <texturefocus>DVRbuttonFocus.png</texturefocus>
        </control>
		<control type="button" id="6003">
                <description>OnDemand Label</description>
				<posx>1600</posx>
                <posy>132</posy>
                <width>43</width>
                <height>48</height>
				<label></label>
                <align>center</align>
                <aligny>center</aligny>
				<texturenofocus>media.png</texturenofocus>
                <texturefocus>DemandbuttonFocus.png</texturefocus>
        </control>  
		<control type="button" id="6004">
                <description>Apps Label</description>
				<posx>1700</posx>
                <posy>132</posy>
                <width>43</width>
                <height>48</height>
				<label></label>
                <align>center</align>
                <aligny>center</aligny>
				<texturenofocus>add-ons.png</texturenofocus>
                <texturefocus>add-onsbuttonFocus.png</texturefocus>
        </control>   
		<control type="image">
				<left>460</left>
				<top>795</top>
				<width>1310</width>
				<height>2</height>
				<texture>3333.png</texture>
				 <colordiffuse colordiffuse="$VAR[DialogColorVar]">FF0084ff</colordiffuse>
			</control>
    
        <control type="grouplist">
            <posx>470</posx>
            <posy>750</posy>
            <width>1300</width>
            <orientation>horizontal</orientation>
            <itemgap>5</itemgap>
            <control type="label">
                <description>Show Title Label</description>
                <width min="5" max="1300">auto</width>
                <height>30</height>
                <font>font24_Title</font>
                <textcolor>FF0084ff</textcolor>
                <shadowcolor>ff000000</shadowcolor>
                <scroll>true</scroll>
                <align>left</align>
                <aligny>center</aligny>
                <wrapmultiline>false</wrapmultiline>
                <scrollspeed>40</scrollspeed>
                <scrollsuffix> - </scrollsuffix>
                <label>$INFO[Window(10000).Property(EPG.Title)][COLOR=C0C0C0C0] � [/COLOR][COLOR=FFFFFFFF]$INFO[Window(10000).Property(EPG.SEtitle)][/COLOR]</label>
            </control>
        </control>
        <control type="grouplist">
            <posx>470</posx>
            <posy>811</posy>
            <width>1300</width>
            <orientation>vertical</orientation>
            <itemgap>12</itemgap>
           <control type="image">
                <description>Seekbar Line</description>
                <posx>0</posx>
                <posy>0</posy> 
                <width>1400</width>
                <height>3</height>
                <texture border="0">seek/progress_mid.png</texture>
                <align>center</align>
                <aligny>center</aligny>
                <visible>false</visible>
            </control>
            <control type="group" id="5008">  
                <control type="progress">
                    <posx>0</posx>
                    <posy>0</posy>
                    <width>1400</width>
                    <height>3</height>
                    <texturebg>seek/progress_back.png</texturebg>
                    <lefttexture border="0">seek/progresscache_left.png</lefttexture>
                    <midtexture border="0">seek/progresscache_mid.png</midtexture>
                    <righttexture border="0">seek/progresscache_right.png</righttexture>
                    <align>center</align>
                    <aligny>center</aligny>
                    <info>Player.ProgressCache</info>
					<visible>false</visible>
                </control>
                <control type="progress">
                    <posx>0</posx>
                    <posy>0</posy>
                    <width>1400</width>
                    <height>3</height>
                    <texturebg>seek/progresscache_back.png</texturebg>
                    <lefttexture border="0">seek/progress_left.png</lefttexture>
                    <midtexture border="0">seek/progress_mid.png</midtexture>
                    <righttexture border="0">seek/progress_right.png</righttexture>
                    <align>center</align>
                    <aligny>center</aligny>
                    <info>Player.Progress</info>
					<visible>false</visible>
                </control> 
            </control>  
            <control type="label">
                <description>Show Description</description>
                <width>1300</width>
                <height>190</height>
                <align>left</align>
                <aligny>bottom</aligny>
                <wrapmultiline>true</wrapmultiline>
                <textcolor>FFFFFFFF</textcolor>
                <shadowcolor>ff000000</shadowcolor>
                <font>font12_Title</font>
                <label>$INFO[Window(10000).Property(EPG.Description)]</label>
            </control> 
        </control> 
    </controls>
</window>
