<?xml version="1.0" encoding="utf-8"?>
<window>
    <allowoverlay>no</allowoverlay>   
    <!-- <onload condition="StringCompare((Window(10000).Property(PTVL.VideoWindow)),true)">ActivateWindow(9506)</onload> -->
    <onload condition="StringCompare((Window(10000).Property(PTVL.VideoWindow)),true)">ActivateWindow(10004)</onload><!-- Activate random window, workaround for 9506 starting paused -->
    <onunload>ActivateWindow(12005)</onunload>
    <onload>SetProperty(PTVL.OnDemand_Opened,true,10000)</onload>
    <onunload>SetProperty(PTVL.OnDemand_Opened,false,10000)</onunload>
    <zorder>1</zorder>
    <coordinates>
        <system>1</system>
        <posx>0</posx>
        <posy>0</posy>
    </coordinates>
    <controls>
   <control type="group">  
            <posx>0</posx>
            <posy>0</posy>
            <control type="image">
                <width>1920</width>
                <height>1080</height>
                <description>EPG Background</description>
                <texture>back.png</texture>
                <colordiffuse>FFFFFFFF</colordiffuse>
            </control>
			<control type="multiimage">
			<randomize>true</randomize>
			<timeperimage>12000</timeperimage>
			<fadetime>4000</fadetime>
			<pauseatend>0</pauseatend>
			<loop>true</loop>
			<posx>0</posx>
			<posy>0</posy>
			<width>1920</width>
			<height>1080</height>
			<imagepath background="true">Estuary</imagepath>
			<animation effect="fade" start="0" end="70" time="550" delay="0" tween="sine" easing="out">WindowOpen</animation>
        	<animation effect="fade" start="70" end="0" time="550" delay="200" tween="sine" easing="out">WindowClose</animation>
        	<animation effect="fade" start="0" end="70" time="550" delay="0" tween="sine" easing="out">Visible</animation>
        	<animation effect="fade" start="70" end="0" time="550" delay="200" tween="sine" easing="out">Hidden</animation>
		</control>
				 <control type="image">
					<left>60</left>
					<top>180</top>
					<width>1840</width>
					<height>800</height>
					<texture border="22">dialog-bg.png</texture>
				</control>
						<control type="image">
							<top>990</top>
							<left>-20</left>
							<width>1970</width>
							<height>110</height>
							<texture border="22">dialog-bg.png</texture>
						</control>
						<control type="image">
							<top>-20</top>
							<left>-20</left>
							<width>1970</width>
							<height>110</height>
							<texture border="22">dialog-bg.png</texture>
						</control>
        </control>
	
 <!-- TIME/WEATHER -->
      <control type="label">
         <description>TIME</description>
         <posx>1720</posx>
         <posy>15</posy>
         <width>150</width>
         <height>45</height>
         <label>$INFO[System.Time]</label>
         <font>font24_Title</font>
         <align>center</align>
         <textcolor>FFFFFFFF</textcolor>
      </control>
	  <control type="image">
         <posx>1850</posx>
         <posy>20</posy>
         <width>40</width>
         <height>40</height>
         <aspectratio align="center">keep</aspectratio>
         <texture>clock.png</texture>
            <colordiffuse colordiffuse="$VAR[DialogColorVar]">FF0084ff</colordiffuse>
      </control>
	   <control type="image">
         <posx>30</posx>
         <posy>0</posy>
         <width>90</width>
         <height>90</height>
         <aspectratio align="center">keep</aspectratio>
         <texture>tv.png</texture>
         <colordiffuse colordiffuse="$VAR[DialogColorVar]">FF0084ff</colordiffuse>
      </control>
	   <control type="image">
         <posx>30</posx>
         <posy>1020</posy>
         <width>50</width>
         <height>50</height>
         <aspectratio align="center">keep</aspectratio>
         <texture>play.png</texture>
         <colordiffuse colordiffuse="$VAR[DialogColorVar]">FF0084ff</colordiffuse>
      </control>
	   <control type="label">
        <description>now playing Label</description>
         <posx>120</posx>
         <posy>1000</posy>
         <width>350</width>
         <height>90</height>
         <aligny>center</aligny>
         <label>Now Playing:</label>
         <font>font12_Title</font>
         <textcolor>FFFFFFFF</textcolor>
         <shadowcolor>FF000000</shadowcolor>
        </control>
	  <control type="label">
        <description>demand Label</description>
         <posx>120</posx>
         <posy>0</posy>
         <width>350</width>
         <height>90</height>
         <aligny>center</aligny>
         <label>On Demand</label>
         <font>font24_Title</font>
         <textcolor>FFFFFFFF</textcolor>
         <shadowcolor>FF000000</shadowcolor>
        </control>
		<control type="label">
        <description>epg Label</description>
         <posx>290</posx>
         <posy>1000</posy>
         <width>1350</width>
         <height>90</height>
         <aligny>center</aligny>
         <label>[COLOR=FF0084ff]$INFO[Window(10000).Property(OVERLAY.Title)][/COLOR][COLOR=ffffffff] • [/COLOR]$INFO[Window(10000).Property(OVERLAY.SEtitle)]</label>
         <font>font12_Title</font>
         <textcolor>FFFFFFFF</textcolor>
         <shadowcolor>FF000000</shadowcolor>
        </control>
	  
      <!-- WEATHER -->
      <control type="image" id="800">
         <posx>1600</posx>
         <posy>0</posy>
         <width>90</width>
         <height>90</height>
         <aspectratio align="center">keep</aspectratio>
         <texture>$INFO[Weather.FanartCode,weather/,.png]</texture>
		 <colordiffuse colordiffuse="$VAR[DialogColorVar]">FF0084ff</colordiffuse>
      </control>
      <control type="label">
         <description>WEATHER</description>
         <posx>1500</posx>
         <posy>25</posy>
         <width min="60" max="150">auto</width>
         <height>15</height>
         <label>$INFO[Window(weather).Property(Current.Temperature)] $INFO[System.TemperatureUnits]</label>
         <font>font12_Title</font>
         <align>center</align>
         <textcolor>FFFFFFFF</textcolor>
         <visible>true</visible>
      </control>
	 
		<control type="image">
							<top>120</top>
							<left>1380</left>
							<width>80</width>
							<height>70</height>
							<texture>dialog-bg.png</texture>
						</control>
						<control type="image">
							<top>120</top>
							<left>1480</left>
							<width>80</width>
							<height>70</height>
							<texture>dialog-bg.png</texture>
						</control>
						<control type="image">
							<top>120</top>
							<left>1580</left>
							<width>80</width>
							<height>70</height>
							<texture>dialog-bg.png</texture>
						</control>
						<control type="image">
							<top>120</top>
							<left>1680</left>
							<width>80</width>
							<height>70</height>
							<texture>dialog-bg.png</texture>
						</control>
						 <control type="image">
                <description>EPG Label</description>
				<posx>1398</posx>
                <posy>132</posy>
                <width>43</width>
                <height>48</height>
                <texture>guide.png</texture>
                <align>center</align>
                <aligny>center</aligny>
                <colordiffuse colordiffuse="$VAR[DialogColorVar]">FF0084ff</colordiffuse>
                <shadowcolor>ff000000</shadowcolor>
        </control> 
        <control type="image">
                <description>DVR Label</description>
				<posx>1500</posx>
                <posy>130</posy>
                <width>43</width>
                <height>48</height>
                <texture>recordings.png</texture>
                <font>font10_Title</font>
                <align>center</align>
                <aligny>center</aligny>
                <colordiffuse colordiffuse="$VAR[DialogColorVar]">FF0084ff</colordiffuse>
        </control>               
        <control type="image">
                <description>OnDemand Label</description>
				<posx>1600</posx>
                <posy>130</posy>
                <width>43</width>
                <height>48</height>
                <texture>media.png</texture>
                <align>center</align>
                <aligny>center</aligny>
				<colordiffuse colordiffuse="$VAR[DialogColorVar]">FF0084ff</colordiffuse>
        </control>               
        <control type="image">
                <description>Apps Label</description>
				<posx>1700</posx>
                <posy>130</posy>
                <width>43</width>
                <height>48</height>
                <texture>add-ons.png</texture>
                <align>center</align>
                <aligny>center</aligny>
                <colordiffuse colordiffuse="$VAR[DialogColorVar]">FF0084ff</colordiffuse>
        </control> 
    </controls>
</window>