<fonts>
    <font res="720p"  name="lato10" filename="Lato-Regular.ttf" size="12" />
    <font res="1080i" name="lato10" filename="Lato-Regular.ttf" size="18" />
    <font res="720p"  name="lato12" filename="Lato-Regular.ttf" size="18" />
    <font res="1080i" name="lato12" filename="Lato-Regular.ttf" size="24" />
    <font res="720p"  name="lato13" filename="Lato-Regular.ttf" size="24" />
    <font res="1080i" name="lato13" filename="Lato-Regular.ttf" size="36" />
    <font res="720p"  name="lato14" filename="Lato-Regular.ttf" size="36" />
    <font res="1080i" name="lato14" filename="Lato-Regular.ttf" size="48" />
</fonts>