<?xml version="1.0" encoding="utf-8"?>
<window>
    <allowoverlay>no</allowoverlay>  
    <!-- <onload condition="StringCompare((Window(10000).Property(PTVL.VideoWindow)),true)">ActivateWindow(9506)</onload> -->
    <onload condition="StringCompare((Window(10000).Property(PTVL.VideoWindow)),true)">ActivateWindow(10004)</onload><!-- Activate random window, workaround for 9506 starting paused -->
    <onunload>ActivateWindow(12005)</onunload>
    <onload>SetProperty(PTVL.APPS_Opened,true,10000)</onload>
    <onunload>SetProperty(PTVL.APPS_Opened,false,10000)</onunload>
    <zorder>1</zorder>
    <coordinates>
        <system>1</system>
        <posx>0</posx>
        <posy>0</posy>
    </coordinates>
    <controls>
      <control type="group">  
            <posx>0</posx>
            <posy>0</posy>
            <control type="image">
                <width>1920</width>
                <height>1080</height>
                <description>EPG Background</description>
                <texture>back.png</texture>
                <colordiffuse>FFFFFFFF</colordiffuse>
            </control>
			<control type="multiimage">
			<randomize>true</randomize>
			<timeperimage>12000</timeperimage>
			<fadetime>4000</fadetime>
			<pauseatend>0</pauseatend>
			<loop>true</loop>
			<posx>0</posx>
			<posy>0</posy>
			<width>1920</width>
			<height>1080</height>
			<imagepath background="true">Estuary</imagepath>
			<animation effect="fade" start="0" end="70" time="550" delay="0" tween="sine" easing="out">WindowOpen</animation>
        	<animation effect="fade" start="70" end="0" time="550" delay="200" tween="sine" easing="out">WindowClose</animation>
        	<animation effect="fade" start="0" end="70" time="550" delay="0" tween="sine" easing="out">Visible</animation>
        	<animation effect="fade" start="70" end="0" time="550" delay="200" tween="sine" easing="out">Hidden</animation>
		</control>
				 <control type="image">
					<left>10</left>
					<top>180</top>
					<width>1890</width>
					<height>800</height>
					<texture border="22">dialog-bg.png</texture>
				</control>
						<control type="image">
							<top>990</top>
							<left>-20</left>
							<width>1970</width>
							<height>110</height>
							<texture border="22">dialog-bg.png</texture>
						</control>
						<control type="image">
							<top>-20</top>
							<left>-20</left>
							<width>1970</width>
							<height>110</height>
							<texture border="22">dialog-bg.png</texture>
						</control>
        </control>
	
 <!-- TIME/WEATHER -->
      <control type="label">
         <description>TIME</description>
         <posx>1720</posx>
         <posy>15</posy>
         <width>150</width>
         <height>45</height>
         <label>$INFO[System.Time]</label>
         <font>font24_Title</font>
         <align>center</align>
         <textcolor>FFFFFFFF</textcolor>
      </control>
	  <control type="image">
         <posx>1850</posx>
         <posy>20</posy>
         <width>40</width>
         <height>40</height>
         <aspectratio align="center">keep</aspectratio>
         <texture>clock.png</texture>
            <colordiffuse colordiffuse="$VAR[DialogColorVar]">FF0084ff</colordiffuse>
      </control>
	   <control type="image">
         <posx>30</posx>
         <posy>0</posy>
         <width>90</width>
         <height>90</height>
         <aspectratio align="center">keep</aspectratio>
         <texture>tv.png</texture>
         <colordiffuse colordiffuse="$VAR[DialogColorVar]">FF0084ff</colordiffuse>
      </control>
	   <control type="image">
         <posx>30</posx>
         <posy>1020</posy>
         <width>50</width>
         <height>50</height>
         <aspectratio align="center">keep</aspectratio>
         <texture>play.png</texture>
         <colordiffuse colordiffuse="$VAR[DialogColorVar]">FF0084ff</colordiffuse>
      </control>
	   <control type="label">
        <description>now playing Label</description>
         <posx>120</posx>
         <posy>1000</posy>
         <width>350</width>
         <height>90</height>
         <aligny>center</aligny>
         <label>Now Playing:</label>
         <font>font12_Title</font>
         <textcolor>FFFFFFFF</textcolor>
         <shadowcolor>FF000000</shadowcolor>
        </control>
	  <control type="label">
        <description>demand Label</description>
         <posx>120</posx>
         <posy>0</posy>
         <width>350</width>
         <height>90</height>
         <aligny>center</aligny>
         <label>On Demand</label>
         <font>font24_Title</font>
         <textcolor>FFFFFFFF</textcolor>
         <shadowcolor>FF000000</shadowcolor>
        </control>
		<control type="label">
        <description>epg Label</description>
         <posx>290</posx>
         <posy>1000</posy>
         <width>1350</width>
         <height>90</height>
         <aligny>center</aligny>
         <label>[COLOR=FF0084ff]$INFO[Window(10000).Property(OVERLAY.Title)][/COLOR][COLOR=ffffffff] • [/COLOR]$INFO[Window(10000).Property(OVERLAY.SEtitle)]</label>
         <font>font12_Title</font>
         <textcolor>FFFFFFFF</textcolor>
         <shadowcolor>FF000000</shadowcolor>
        </control>
	  
      <!-- WEATHER -->
      <control type="image" id="800">
         <posx>1600</posx>
         <posy>0</posy>
         <width>90</width>
         <height>90</height>
         <aspectratio align="center">keep</aspectratio>
         <texture>$INFO[Weather.FanartCode,weather/,.png]</texture>
		 <colordiffuse colordiffuse="$VAR[DialogColorVar]">FF0084ff</colordiffuse>
      </control>
      <control type="label">
         <description>WEATHER</description>
         <posx>1500</posx>
         <posy>25</posy>
         <width min="60" max="150">auto</width>
         <height>15</height>
         <label>$INFO[Window(weather).Property(Current.Temperature)] $INFO[System.TemperatureUnits]</label>
         <font>font12_Title</font>
         <align>center</align>
         <textcolor>FFFFFFFF</textcolor>
         <visible>true</visible>
      </control>
	 
		<control type="image">
							<top>120</top>
							<left>1380</left>
							<width>80</width>
							<height>70</height>
							<texture>dialog-bg.png</texture>
						</control>
						<control type="image">
							<top>120</top>
							<left>1480</left>
							<width>80</width>
							<height>70</height>
							<texture>dialog-bg.png</texture>
						</control>
						<control type="image">
							<top>120</top>
							<left>1580</left>
							<width>80</width>
							<height>70</height>
							<texture>dialog-bg.png</texture>
						</control>
						<control type="image">
							<top>120</top>
							<left>1680</left>
							<width>80</width>
							<height>70</height>
							<texture>dialog-bg.png</texture>
						</control>
						 <control type="image">
                <description>EPG Label</description>
				<posx>1398</posx>
                <posy>132</posy>
                <width>43</width>
                <height>48</height>
                <texture>guide.png</texture>
                <align>center</align>
                <aligny>center</aligny>
                <colordiffuse colordiffuse="$VAR[DialogColorVar]">FF0084ff</colordiffuse>
                <shadowcolor>ff000000</shadowcolor>
        </control> 
        <control type="image">
                <description>DVR Label</description>
				<posx>1500</posx>
                <posy>130</posy>
                <width>43</width>
                <height>48</height>
                <texture>recordings.png</texture>
                <font>font10_Title</font>
                <align>center</align>
                <aligny>center</aligny>
                <colordiffuse colordiffuse="$VAR[DialogColorVar]">FF0084ff</colordiffuse>
        </control>               
        <control type="image">
                <description>OnDemand Label</description>
				<posx>1600</posx>
                <posy>130</posy>
                <width>43</width>
                <height>48</height>
                <texture>media.png</texture>
                <align>center</align>
                <aligny>center</aligny>
				<colordiffuse colordiffuse="$VAR[DialogColorVar]">FF0084ff</colordiffuse>
        </control>               
        <control type="image">
                <description>Apps Label</description>
				<posx>1700</posx>
                <posy>130</posy>
                <width>43</width>
                <height>48</height>
                <texture>add-ons.png</texture>
                <align>center</align>
                <aligny>center</aligny>
                <colordiffuse colordiffuse="$VAR[DialogColorVar]">FF0084ff</colordiffuse>
        </control> 
        <!-- Panel -->
        <control type="group">
            <posy>0</posy>
            <animation type="WindowOpen" reversible="false">
                <effect type="zoom" start="80" end="100" center="960,540" delay="500" tween="back" time="240" />
                <effect type="fade" delay="500" end="100" time="240" />
            </animation>
            <animation type="WindowClose" reversible="false">
                <effect type="zoom" start="100" end="80" center="960,540" easing="in" tween="back" time="240" />
                <effect type="fade" start="100" end="0" time="240" />
            </animation>
            <control description="Panel" id="500" type="panel">
                <viewtype label="Panel">Panel</viewtype>   
                <posx>425</posx>
                <posy>340</posy> 
                <width>1492</width>
                <height>700</height>
                <orientation>vertical</orientation>
                <onleft>655</onleft>
                <onright>655</onright>
                <onup>655</onup>
                <ondown>655</ondown>
                <preloaditems>4</preloaditems>
                <pagecontrol>60</pagecontrol>
                <itemlayout height="360" width="373">
                    <control type="image">
                        <posx>0</posx>
                        <posy>0</posy>
                        <width>370</width>
                        <height min="5" max="370">auto</height>
                        <bordersize>-18</bordersize>
                        <texture border="8">borderNF.png</texture>
                        <visible>ListItem.IsSelected</visible>
                    </control>
                    <control type="image">
                        <posx>0</posx>
                        <posy>0</posy>
                        <width>360</width>
                        <height min="5" max="347">auto</height>
                        <texture background="true">$INFO[ListItem.Art(thumb)]</texture>
                        <aspectratio aligny="top">keep</aspectratio>
                    </control>
                </itemlayout>
                <focusedlayout height="360" width="373">
                    <control type="image">
                        <posx>0</posx>
                        <posy>0</posy>
                        <width>370</width>
                        <height min="5" max="370">auto</height>
                        <bordersize>0</bordersize>
                        <texture border="8">borderFO.png</texture>
                        <visible>ListItem.IsSelected</visible>
                    </control>
                    <control type="image">
                        <posx>0</posx>
                        <posy>0</posy>
                        <width>360</width>
                        <height min="5" max="347">auto</height>
                        <texture background="true">$INFO[ListItem.Art(thumb)]</texture>
                        <aspectratio aligny="top">keep</aspectratio>
                    </control>
                </focusedlayout>
            </control>   
            <control description="SideInfo" type="grouplist">
                <posx>30</posx>
                <posy>340</posy>
                <itemgap>10</itemgap>
                <orientation>vertical</orientation>
                <control description="FanArt" type="multiimage">
                    <posx>0</posx>
                    <posy>0</posy>
                    <width>360</width>      
                    <height>180</height>
                    <fadetime>500</fadetime>
                    <imagepath background="true">$INFO[Container(500).ListItem.Property(Fanart_Image)]</imagepath>
                    <aspectratio aligny="top">keep</aspectratio>
                </control>
                <control description="Title Label" type="label">
                    <posx>30</posx>
                    <posy>0</posy>
                    <width>360</width>      
                    <height>30</height>
                    <fadetime>500</fadetime>
                    <aligny>center</aligny>
                    <align>center</align>
                    <textcolor>FFFFFFFF</textcolor>
                    <shadowcolor>ff000000</shadowcolor>
                    <wrapmultiline>False</wrapmultiline>
                    <label>$INFO[Container(500).ListItem.Label]</label>
                </control>
            </control>
            
        </control>
    </controls>
</window>
