<?xml version="1.0" encoding="UTF-8"?>
<window>
    <allowoverlay>no</allowoverlay>
    <zorder>1</zorder>
    <!-- Set artwork -->
    <onload>SetProperty(OVERLAY.type1,landscape,10000)</onload>
    <onload>SetProperty(OVERLAY.type2,poster,10000)</onload>
    <onload>SetProperty(OVERLAY.type3,landscape,10000)</onload>
    <onload>SetProperty(OVERLAY.type4,poster,10000)</onload>
    <onload>SetProperty(OVERLAY.ONNOW_TYPE,landscape,10000)</onload>
    <onload>SetProperty(EPG.type1,landscape,10000)</onload>
    <onload>SetProperty(EPG.type2,poster,10000)</onload>
    <onload>SetProperty(EPG.type3,landscape,10000)</onload>
    <onload>SetProperty(EPG.type4,poster,10000)</onload>
    <!-- Set EPG props -->
    <onload>SetProperty(EPG.rowCount,6,10000)</onload>
	<onload>SetProperty(EPG.shadowColor,0xff000000,10000)</onload>
    <onload>SetProperty(EPG.focused_textColor,0xffffffff,10000)</onload>
    <onload>SetProperty(EPG.textColor,0xD9FFFFFF,10000)</onload>
    <onload>SetProperty(EPG.textFont,sans12,10000)</onload>  
    <!-- Overlay controls -->
    <controls>   
        <control type="image" id="203">
            <description>Corner Channel Bug</description>
            <posx>350r</posx>
            <posy>188r</posy>
            <width>150</width>
            <height>150</height>
            <aspectratio>keep</aspectratio>
            <texture>NA.png</texture>
            <visible>!Control.IsVisible(101)</visible>
            <animation effect="fade" start="25" end="25" condition="True">Conditional</animation>
        </control>
         <control type="group" id="102"> 
            <left>0</left>
			<top>700</top>
            <visible></visible>
		<control type="image">
            <description>EPG Background</description>
            <posx>0</posx>
            <posy>15</posy>
            <width>1920</width>
            <height>1080</height>
            <texture>bg_vignette.png</texture>
        </control>
            <control type="image" id="1">
				<left>0</left>
				<top>-5</top>
				<width>1980</width>
				<height>295</height>
				<fadetime>200</fadetime>
				<texture background="true">tile.png</texture>
			  <colordiffuse>D9FFFFFF</colordiffuse>
			</control>
            <control type="group" id="104">               
                <control type="grouplist">
                    <posx>1520</posx>
                    <posy>410r</posy>
                    <itemgap>0</itemgap>
                    <orientation>horizontal</orientation>
                  <control type="label">
                        <width>300</width>
                        <height>75</height>
                        <description>StarOver Label</description>
                        <label>To Start Over | Press </label>
                        <font>sans12</font>
                        <align>right</align>
                        <aligny>top</aligny>
                        <textcolor>FFFFFFFF</textcolor>
                        <shadowcolor>D9FFFFFF</shadowcolor>
                  </control>
                  <control type="image">
                        <width>45</width>
                        <height>35</height>
                        <description>StarOver SEL image</description> 
                        <align>left</align>
                        <aligny>bottom</aligny>
                        <aspectratio>keep</aspectratio>
                        <texture colordiffuse="ffffffff">sel.png</texture>
                        <animation effect="fade" start="95" end="95" condition="True">Conditional</animation>
                  </control>
                </control>   
            </control>
			 <!-- Movies/Episodes/Videos Info -->
				<control type="group" id="1">
					<left>210</left>
					<top>110</top>
			    <visible></visible>
				  <animation effect="slide" start="0,0" end="90,0" condition="">Conditional</animation>
					<control type="label" id="1">
						<description>Title label</description>
						<left>200</left>
						<top>-70</top>
						<height>30</height>
						<width>1030</width>
						<label>$INFO[Window(10000).Property(OVERLAY.Title)]</label>
						<align>left</align>
						<aligny>center</aligny>
						<font>sans14</font>
						<textcolor>ffffffff</textcolor>
						<shadowcolor>D9FFFFFF</shadowcolor>
					</control>
					<control type="label" id="1">
						<description>Label</description>
						<left>205</left>
						<top>-20</top>
						<height>30</height>
						<width>730</width>
						<label>$INFO[Window(10000).Property(OVERLAY.Genre)]</label>
						<align>left</align>
						<aligny>center</aligny>
						<font>sans13</font>
						<textcolor>white</textcolor>
						<shadowcolor>D9FFFFFF</shadowcolor>
					</control>
					<control type="image" id="1">
						<visible>VideoPlayer.Content(Movies) | VideoPlayer.Content(Episodes)</visible>	
						<description>Rating image</description>
						<left>200</left>
						<top>15</top>
						<width>180</width>
						<height>65</height>
						<aspectratio align="left">keep</aspectratio>
						<texture fallback="flags/rating/0.0.png" colordiffuse="">$INFO[VideoPlayer.Rating,flags/rating/,.png]</texture>
						<visible>!IsEmpty(VideoPlayer.Rating)</visible>
					</control>
					<control type="label" id="1">
						<visible>VideoPlayer.Content(Movies) | VideoPlayer.Content(Episodes)</visible>	
						<left>215</left>
						<top>70</top>
						<height>45</height>
						<font>sans12</font>
						<align>left</align>
						<aligny>center</aligny>
						<textcolor>white</textcolor>
						<label>Director: $INFO[VideoPlayer.Director]</label>
						<shadowcolor>D9FFFFFF</shadowcolor>
					</control>
					<control type="label" id="1">
						<visible>!VideoPlayer.Content(Movies) + !VideoPlayer.Content(Episodes)</visible>	
						<left>215</left>
						<top>70</top>
						<height>45</height>
						<font>sans12</font>
						<align>left</align>
						<aligny>center</aligny>
						<textcolor>white</textcolor>
						<label>Next: $INFO[Window(10000).Property(OVERLAY.NEXT.Title)]</label>
						<shadowcolor>D9FFFFFF</shadowcolor>
					</control>
				</control>
			 <control type="image">
                    <description>Video rez Image</description>
					<posx>1560</posx>
					<posy>20</posy>
                    <width>90</width>
                    <height>60</height>                    
                    <align>left</align>
                    <aligny>center</aligny>
                    <aspectratio>keep</aspectratio>
                    <texture>$INFO[VideoPlayer.VideoResolution,flags/resolution/,.png]</texture>
                    <colordiffuse>D9FFFFFF</colordiffuse>
                    <visible>!IsEmpty(VideoPlayer.VideoResolution)</visible>
                </control>  
                <control type="image">
                    <description>Audio Channel Image</description>
					<posx>1670</posx>
					<posy>20</posy>
                    <width>90</width>
                    <height>60</height>                    
                    <align>left</align>
                    <aligny>center</aligny>
                    <aspectratio>keep</aspectratio>
                    <texture>$INFO[VideoPlayer.AudioCodec,flags/audio/,.png]</texture>
					<colordiffuse>D9FFFFFF</colordiffuse>
                    <visible>!IsEmpty(VideoPlayer.AudioChannels)</visible>
                </control>
			   <control type="image">
                <description>Aspectratio Image</description>
				<posx>1780</posx>
				<posy>20</posy>
                <width>90</width>
                <height>60</height>
				<align>left</align>
                <aligny>bottom</aligny>
                <aspectratio>keep</aspectratio>
                <texture>$INFO[VideoPlayer.VideoAspect,flags\aspectratio\,.png]</texture>
                <colordiffuse>D9FFFFFF</colordiffuse>
                <visible>!IsEmpty(VideoPlayer.VideoAspect)</visible>
            </control>
			<control type="image">
                <description>Channel Logo</description>
				<posx>1710</posx>
				<posy>100</posy>
                <width>180</width>
                <height>180</height>
                <aspectratio>keep</aspectratio>
                <aligny>center</aligny>
                <visible>true</visible>
				<texture>$INFO[Window(10000).Property(OVERLAY.LOGOART)]</texture>
            </control>
		<!-- Movies/Episodes Cover -->
			  <control type="group" id="1">
			    <visible>VideoPlayer.Content(Movies) | VideoPlayer.Content(Episodes)</visible>			
				 <control type="image" id="1">
						<left>30</left>
						<top>-140</top>
						<width>305</width>
						<height>408</height>
						<aspectratio align="center" aligny="center" scalediffuse="false">scale</aspectratio>
						<texture background="true" fallback="" diffuse="poster_diffuse.png">$INFO[Window(10000).Property(OVERLAY.poster)]</texture>
				 </control>
				 <control type="image" id="1">
						<left>15</left>
						<top>-157</top>
						<width>335</width>
						<height>440</height>
						<texture>poster_overlay_noglass.png</texture>
						<aspectratio align="center" aligny="center">stretch</aspectratio>
				 </control>
			  </control>
			    <!-- Videos -->
			  <control type="group" id="1">
				  <top>60</top>
          <visible>!VideoPlayer.Content(Movies) + !VideoPlayer.Content(Episodes)</visible>
				  <control type="image" id="1">
						<left>30</left>
						<top>-25</top>
						<width>350</width>
						<height>210</height>
						<aspectratio align="center" aligny="center" scalediffuse="false">scale</aspectratio>
						<texture background="" diffuse="video_diffuse.png">$INFO[Window(10000).Property(OVERLAY.landscape)]</texture>
				  </control>
				  <control type="image" id="1">
						<left>22</left>
						<top>-33</top>
						<width>365</width>
						<height>226</height>
						<texture background="">video_overlay_noglass.png</texture>
						<aspectratio align="center" aligny="center">stretch</aspectratio>
				  </control>
			  </control>
            <control type="image">
                <description>isManaged Art</description>   
                <posx>345</posx>
                <posy>120r</posy>         
                <width>32</width>
                <height>32</height>
                <aspectratio>keep</aspectratio>
                <visible>false</visible>
                <texture>$INFO[Window(10000).Property(OVERLAY.Managed)]</texture>
            </control> 
            <control type="image">
                <description>isNew Art</description>         
                <posx>35</posx>
                <posy>280r</posy>  
                <width>50</width>
                <height>50</height>
                <aspectratio>keep</aspectratio>
                <visible>false</visible>
                <texture>$INFO[Window(10000).Property(OVERLAY.isNew)]</texture>
            </control>
			<control type="label" id="1">
						<left>1157</left>
						<top>185</top>
						<width>275</width>
						<height>40</height>
						<font>sans12</font>
						<align>right</align>
						<aligny>center</aligny>
						<label>$INFO[Player.Time]$INFO[Player.Duration, / ]</label>
						<textcolor>white</textcolor>
					  <shadowcolor>D9FFFFFF</shadowcolor>
				    <animation effect="slide" start="0,0" end="55,0" condition="[VideoPlayer.Content(Movies) | VideoPlayer.Content(Episodes) | VideoPlayer.Content(LiveTV)]">Conditional</animation>
					</control>
            <control type="grouplist">
                <posx>420</posx>
                <posy>250r</posy>
                <width>1200</width>
                <orientation>horizontal</orientation>
                <itemgap>5</itemgap>
                
            </control>
			 <control type="button" id="5006">
                <description>Info Progressbar Time Button</description>
                <posx>-430</posx><!-- #should match 5007 -->
                <posy>-235r</posy>
                <width>165</width>
                <height>30</height>
                <font>sans10</font>
                <textcolor>FFFFFFFF</textcolor>
                <shadowcolor>ff000000</shadowcolor>
                <align>center</align>
                <aligny>center</aligny>
                <label>$INFO[Window(10000).Property(OVERLAY.PLAYING.Time)]</label>
                <texturefocus>pstvlButtonFocus.png</texturefocus>
                <texturenofocus>pstvlButtonNoFocusAlt.png</texturenofocus>
                <visible>!Control.IsVisible(101)</visible>
            </control>
			 <control type="group">             
                <control type="image">
                    <description>Info Seekbar Line</description>
                    <posx>420</posx>
                    <posy>160r</posy>
                    <width>1100</width>
                    <height>10</height>
                    <texture>seek/osd_bg_progress.png</texture>
                    <align>center</align>
                    <aligny>center</aligny>
                </control>
                <control type="image" id="5007">
                    <posx>420</posx>
                    <posy>160r</posy>
                    <width>1100</width>
                    <height>10</height>
                    <texture>seek/progress_mid.png</texture>
                    <align>center</align>
                    <aligny>center</aligny>
                </control> 
            </control>  

        </control>
        <!-- MOREINFO -->
        <control type="group" id="222">
            <posx>0</posx>
            <posy>700</posy>
		<control type="image">
            <description>EPG Background</description>
            <posx>0</posx>
            <posy>15</posy>
            <width>1920</width>
            <height>1080</height>
            <texture>bg_vignette.png</texture>
        </control>
			<control type="image" id="1">
				<left>0</left>
				<top>-5</top>
				<width>1980</width>
				<height>295</height>
				<fadetime>200</fadetime>
				<texture background="true">tile.png</texture>
			  <colordiffuse>D9FFFFFF</colordiffuse>
			</control>
            <control type="grouplist">
                <description>Context buttons</description>
                <posx>295r</posx>
                <posy>356r</posy>
                <width>270</width>
                <orientation>vertical</orientation>
                <itemgap>4</itemgap>
                <control type="button" id="1012">
                    <description>More Info</description>
                    <width>270</width>
                    <height>60</height>
                    <label></label>
                    <align>center</align>
                    <aligny>center</aligny>
                    <font>sans12</font>
                    <textcolor>FFFFFFFF</textcolor>
                    <shadowcolor>ff000000</shadowcolor>
                    <texturefocus>pstvlButtonFocus.png</texturefocus>
                    <texturenofocus>pstvlButtonNoFocus.png</texturenofocus>
                    <onup>1015</onup>
                    <ondown>1013</ondown>
                    <visible>!IsEmpty(Control.GetLabel(1012))</visible>
                </control>
                <control type="button" id="1013">
                    <description>Find Similar</description>
                    <width>270</width>
                    <height>60</height>
                    <label></label>
                    <align>center</align>
                    <aligny>center</aligny>
                    <font>sans12</font>
                    <textcolor>FFFFFFFF</textcolor>
                    <shadowcolor>ff000000</shadowcolor>
                    <texturefocus>pstvlButtonFocus.png</texturefocus>
                    <texturenofocus>pstvlButtonNoFocus.png</texturenofocus>
                    <onup>1012</onup>
                    <ondown>1014</ondown>
                    <visible>!IsEmpty(Control.GetLabel(1013))</visible>
                </control>
                <control type="button" id="1014">
                    <description>Record Show</description>
                    <width>270</width>
                    <height>60</height>
                    <label></label>
                    <align>center</align>
                    <aligny>center</aligny>
                    <font>sans12</font>
                    <textcolor>FFFFFFFF</textcolor>
                    <shadowcolor>ff000000</shadowcolor>
                    <texturefocus>pstvlButtonFocus.png</texturefocus>
                    <texturenofocus>pstvlButtonNoFocus.png</texturenofocus>
                    <onup>1013</onup>
                    <ondown>1015</ondown>
                    <visible>!IsEmpty(Control.GetLabel(1014))</visible>
                </control>
                <control type="button" id="1015">
                    <description>Set Reminder</description>
                    <width>270</width>
                    <height>60</height>
                    <label></label>
                    <align>center</align>
                    <aligny>center</aligny>
                    <font>sans12</font>
                    <textcolor>FFFFFFFF</textcolor>
                    <shadowcolor>ff000000</shadowcolor>
                    <texturefocus>pstvlButtonFocus.png</texturefocus>
                    <texturenofocus>pstvlButtonNoFocus.png</texturenofocus>
                    <onup>1014</onup>
                    <ondown>1012</ondown>
                    <visible>!IsEmpty(Control.GetLabel(1014))</visible>
                </control>
            </control>        
            <!-- Movies/Episodes Cover -->
			  <control type="group" id="1">
			    <visible>VideoPlayer.Content(Movies) | VideoPlayer.Content(Episodes)</visible>	
				 <control type="image" id="1">
						<left>30</left>
						<top>-140</top>
						<width>305</width>
						<height>408</height>
						<aspectratio align="center" aligny="center" scalediffuse="false">scale</aspectratio>
						<texture background="true" fallback="" diffuse="poster_diffuse.png">$INFO[Window(10000).Property(OVERLAY.poster)]</texture>
						<fadetime>800</fadetime>
				 </control>
				 <control type="image" id="1">
						<left>15</left>
						<top>-157</top>
						<width>335</width>
						<height>440</height>
						<texture>poster_overlay_noglass.png</texture>
						<aspectratio align="center" aligny="center">stretch</aspectratio>
				 </control>
			  </control>
			   <!-- Videos -->
			  <control type="group" id="1">
				  <top>60</top>
          <visible>!VideoPlayer.Content(Movies) + !VideoPlayer.Content(Episodes)</visible>
				  <control type="image" id="1">
						<left>30</left>
						<top>-25</top>
						<width>335</width>
						<height>210</height>
						<aspectratio align="center" aligny="center" scalediffuse="false">scale</aspectratio>
						<texture background="" diffuse="video_diffuse.png">$INFO[Window(10000).Property(OVERLAY.landscape)]</texture>
					</control>
				  <control type="image" id="1">
						<left>22</left>
						<top>-33</top>
						<width>365</width>
						<height>226</height>
						<texture background="">video_overlay_noglass.png</texture>
						<aspectratio align="center" aligny="center">stretch</aspectratio>
				  </control>
			  </control>
            <control type="image">
                <description>isManaged Art</description>   
                <posx>345</posx>
                <posy>120r</posy>         
                <width>32</width>
                <height>32</height>
                <aspectratio>keep</aspectratio>
				<visible>false</visible>
                <texture>$INFO[Window(10000).Property(OVERLAY.Managed)]</texture>
            </control>             
            <control type="image">
                <description>Unaired "NEW" image</description>         
                <posx>65</posx>
                <posy>485r</posy>  
                <width>50</width>
                <height>50</height>
                <aspectratio>keep</aspectratio>
				<visible>false</visible>
                <texture>$INFO[Window(10000).Property(OVERLAY.isNew)]</texture>
            </control>
            <!-- Movies/Episodes/Videos Info -->
				<control type="group" id="1">
					<left>210</left>
					<top>110</top>
			    <visible>!VideoPlayer.Content(LiveTV)</visible>
				  <animation effect="slide" start="0,0" end="90,0" condition="">Conditional</animation>
					<control type="label" id="1">
						<description>Title label</description>
						<left>200</left>
						<top>-70</top>
						<height>30</height>
						<width>1030</width>
					  <label>$INFO[Window(10000).Property(OVERLAY.Title)]</label>
						<align>left</align>
						<aligny>center</aligny>
						<font>sans14</font>
						<textcolor>ffffffff</textcolor>
						<shadowcolor>D9FFFFFF</shadowcolor>
					</control>
					<control type="label" id="1">
						<description>Label</description>
						<left>205</left>
						<top>-20</top>
						<height>30</height>
						<width>730</width>
					  <label>$INFO[Window(10000).Property(OVERLAY.SEtitle)]</label>
						<align>left</align>
						<aligny>center</aligny>
						<font>sans13</font>
						<textcolor>white</textcolor>
						<shadowcolor>D9FFFFFF</shadowcolor>
				</control>
				<control type="textbox">
					<posx>205</posx>
                    <posy>30</posy>
					<width>1000</width>
					<height>145</height>
					<align>left</align>
					<aligny>top</aligny>
					<font>sans12</font>
					<textcolor>FFFFFFFF</textcolor>
					<shadowcolor>ff000000</shadowcolor>
					<label>$INFO[Window(10000).Property(OVERLAY.Time)] • $INFO[Window(10000).Property(OVERLAY.Description)]</label>
					<autoscroll time="4000" delay="7000" repeat="8000">True</autoscroll>
				</control>
				</control>
				<control type="group">             
                <control type="image">
                    <description>Info Seekbar Line</description>
                    <posx>420</posx>
                    <posy>160r</posy>
                    <width>1100</width>
                    <height>10</height>
                    <texture>seek/osd_bg_progress.png</texture>
                    <align>center</align>
                    <aligny>center</aligny>
					<visible>false</visible>
                </control>
                <control type="image" id="5004">
                    <posx>420</posx>
                    <posy>160r</posy>
                    <width>1100</width>
                    <height>10</height>
                    <texture>seek/progress_mid.png</texture>
                    <align>center</align>
                    <aligny>center</aligny>
					<visible>false</visible>
                </control> 
            </control>  
            <control type="button" id="5005">
                <description>MoreInfo Progressbar Time Button</description>
                <posx>430</posx><!-- #should match 5004 -->
                <posy>435r</posy>
                <width>170</width>
                <height>30</height>
                <textcolor>FFFFFFFF</textcolor>
                <shadowcolor>ff000000</shadowcolor>
                <font>sans10</font>
                <align>center</align>
                <aligny>center</aligny>
                <label>$INFO[Window(10000).Property(OVERLAY.PLAYING.TimeRemaining)]</label>
                <texturefocus>pstvlButtonFocus.png</texturefocus>
                <texturenofocus>pstvlButtonNoFocusAlt.png</texturenofocus>
                <visible>false</visible>
            </control>
           
        </control>
        <control type="group" id="120">
            <posx>0</posx>
            <posy>0</posy>
            <control type="image">
                <description> Coming Up Next Popup</description>
                <width>1920</width>
                <height>1080</height>
                <texture>pstvlPopupWindow.png</texture>
            </control>
            <control type="group">       
                <control type="image">
                    <description>Coming Up artwork</description>
                    <posx>80</posx>
                    <posy>60</posy>
                    <width>360</width>      
                    <height>180</height>
                    <align>center</align>
                    <aspectratio>keep</aspectratio>
                    <texture background="true">$INFO[Window(10000).Property(OVERLAY.NEXT.landscape)]</texture>
                    <animation effect="fade" start="95" end="95" condition="True">Conditional</animation>
                </control>
                <control type="fadelabel">
                    <description>Popup fadelabel</description>
                    <posx>70</posx>
                    <posy>100</posy>
                    <width>400</width>
                    <height>40</height>
                    <visible>true</visible>
                    <pauseatend>2700</pauseatend>
                    <label>Coming Up Next</label>
                    <label>Coming Up Next</label>
                    <label>$INFO[Window(10000).Property(OVERLAY.NEXT.Title)]</label>
                    <font>sans12</font>
                    <scroll>false</scroll>
                    <scrollout>false</scrollout>
                    <textcolor>FFFFFFFF</textcolor>
                    <shadowcolor>ff000000</shadowcolor>
                    <align>center</align>
                    <autoscroll time="2000" delay="0" repeat="0">Skin.HasSetting(AutoScroll)</autoscroll>
                </control>                    
            </control>
        </control>
        <control type="group" id="119">
            <description>Sidebar Menu</description>
            <posx>-40</posx>
            <posy>-20</posy>
           <control type="image" id="1">
				<left>0</left>
				<top>-90</top>
				<width>310</width>
				<height>1380</height>
				<fadetime>200</fadetime>
				<texture background="true">tile2.png</texture>
			  <colordiffuse>D9FFFFFF</colordiffuse>
                <visible>Control.IsVisible(119)</visible>
            </control>
           
            <control type="image">
                <texture flipy="true">fadeh.png</texture>
                <posx>687</posx>
                <posy>0</posy>
                <width>1230</width>
                <height>1080</height>
                <animation effect="fade" end="85" time="5">VisibleChange</animation>
                <visible>Control.IsVisible(130)</visible>
            </control>
            <control type="image" id="130">
                <description>Background Image</description>
                <width>1920</width>
                <height>1080</height>
                <texture>pstvlMenuWindowAlt.png</texture>
                <animation effect="slide" end="0,0" time="500">VisibleChange</animation>
                <animation effect="slide" end="0,0" time="50">VisibleChange</animation>
            </control>   
            <control type="image">
                <description>Sidebar - Logo</description>
                <posx>67</posx>
                <posy>15</posy>
                <width>225</width>
                <height>180</height>
                <aspectratio>keep</aspectratio>
                <align>center</align>
                <aligny>center</aligny>
                <visible>Control.IsVisible(119)</visible>
                <texture>logo.png</texture>
            </control>      
            <control type="image">
                <description>Onnow Art</description>
                <posx>310</posx>
                <posy>15</posy>
                <width>360</width>      
                <height>180</height>
                <aspectratio>keep</aspectratio>
                <visible>Control.IsVisible(130)</visible>
                <texture fallback="landscape.jpg">$INFO[Window(10000).Property(OVERLAY.ONNOW_ART)]</texture>
                <animation effect="fade" start="95" end="95" condition="True">Conditional</animation>
            </control>
            <control type="label" id="132">
                <description>Onnow Controls</description>
                <posx>295</posx>
                <posy>216</posy>
                <width>391</width>
                <height>947</height>
                <label>260</label>
                <visible>false</visible>
            </control>
            <control type="grouplist">
                <posx>67</posx>
                <posy>216</posy>
                <width>225</width>
                <orientation>vertical</orientation>
                <itemgap>0</itemgap>
                <control type="button" id="1000">
                    <width>225</width>
                    <height>72</height>
                    <label></label>
                    <align>center</align>
                    <aligny>center</aligny>
                    <font>sans12</font>
                    <textcolor>FFFFFFFF</textcolor>
                    <shadowcolor>ff000000</shadowcolor>
                    <texturefocus>pstvlButtonFocus.png</texturefocus>
                    <texturenofocus>pstvlButtonNoFocus.png</texturenofocus>
                    <onup>1011</onup>
                    <ondown>1001</ondown>
                    <visible>!IsEmpty(Control.GetLabel(1000))</visible>
                </control>
                <control type="button" id="1001">
                    <width>225</width>
                    <height>72</height>
                    <label></label>
                    <align>center</align>
                    <aligny>center</aligny>
                    <font>sans12</font>
                    <textcolor>FFFFFFFF</textcolor>
                    <shadowcolor>ff000000</shadowcolor>
                    <texturefocus>pstvlButtonFocus.png</texturefocus>
                    <texturenofocus>pstvlButtonNoFocus.png</texturenofocus>
                    <onup>1000</onup>
                    <ondown>1002</ondown>
                    <visible>!IsEmpty(Control.GetLabel(1001))</visible>
                </control>
                <control type="button" id="1002">
                    <width>225</width>
                    <height>72</height>
                    <label></label>
                    <align>center</align>
                    <aligny>center</aligny>
                    <font>sans12</font>
                    <textcolor>FFFFFFFF</textcolor>
                    <shadowcolor>ff000000</shadowcolor>
                    <texturefocus>pstvlButtonFocus.png</texturefocus>
                    <texturenofocus>pstvlButtonNoFocus.png</texturenofocus>
                    <onup>1001</onup>
                    <ondown>1003</ondown>
                    <visible>!IsEmpty(Control.GetLabel(1002))</visible>
                </control>
                <control type="button" id="1003">
                    <width>225</width>
                    <height>72</height>
                    <label></label>
                    <align>center</align>
                    <aligny>center</aligny>
                    <font>sans12</font>
                    <textcolor>FFFFFFFF</textcolor>
                    <shadowcolor>ff000000</shadowcolor>
                    <texturefocus>pstvlButtonFocus.png</texturefocus>
                    <texturenofocus>pstvlButtonNoFocus.png</texturenofocus>
                    <onup>1002</onup>
                    <ondown>1004</ondown>
                    <visible>!IsEmpty(Control.GetLabel(1003))</visible>
                </control>
                <control type="button" id="1004">
                    <width>225</width>
                    <height>72</height>
                    <label></label>
                    <align>center</align>
                    <aligny>center</aligny>
                    <font>sans12</font>
                    <textcolor>FFFFFFFF</textcolor>
                    <shadowcolor>ff000000</shadowcolor>
                    <texturefocus>pstvlButtonFocus.png</texturefocus>
                    <texturenofocus>pstvlButtonNoFocus.png</texturenofocus>
                    <onup>1003</onup>
                    <ondown>1005</ondown>
                    <visible>!IsEmpty(Control.GetLabel(1004))</visible>
                </control>
                <control type="button" id="1005">
                    <width>225</width>
                    <height>72</height>
                    <label></label>
                    <align>center</align>
                    <aligny>center</aligny>
                    <font>sans12</font>
                    <textcolor>FFFFFFFF</textcolor>
                    <shadowcolor>ff000000</shadowcolor>
                    <texturefocus>pstvlButtonFocus.png</texturefocus>
                    <texturenofocus>pstvlButtonNoFocus.png</texturenofocus>
                    <onup>1004</onup>
                    <ondown>1006</ondown>
                    <visible>!IsEmpty(Control.GetLabel(1005))</visible>
                </control>
                <control type="button" id="1006">
                    <width>225</width>
                    <height>72</height>
                    <label></label>
                    <align>center</align>
                    <aligny>center</aligny>
                    <font>sans12</font>
                    <textcolor>FFFFFFFF</textcolor>
                    <shadowcolor>ff000000</shadowcolor>
                    <texturefocus>pstvlButtonFocus.png</texturefocus>
                    <texturenofocus>pstvlButtonNoFocus.png</texturenofocus>
                    <onup>1005</onup>
                    <ondown>1007</ondown>
                    <visible>!IsEmpty(Control.GetLabel(1006))</visible>
                </control>
                <control type="button" id="1007">
                    <width>225</width>
                    <height>72</height>
                    <label></label>
                    <align>center</align>
                    <aligny>center</aligny>
                    <font>sans12</font>
                    <textcolor>FFFFFFFF</textcolor>
                    <shadowcolor>ff000000</shadowcolor>
                    <texturefocus>pstvlButtonFocus.png</texturefocus>
                    <texturenofocus>pstvlButtonNoFocus.png</texturenofocus>
                    <onup>1006</onup>
                    <ondown>1008</ondown>
                    <visible>!IsEmpty(Control.GetLabel(1007))</visible>
                </control>
                <control type="button" id="1008">
                    <width>225</width>
                    <height>72</height>
                    <label></label>
                    <align>center</align>
                    <aligny>center</aligny>
                    <font>sans12</font>
                    <textcolor>FFFFFFFF</textcolor>
                    <shadowcolor>ff000000</shadowcolor>
                    <texturefocus>pstvlButtonFocus.png</texturefocus>
                    <texturenofocus>pstvlButtonNoFocus.png</texturenofocus>
                    <onup>1007</onup>
                    <ondown>1009</ondown>
                    <visible>!IsEmpty(Control.GetLabel(1008))</visible>
                </control>
                <control type="button" id="1009">
                    <width>225</width>
                    <height>72</height>
                    <label></label>
                    <align>center</align>
                    <aligny>center</aligny>
                    <font>sans12</font>
                    <textcolor>FFFFFFFF</textcolor>
                    <shadowcolor>ff000000</shadowcolor>
                    <texturefocus>pstvlButtonFocus.png</texturefocus>
                    <texturenofocus>pstvlButtonNoFocus.png</texturenofocus>
                    <onup>1008</onup>
                    <ondown>1010</ondown>
                    <visible>!IsEmpty(Control.GetLabel(1009))</visible>
                </control>
                <control type="button" id="1010">
                    <width>225</width>
                    <height>72</height>
                    <label></label>
                    <align>center</align>
                    <aligny>center</aligny>
                    <font>sans12</font>
                    <textcolor>FFFFFFFF</textcolor>
                    <shadowcolor>ff000000</shadowcolor>
                    <texturefocus>pstvlButtonFocus.png</texturefocus>
                    <texturenofocus>pstvlButtonNoFocus.png</texturenofocus>
                    <onup>1009</onup>
                    <ondown>1011</ondown>
                    <visible>!IsEmpty(Control.GetLabel(1010))</visible>
                </control>
                <control type="button" id="1011">
                    <width>225</width>
                    <height>72</height>
                    <label></label>
                    <align>center</align>
                    <aligny>center</aligny>
                    <font>sans12</font>
                    <textcolor>FFFFFFFF</textcolor>
                    <shadowcolor>ff000000</shadowcolor>
                    <texturefocus>pstvlButtonFocus.png</texturefocus>
                    <texturenofocus>pstvlButtonNoFocus.png</texturenofocus>
                    <onup>1010</onup>
                    <ondown>1000</ondown>
                    <visible>!IsEmpty(Control.GetLabel(1010))</visible>
                </control>
            </control>
        </control>
        <control type="group" id="101">
		        <posx>0</posx>
                <posy>-20</posy>
            <visible></visible>
            <control type="image">
                <description>Loading Background Image</description>
                <width>1920</width>
                <height>1120</height>
                <texture>pstvlBackground.png</texture>
                <align>center</align>
                <aligny>center</aligny>
            </control>
			<control type="image">
				<description>EPG Background</description>
				<posx>0</posx>
				<posy>0</posy>
				<width>1920</width>
				<height>1120</height>
				<texture>bg_vignette.png</texture>
			</control>
            <control type="grouplist">   
                <posx>300</posx>
                <posy>300</posy>
                <width>1280</width>
                <height>1080</height>
                <orientation>vertical</orientation>
                <itemgap>40</itemgap>
                <control type="image">
                    <description>Loading Background Logo</description>
                    <width>1280</width>
                    <height>270</height>
                    <aspectratio>keep</aspectratio>
                    <align>center</align>
                    <aligny>center</aligny>
                    <texture fallback="logo.png">$INFO[Window(10000).Property(OVERLAY.LOGOART)]</texture>
                    <animation effect="fade" start="95" end="95" condition="True">Conditional</animation>
                </control>
                <control type="image">
                    <description>Busy animation</description>
                    <width>1280</width>
                    <height>50</height>
                    <animation effect="rotate" condition="true" start="0" end="360" loop="true" time="1000" center="auto">Conditional</animation>
                    <texture flipx="true" colordiffuse="ffffffff">spinner.gif</texture>
                    <aspectratio>keep</aspectratio>
                </control>
                <control type="label">
                    <description>Loading Background Text</description>
                    <width>1280</width>
                    <height>40</height>
                    <font>sans13</font>
                    <align>center</align>
                    <aligny>center</aligny>
                    <textcolor>FFFFFFFF</textcolor>
                    <shadowcolor>ff000000</shadowcolor>
                    <label>$INFO[Window(10000).Property(OVERLAY.BACKGROUND_TEXT)]</label>
                </control> 
                <control type="progress">
                    <width>1280</width>
                    <height>20</height>
                    <texturebg>seek/progresscache_back.png</texturebg>
                    <lefttexture border="0">seek/progress_left.png</lefttexture>
                    <midtexture border="0">seek/progress_mid.png</midtexture>
                    <righttexture border="0">seek/progress_right.png</righttexture>
                    <righttexture border="0">seek/progresscache_right.png</righttexture>
                    <align>center</align>
                    <aligny>center</aligny>
                    <info>$INFO[Window(10000).Property(loading.progress)]</info>
                    <visible>False</visible>
                </control>
            </control>          
        </control> 
        <control type="group" id="7000"> 
            <posx>0</posx>
            <posy>0</posy>
            <control type="image">
                <description>Background Image</description>
                <width>1920</width>
                <height>1080</height>
                <texture>pstvlBackground.png</texture>
                <animation effect="fade" start="75" end="75" condition="True">Conditional</animation>
                <align>center</align>
                <aligny>center</aligny>
                <visible>Control.IsVisible(7000)</visible>
            </control>
            <control type="image">
                <width>1920</width>
                <height>1080</height>
                <visible>Control.IsVisible(7000)</visible>
                <animation effect="fade" start="25" end="25" condition="True">Conditional</animation>
                <texture colordiffuse="dd0c2134">overlays/base_color.png</texture>
            </control>
            <control type="group">
                <description>Sleep/Idle/Reminder Prompt</description>
                <width>1920</width>
                <height>1080</height>
                <orientation>vertical</orientation>
                <itemgap>40</itemgap> 
                <visible>Control.IsVisible(7000)</visible>           
                <control type="label"> 
                    <posx>0</posx>
                    <posy>700</posy>
                    <width>1980</width>
                    <height min="40" max="80">auto</height>
                    <font>sans13</font>
                    <aligny>center</aligny>
                    <align>center</align>
                    <scroll>True</scroll>
                    <textcolor>FFFFFFFF</textcolor>
                    <shadowcolor>ff000000</shadowcolor>
                    <visible>Control.IsVisible(7000)</visible>
                    <label>$INFO[Window(10000).Property(PTVL.IDLE_LABEL)]</label>
                </control>
                <control type="button" id="7001">
                    <description>Cancel</description>
                    <posx>720</posx>
                    <posy>800</posy>
                    <width>500</width>
                    <height>72</height>
                    <label></label>
                    <align>center</align>
                    <aligny>center</aligny>
                    <font>sans13</font>
                    <textcolor>C0C0C0C0</textcolor>
                    <focusedcolor>FFFFFFFF</focusedcolor> 
                    <shadowcolor>ff000000</shadowcolor>
                    <texturefocus>pstvlButtonFocus.png</texturefocus>
                    <texturenofocus>pstvlButtonNoFocusAlt.png</texturenofocus>
                    <onup>7002</onup>
                    <ondown>7002</ondown>
                    <visible>Control.IsVisible(7000)</visible>
                </control>
                <control type="button" id="7002">
                    <description>Sleep/Switch</description>
                    <posx>720</posx>
                    <posy>912</posy>
                    <width>500</width>
                    <height>72</height>
                    <label></label>
                    <align>center</align>
                    <aligny>center</aligny>
                    <font>sans13</font>
                    <textcolor>C0C0C0C0</textcolor>
                    <focusedcolor>FFFFFFFF</focusedcolor> 
                    <shadowcolor>ff000000</shadowcolor>
                    <texturefocus>pstvlButtonFocus.png</texturefocus>
                    <texturenofocus>pstvlButtonNoFocusAlt.png</texturenofocus>
                    <onup>7001</onup>
                    <ondown>7001</ondown>
                    <visible>Control.IsVisible(7000)</visible>
                </control>
            </control>
        </control>
    </controls>     
</window>
