<?xml version="1.0" encoding="UTF-8"?>
<window>
    <allowoverlay>no</allowoverlay>
    <zorder>1</zorder>
    <!-- Set artwork -->
     <onload>SetProperty(OVERLAY.PROGBAR_TYPE,landscape,10000)</onload>
    <onload>SetProperty(OVERLAY.type2,poster,10000)</onload>
    <onload>SetProperty(OVERLAY.type3,fanart,10000)</onload>
    <onload>SetProperty(OVERLAY.type4,landscape,10000)</onload>
    <onload>SetProperty(OVERLAY.ONNOW_TYPE,landscape,10000)</onload>
    <onload>SetProperty(EPG.type1,landscape,10000)</onload>
    <onload>SetProperty(EPG.type2,poster,10000)</onload>
    <onload>SetProperty(EPG.type3,landscape,10000)</onload>
    <onload>SetProperty(EPG.type4,poster,10000)</onload>
    <!-- Set EPG props -->
    <onload>SetProperty(EPG.rowCount,6,10000)</onload>
    <onload>SetProperty(EPG.shadowColor,0xD9FFFFFF,10000)</onload>
    <onload>SetProperty(EPG.focused_textColor,0xFFFFFFFF,10000)</onload>
    <onload>SetProperty(EPG.textColor,0xFFFFFFFF,10000)</onload>
    <onload>SetProperty(EPG.textFont,font12,10000)</onload>
	<onload condition="System.HasAddon(script.extendedinfo)">RunScript(script.extendedinfo,info=trendingshows)</onload>
    <!-- Overlay controls -->
    <controls>   
        <control type="image" id="203">
            <description>Corner Channel Bug</description>
            <posx>350r</posx>
            <posy>188r</posy>
            <width>150</width>
            <height>150</height>
            <aspectratio>keep</aspectratio>
            <texture>NA.png</texture>
            <visible>!Control.IsVisible(101)</visible>
            <animation effect="fade" start="25" end="25" condition="True">Conditional</animation>
        </control>
        <control type="group" id="101">    
            <visible>false</visible>
            <control type="image">
                <description>Loading Background Image</description>
                <width>1920</width>
                <height>1080</height>
                <texture>pstvlBackground.png</texture>
                <align>center</align>
                <aligny>center</aligny>
            </control>
            <control type="image">
                <description>Loading Background Logo</description>
                <posx>725</posx>
                <posy>225</posy>
                <width>480</width>
                <height>270</height>
                <aspectratio>keep</aspectratio>
                <align>center</align>
                <aligny>center</aligny>
                <texture fallback="logo.png">$INFO[Window(10000).Property(OVERLAY.LOGOART)]</texture>
                <animation effect="fade" start="95" end="95" condition="True">Conditional</animation>
            </control>
            <control type="label">
                <description>Loading Background Text</description>
                <width>1920</width>
                <height>1080</height>
                <font>font30</font>
                <align>center</align>
                <aligny>center</aligny>
                <label>$INFO[Window(10000).Property(OVERLAY.BACKGROUND_TEXT)]</label>
            </control>  
        </control>
        <control type="group" id="102"> 

            <left>0</left>
			<top>700</top>
            <visible>Player.HasVideo + !Window.IsActive(videoosd)</visible> 
            <control type="image" id="1">
				<left>0</left>
				<top>0</top>
				<width>1980</width>
				<height>300</height>
				<fadetime>200</fadetime>
				<texture background="true">tile.png</texture>
			  <colordiffuse>D9FFFFFF</colordiffuse>
			</control>
            <control type="group" id="104">               
                <control type="grouplist">
                    <posx>1520</posx>
                    <posy>410r</posy>
                    <itemgap>0</itemgap>
                    <orientation>horizontal</orientation>
                  <control type="label">
                        <width>300</width>
                        <height>75</height>
                        <description>StarOver Label</description>
                        <label>To Start Over | Press </label>
                        <font>font12</font>
                        <align>right</align>
                        <aligny>top</aligny>
                        <textcolor>FFFFFFFF</textcolor>
                        <shadowcolor>D9FFFFFF</shadowcolor>
                  </control>
                  <control type="image">
                        <width>45</width>
                        <height>35</height>
                        <description>StarOver SEL image</description> 
                        <align>left</align>
                        <aligny>bottom</aligny>
                        <aspectratio>keep</aspectratio>
                        <texture colordiffuse="ffffffff">sel.png</texture>
                        <animation effect="fade" start="95" end="95" condition="True">Conditional</animation>
                  </control>
                </control>   
            </control>
			 <!-- Movies/Episodes/Videos Info -->
				<control type="group" id="1">
					<left>210</left>
					<top>110</top>
			    <visible></visible>
				  <animation effect="slide" start="0,0" end="90,0" condition="">Conditional</animation>
					<control type="label" id="1">
						<description>Title label</description>
						<left>200</left>
						<top>-70</top>
						<height>30</height>
						<width>1030</width>
					  <label>$INFO[Window(10000).Property(OVERLAY.Title)]</label>
						<align>left</align>
						<aligny>center</aligny>
						<font>Font30</font>
						<textcolor>ffffffff</textcolor>
						<shadowcolor>D9FFFFFF</shadowcolor>
					</control>
					<control type="label" id="1">
						<description>Label</description>
						<left>205</left>
						<top>-25</top>
						<height>30</height>
						<width>730</width>
					  <label>$INFO[Window(10000).Property(OVERLAY.Genre)]</label>
						<align>left</align>
						<aligny>center</aligny>
						<font>Font13</font>
						<textcolor>white</textcolor>
						<shadowcolor>D9FFFFFF</shadowcolor>
					</control>
					<control type="image" id="1">
					<visible>VideoPlayer.Content(Movies) | VideoPlayer.Content(Episodes)</visible>	
						<description>Rating image</description>
						<left>200</left>
						<top>15</top>
						<width>180</width>
						<height>65</height>
						<aspectratio align="left">keep</aspectratio>
						<texture fallback="flags/rating/0.0.png" colordiffuse="">$INFO[VideoPlayer.Rating,flags/rating/,.png]</texture>
					  <visible>!IsEmpty(VideoPlayer.Rating)</visible>
					</control>
					<control type="label" id="1">
					<visible>VideoPlayer.Content(Movies) | VideoPlayer.Content(Episodes)</visible>	
						<left>205</left>
						<top>70</top>
						<height>45</height>
						<font>Font12</font>
						<align>left</align>
						<aligny>center</aligny>
						<textcolor>white</textcolor>
					  <shadowcolor>ff000000</shadowcolor>
						<label>Director: $INFO[VideoPlayer.Director]</label>
					</control>
					<control type="label" id="1">
					<visible>!VideoPlayer.Content(Movies) + !VideoPlayer.Content(Episodes)</visible>	
						<left>205</left>
						<top>70</top>
						<height>45</height>
						<font>Font12</font>
						<align>left</align>
						<aligny>center</aligny>
						<textcolor>white</textcolor>
					  <shadowcolor>ff000000</shadowcolor>
            <label>Next: $INFO[Window(10000).Property(OVERLAY.NEXT.Title)]</label>
					</control>
				</control>
			 <control type="image">
                    <description>Video rez Image</description>
					<posx>1560</posx>
					<posy>20</posy>
                    <width>90</width>
                    <height>60</height>                    
                    <align>left</align>
                    <aligny>center</aligny>
                    <aspectratio>keep</aspectratio>
                    <texture>$INFO[VideoPlayer.VideoResolution,flags/resolution/,.png]</texture>
                    <colordiffuse>D9FFFFFF</colordiffuse>
                    <visible>!IsEmpty(VideoPlayer.VideoResolution)</visible>
                </control>  
                <control type="image">
                    <description>Audio Channel Image</description>
					<posx>1670</posx>
					<posy>20</posy>
                    <width>90</width>
                    <height>60</height>                    
                    <align>left</align>
                    <aligny>center</aligny>
                    <aspectratio>keep</aspectratio>
                    <texture>$INFO[VideoPlayer.AudioCodec,flags/audio/,.png]</texture>
                    <colordiffuse>D9FFFFFF</colordiffuse>
                    <visible>!IsEmpty(VideoPlayer.AudioChannels)</visible>
                </control>
			   <control type="image">
                <description>Aspectratio Image</description>
				<posx>1780</posx>
				<posy>20</posy>
                <width>90</width>
                <height>60</height>
				<align>left</align>
                <aligny>bottom</aligny>
                <aspectratio>keep</aspectratio>
                <texture>$INFO[VideoPlayer.VideoAspect,flags\aspectratio\,.png]</texture>
                <colordiffuse>D9FFFFFF</colordiffuse>
                <visible>!IsEmpty(VideoPlayer.VideoAspect)</visible>
            </control>
			<control type="image">
                <description>Channel Logo</description>
				<posx>1710</posx>
				<posy>100</posy>
                <width>180</width>
                <height>180</height>
                <aspectratio>keep</aspectratio>
                <aligny>center</aligny>
                <visible>true</visible>
				<texture>$INFO[Window(10000).Property(OVERLAY.LOGOART)]</texture>
            </control>
		<!-- Movies/Episodes Cover -->
			  <control type="group" id="1">
			    <visible>VideoPlayer.Content(Movies) | VideoPlayer.Content(Episodes)</visible>			
				 <control type="image" id="1">
						<left>30</left>
						<top>-140</top>
						<width>305</width>
						<height>408</height>
						<aspectratio align="center" aligny="center" scalediffuse="false">scale</aspectratio>
						<texture background="true" fallback="" diffuse="poster_diffuse.png">$INFO[Window(10000).Property(OVERLAY.poster)]</texture>
				 </control>
				 <control type="image" id="1">
						<left>15</left>
						<top>-157</top>
						<width>335</width>
						<height>440</height>
						<texture>poster_overlay_noglass.png</texture>
						<aspectratio align="center" aligny="center">stretch</aspectratio>
				 </control>
			  </control>
			    <!-- Videos -->
			  <control type="group" id="1">
				  <top>60</top>
          <visible>!VideoPlayer.Content(Movies) + !VideoPlayer.Content(Episodes)</visible>
				  <control type="image" id="1">
						<left>30</left>
						<top>-25</top>
						<width>350</width>
						<height>210</height>
						<aspectratio align="center" aligny="center" scalediffuse="false">scale</aspectratio>
						<texture background="" diffuse="video_diffuse.png">$INFO[Window(10000).Property(OVERLAY.landscape)]</texture>
				  </control>
				  <control type="image" id="1">
						<left>22</left>
						<top>-33</top>
						<width>365</width>
						<height>226</height>
						<texture background="">video_overlay_noglass.png</texture>
						<aspectratio align="center" aligny="center">stretch</aspectratio>
				  </control>
				 
				 
				 
			  </control>
            <control type="image">
                <description>isManaged Art</description>   
                <posx>345</posx>
                <posy>120r</posy>         
                <width>32</width>
                <height>32</height>
                <aspectratio>keep</aspectratio>
                <visible>false</visible>
                <texture>$INFO[Window(10000).Property(OVERLAY.Managed)]</texture>
            </control> 
            <control type="image">
                <description>isNew Art</description>         
                <posx>35</posx>
                <posy>280r</posy>  
                <width>50</width>
                <height>50</height>
                <aspectratio>keep</aspectratio>
                <visible>false</visible>
                <texture>$INFO[Window(10000).Property(OVERLAY.isNew)]</texture>
            </control>
			<control type="label" id="1">
						<left>1157</left>
						<top>185</top>
						<width>275</width>
						<height>40</height>
						<font>Font12</font>
						<align>right</align>
						<aligny>center</aligny>
						<label>$INFO[Player.Time]$INFO[Player.Duration, / ]</label>
						<textcolor>white</textcolor>
					  <shadowcolor>55000000</shadowcolor>
				    <animation effect="slide" start="0,0" end="55,0" condition="[VideoPlayer.Content(Movies) | VideoPlayer.Content(Episodes) | VideoPlayer.Content(LiveTV)]">Conditional</animation>
					</control>
            <control type="grouplist">
                <posx>420</posx>
                <posy>250r</posy>
                <width>1200</width>
                <orientation>horizontal</orientation>
                <itemgap>5</itemgap>
                
            </control>
			 <control type="button" id="5006">
                <description>Info Progressbar Time Button</description>
                <posx>-430</posx><!-- #should match 5007 -->
                <posy>-235r</posy>
                <width>165</width>
                <height>30</height>
                <font>font12</font>
                <textcolor>FFFFFFFF</textcolor>
                <shadowcolor>ff000000</shadowcolor>
                <align>center</align>
                <aligny>center</aligny>
                <label>$INFO[Player.Time]</label>
                <texturefocus>pstvlButtonFocus.png</texturefocus>
                <texturenofocus>pstvlButtonNoFocusAlt.png</texturenofocus>
                <visible>!Control.IsVisible(101) + [Control.IsVisible(5007)]</visible>
            </control>
            <control type="grouplist">
                <posx>410</posx>
                <posy>170r</posy>
                <width>1200</width>
                <orientation>vertical</orientation>
                <itemgap>16</itemgap>
                <control type="group"> 
                    <visible></visible>
					  <control type="progress" id="1">
					<description>Progressbar</description>
					<left>0</left>
					<top>0</top>
					<width>1100</width>
					<height>35</height>
					<info>Player.Progress</info>
					<reveal>true</reveal>
					<texturebg border="">seek/osd_bg_progress.png</texturebg>
					<lefttexture border="">seek/osd_left_progress.png</lefttexture>
					<midtexture border="">seek/osd_center_progress.png</midtexture>
					<righttexture border="">seek/osd_right_progress.png</righttexture>
					<overlaytexture>-</overlaytexture>
					<visible>Control.IsVisible(5007)</visible>
				</control>
				<control type="progress" id="5007">
					<description>Progressbar</description>
					<left>0</left>
					<top>0</top>
					<width>1100</width>
					<height>35</height>
					<info>Player.CacheLevel</info>
					<texturebg border="5">seek/osd_bg_progress_cache_big.png</texturebg>
					<lefttexture border="5">seek/osd_left_progress_cache.png</lefttexture>
					<midtexture border="5">seek/osd_center_progress_cache.png</midtexture>
					<righttexture border="5">seek/osd_right_progress_cache.png</righttexture>
					<overlaytexture>-</overlaytexture>
					<colordiffuse>11FFFFFF</colordiffuse>
				</control>
            </control> 
            </control> 
        </control>
		
        <!-- MOREINFO -->
        <control type="group" id="222">
            <posx>0</posx>
            <posy>700</posy>     
            <control type="image" id="1">
				<left>0</left>
				<top>0</top>
				<width>1980</width>
				<height>300</height>
				<fadetime>200</fadetime>
				<texture background="true">tile.png</texture>
			  <colordiffuse>D9FFFFFF</colordiffuse>
		  </control>
            <control type="grouplist">
                <description>Context buttons</description>
                <posx>295r</posx>
                <posy>356r</posy>
                <width>270</width>
                <orientation>vertical</orientation>
                <itemgap>4</itemgap>
                <control type="button" id="1012">
                    <description>More Info</description>
                    <width>270</width>
                    <height>60</height>
                    <label></label>
                    <align>center</align>
                    <aligny>center</aligny>
                    <font>font12</font>
                    <textcolor>FFFFFFFF</textcolor>
                    <shadowcolor>ff000000</shadowcolor>
                    <texturefocus>pstvlButtonFocus.png</texturefocus>
                    <texturenofocus>pstvlButtonNoFocus.png</texturenofocus>
                    <onup>1015</onup>
                    <ondown>1013</ondown>
                    <visible>!IsEmpty(Control.GetLabel(1012))</visible>
                </control>
                <control type="button" id="1013">
                    <description>Find Similar</description>
                    <width>270</width>
                    <height>60</height>
                    <label></label>
                    <align>center</align>
                    <aligny>center</aligny>
                    <font>font12</font>
                    <textcolor>FFFFFFFF</textcolor>
                    <shadowcolor>ff000000</shadowcolor>
                    <texturefocus>pstvlButtonFocus.png</texturefocus>
                    <texturenofocus>pstvlButtonNoFocus.png</texturenofocus>
                    <onup>1012</onup>
                    <ondown>1014</ondown>
                    <visible>!IsEmpty(Control.GetLabel(1013))</visible>
                </control>
                <control type="button" id="1014">
                    <description>Record Show</description>
                    <width>270</width>
                    <height>60</height>
                    <label></label>
                    <align>center</align>
                    <aligny>center</aligny>
                    <font>font12</font>
                    <textcolor>FFFFFFFF</textcolor>
                    <shadowcolor>ff000000</shadowcolor>
                    <texturefocus>pstvlButtonFocus.png</texturefocus>
                    <texturenofocus>pstvlButtonNoFocus.png</texturenofocus>
                    <onup>1013</onup>
                    <ondown>1015</ondown>
                    <visible>!IsEmpty(Control.GetLabel(1014))</visible>
                </control>
                <control type="button" id="1015">
                    <description>Set Reminder</description>
                    <width>270</width>
                    <height>60</height>
                    <label></label>
                    <align>center</align>
                    <aligny>center</aligny>
                    <font>font12</font>
                    <textcolor>FFFFFFFF</textcolor>
                    <shadowcolor>ff000000</shadowcolor>
                    <texturefocus>pstvlButtonFocus.png</texturefocus>
                    <texturenofocus>pstvlButtonNoFocus.png</texturenofocus>
                    <onup>1014</onup>
                    <ondown>1012</ondown>
                    <visible>!IsEmpty(Control.GetLabel(1014))</visible>
                </control>
            </control>
			 <!-- Movies/Episodes/Videos Info -->
				<control type="group" id="1">
					<left>210</left>
					<top>110</top>
			    <visible>!VideoPlayer.Content(LiveTV)</visible>
				  <animation effect="slide" start="0,0" end="90,0" condition="">Conditional</animation>
					<control type="label" id="1">
						<description>Title label</description>
						<left>200</left>
						<top>-70</top>
						<height>30</height>
						<width>1030</width>
					  <label>$INFO[Window(10000).Property(OVERLAY.Title)]</label>
						<align>left</align>
						<aligny>center</aligny>
						<font>Font30</font>
						<textcolor>ffffffff</textcolor>
						<shadowcolor>D9FFFFFF</shadowcolor>
					</control>
					<control type="label" id="1">
						<description>Label</description>
						<left>205</left>
						<top>-30</top>
						<height>30</height>
						<width>730</width>
					  <label>$INFO[Window(10000).Property(OVERLAY.SEtitle)]</label>
						<align>left</align>
						<aligny>center</aligny>
						<font>Font13</font>
						<textcolor>white</textcolor>
						<shadowcolor>D9FFFFFF</shadowcolor>
					</control>
					<control type="label">
                    <description>Show Description</description>
					<posx>205</posx>
                    <posy>20</posy> 
                    <width>1000</width>
                    <height>150</height>
                    <align>left</align>
                    <aligny>bottom</aligny>
                    <wrapmultiline>true</wrapmultiline>
                    <textcolor>FFFFFFFF</textcolor>
                    <shadowcolor>D9FFFFFF</shadowcolor>
                    <font>font12</font>
                    <label>$INFO[Window(10000).Property(OVERLAY.Description)]</label>
                </control>
				</control>
				
           
								    <!-- Movies/Episodes Cover -->
			  <control type="group" id="1">
			    <visible>VideoPlayer.Content(Movies) | VideoPlayer.Content(Episodes)</visible>
					
				 <control type="image" id="1">
						<left>30</left>
						<top>-140</top>
						<width>305</width>
						<height>408</height>
						<aspectratio align="center" aligny="center" scalediffuse="false">scale</aspectratio>
						<texture background="true" fallback="" diffuse="poster_diffuse.png">$INFO[Window(10000).Property(OVERLAY.poster)]</texture>
						<fadetime>800</fadetime>
				 </control>
				 <control type="image" id="1">
						<left>15</left>
						<top>-157</top>
						<width>335</width>
						<height>440</height>
						<texture>poster_overlay_noglass.png</texture>
						<aspectratio align="center" aligny="center">stretch</aspectratio>
				 </control>
				
			  </control>
			   <!-- Videos -->
			  <control type="group" id="1">
				  <top>60</top>
          <visible>!VideoPlayer.Content(Movies) + !VideoPlayer.Content(Episodes)</visible>
				  <control type="image" id="1">
						<left>30</left>
						<top>-25</top>
						<width>30</width>
						<height>210</height>
						<aspectratio align="center" aligny="center" scalediffuse="false">scale</aspectratio>
						<texture background="" diffuse="video_diffuse.png">$INFO[Window(10000).Property(OVERLAY.landscape)]</texture>
					</control>
				  <control type="image" id="1">
						<left>22</left>
						<top>-33</top>
						<width>365</width>
						<height>226</height>
						<texture background="">video_overlay_noglass.png</texture>
						<aspectratio align="center" aligny="center">stretch</aspectratio>
				  </control>
			  </control>

            <control type="image">
                <description>isManaged Art</description>   
                <posx>345</posx>
                <posy>120r</posy>         
                <width>32</width>
                <height>32</height>
                <aspectratio>keep</aspectratio>
				<visible>false</visible>
                <texture>$INFO[Window(10000).Property(OVERLAY.Managed)]</texture>
            </control>             
            <control type="image">
                <description>Unaired "NEW" image</description>         
                <posx>65</posx>
                <posy>485r</posy>  
                <width>50</width>
                <height>50</height>
                <aspectratio>keep</aspectratio>
				<visible>false</visible>
                <texture>$INFO[Window(10000).Property(OVERLAY.isNew)]</texture>
            </control>
			
		
            <control type="grouplist">
                <posx>420</posx>
                <posy>285r</posy>
                <width>2100</width>
                <orientation>horizontal</orientation>
                <itemgap>5</itemgap>
               
            </control>
			
            <control type="grouplist">
			
                <posx>410</posx>
                <posy>135r</posy>
                <width>1100</width>
                <orientation>vertical</orientation>
                <itemgap>4</itemgap>
               
                <control type="grouplist">
                <posx>410</posx>
                <posy>170r</posy>
                <width>1200</width>
                <orientation>vertical</orientation>
                <itemgap>16</itemgap>
                <control type="group"> 
                    <visible></visible>
					  <control type="progress" id="1">
					<description>Progressbar</description>
					<left>0</left>
					<top>0</top>
					<width>1100</width>
					<height>35</height>
					<info>Player.Progress</info>
					<reveal>true</reveal>
					<texturebg border="">seek/osd_bg_progress.png</texturebg>
					<lefttexture border="">seek/osd_left_progress.png</lefttexture>
					<midtexture border="">seek/osd_center_progress.png</midtexture>
					<righttexture border="">seek/osd_right_progress.png</righttexture>
					<overlaytexture>-</overlaytexture>
					<visible>Control.IsVisible(5004)</visible>
				</control>
				<control type="progress" id="5004">
					<description>Progressbar</description>
					<left>0</left>
					<top>0</top>
					<width>1100</width>
					<height>35</height>
					<info>Player.CacheLevel</info>
					<texturebg border="5">seek/osd_bg_progress_cache_big.png</texturebg>
					<lefttexture border="5">seek/osd_left_progress_cache.png</lefttexture>
					<midtexture border="5">seek/osd_center_progress_cache.png</midtexture>
					<righttexture border="5">seek/osd_right_progress_cache.png</righttexture>
					<overlaytexture>-</overlaytexture>
					<colordiffuse>11FFFFFF</colordiffuse>
				</control>
            </control> 
            </control> 
 
				 <control type="button" id="5005">
                <description>MoreInfo Progressbar Time Button</description>
                <posx>460</posx><!-- #should match 5004 -->
                <posy>435</posy>
                <width>165</width>
                <height>30</height>
                <textcolor>FFFFFFFF</textcolor>
                <shadowcolor>ff000000</shadowcolor>
                <font>font10</font>
                <align>center</align>
                <aligny>center</aligny>
                <label>$INFO[Player.TimeRemaining]</label>
                <texturefocus>pstvlButtonFocus.png</texturefocus>
                <texturenofocus>pstvlButtonNoFocusAlt.png</texturenofocus>
                <visible>!Control.IsVisible(101) + [Control.IsVisible(5004)]</visible>
            </control>
                <control type="grouplist">
                    <posx>210</posx>
                    <posy>20</posy>
                    <width>1900</width>
                    <orientation>horizontal</orientation>
                    <itemgap></itemgap>
                    <control type="label" id="517">
                        <description>Seekbar start+offset time</description>
                        <posx>0</posx>
                        <posy>0</posy>
                        <width>550</width>
                        <height>30</height>
                        <fadetime>250</fadetime>
                        <textcolor>FFFFFFFF</textcolor>
                        <shadowcolor>ff000000</shadowcolor>
                        <font>font12</font>
                        <align>left</align>
                        <aligny>center</aligny>
                        <label fallback="">$INFO[System.Time, Time: ] $INFO[Player.StartTime, Started: ]</label>
                        <visible>false</visible>
                    </control>
                    <control type="label" id="516">
                        <description>Seekbar Elapsed Time Button</description>
                        <posx>0</posx>
                        <posy>0</posy>
                        <width>550</width>
                        <height>30</height>
                        <fadetime>250</fadetime>
                        <textcolor>FFFFFFFF</textcolor>
                        <shadowcolor>ff000000</shadowcolor>
                        <font>font12</font>
                        <align>left</align>
                        <aligny>center</aligny>
                        <label>$INFO[Player.Time]</label>
                        <visible>false</visible>
                        <!-- <visible>Player.HasDuration</visible> -->
                    </control>
                    <control type="label" id="516">
                        <description>Seekbar Elapsed Time Button</description>
                        <posx>0</posx>
                        <posy>0</posy>
                        <width>550</width>
                        <height>30</height>
                        <fadetime>250</fadetime>
                        <textcolor>FFFFFFFF</textcolor>
                        <shadowcolor>ff000000</shadowcolor>
                        <font>font12</font>
                        <align>left</align>
                        <aligny>center</aligny>
                        <label>$INFO[Player.TimeRemaining,Remaining: ] / $INFO[Player.Time,Elapsed: ]</label>
                        <visible>false</visible>
                    </control>  
                    <control type="label" id="518">"
                        <description>Seekbar time</description>
                        <posx>0</posx>
                        <posy>0</posy>
                        <width>550</width>
                        <height>30</height>
                        <fadetime>250</fadetime>
                        <textcolor>FFFFFFFF</textcolor>
                        <shadowcolor>ff000000</shadowcolor>
                        <font>font12</font>
                        <align>right</align>
                        <aligny>center</aligny>
                        <label>$INFO[Player.Duration, Duration: ] / $INFO[Player.FinishTime(hh:mm xx), Finished: ]</label>
                        <visible>false</visible>
                    </control> 
                </control> 
					
                   
            </control>
           
            </control>
			<control type="group" id="7000"> 
            <posx>0</posx>
            <posy>0</posy>
            <control type="image">
                <description>Background Image</description>
                <width>1920</width>
                <height>1080</height>
                <texture>pstvlBackground.png</texture>
                <animation effect="fade" start="75" end="75" condition="True">Conditional</animation>
                <align>center</align>
                <aligny>center</aligny>
                <visible>Control.IsVisible(7000)</visible>
            </control>
            <control type="group">
                <description>Sleep/Idle/Reminder Prompt</description>
                <width>1920</width>
                <height>1080</height>
                <orientation>vertical</orientation>
                <itemgap>40</itemgap> 
                <visible>Control.IsVisible(7000)</visible>           
                <control type="label"> 
                    <posx>0</posx>
                    <posy>700</posy>
                    <width>1980</width>
                    <height min="40" max="80">auto</height>
                    <font>font30</font>
                    <aligny>center</aligny>
                    <align>center</align>
                    <scroll>True</scroll>
                    <textcolor>C0C0C0C0</textcolor>
                    <shadowcolor>ff000000</shadowcolor>
                    <visible>Control.IsVisible(7000)</visible>
                    <label>$INFO[Window(10000).Property(PTVL.IDLE_LABEL)]</label>
                </control>
                <control type="button" id="7001">
                    <description>Cancel</description>
                    <posx>720</posx>
                    <posy>800</posy>
                    <width>500</width>
                    <height>72</height>
                    <label></label>
                    <align>center</align>
                    <aligny>center</aligny>
                    <font>font12</font>
                    <textcolor>FFFFFFFF</textcolor>
                    <shadowcolor>ff000000</shadowcolor>
                    <texturefocus>pstvlButtonFocus.png</texturefocus>
                    <texturenofocus>pstvlButtonNoFocusAlt.png</texturenofocus>
                    <onup>7002</onup>
                    <ondown>7002</ondown>
                    <visible>Control.IsVisible(7000)</visible>
                </control>
                <control type="button" id="7002">
                    <description>Sleep/Switch</description>
                    <posx>720</posx>
                    <posy>912</posy>
                    <width>500</width>
                    <height>72</height>
                    <label></label>
                    <align>center</align>
                    <aligny>center</aligny>
                    <font>font12</font>
                    <textcolor>FFFFFFFF</textcolor>
                    <shadowcolor>ff000000</shadowcolor>
                    <texturefocus>pstvlButtonFocus.png</texturefocus>
                    <texturenofocus>pstvlButtonNoFocusAlt.png</texturenofocus>
                    <onup>7001</onup>
                    <ondown>7001</ondown>
                    <visible>Control.IsVisible(7000)</visible>
                </control>
            </control>
        </control>
            <control type="group" id="120">
                <posx>0</posx>
                <posy>0</posy>
                <control type="image">
                    <description> Coming Up Next Popup</description>
                    <width>1920</width>
                    <height>1080</height>
                    <texture>pstvlPopupWindow.png</texture>
                </control>
                <control type="group">       
                    <control type="image">
                        <description>Coming Up artwork</description>
                        <posx>67</posx>
                        <posy>47</posy>
                        <width>330</width>      
                        <height>170</height>
                        <aspectratio align="center" aligny="center" scalediffuse="false">stretch</aspectratio>
						<texture diffuse="video_diffuse.png"></texture>
                        <texture fallback="">$INFO[Window(10000).Property(OVERLAY.NEXT.landscape)]</texture>
                        <animation effect="fade" start="95" end="95" condition="True">Conditional</animation>
                    </control>
                    <control type="fadelabel">
                        <description>Popup fadelabel</description>
                        <posx>60</posx>
                        <posy>215</posy>
                        <width>335</width>
                        <height>40</height>
                        <visible>true</visible>
                        <pauseatend>2700</pauseatend>
                        <label>Coming Up Next</label>
                        <label>Coming Up Next</label>
                        <label>$INFO[Window(10000).Property(OVERLAY.NEXT.Title)]</label>
                        <font>font12_Title</font>
                        <scroll>false</scroll>
                        <scrollout>false</scrollout>
                        <textcolor>ff000000</textcolor>
                        <shadowcolor>ff000000</shadowcolor>
                        <align>center</align>
                        <autoscroll time="2000" delay="0" repeat="0">Skin.HasSetting(AutoScroll)</autoscroll>
                    </control>                    
                </control>
            </control>
        <control type="group" id="119">
            <description>Sidebar Menu</description>
            <posx>0</posx>
            <posy>0</posy>
           
            <control type="image">
                <description>Background Image</description>
                <width>1920</width>
                <height>1080</height>
                <texture>pstvlMenuWindow.png</texture>
                <visible>Control.IsVisible(119)</visible>
                <animation effect="slide" end="0,0" time="500">VisibleChange</animation>
                <animation effect="slide" end="0,0" time="50">VisibleChange</animation>
            </control>
            <control type="image">
                <texture flipy="true">fadeh.png</texture>
                <posx>687</posx>
                <posy>0</posy>
                <width>1230</width>
                <height>1080</height>
                <animation effect="fade" end="85" time="5">VisibleChange</animation>
                <visible>Control.IsVisible(130)</visible>
            </control>
            <control type="image" id="130">
                <description>Background Image</description>
                <width>1920</width>
                <height>1080</height>
                <texture>pstvlMenuWindowAlt.png</texture>
                <animation effect="slide" end="0,0" time="500">VisibleChange</animation>
                <animation effect="slide" end="0,0" time="50">VisibleChange</animation>
            </control>   
            <control type="image">
                <description>Sidebar - Logo</description>
                <posx>7</posx>
                <posy>-95</posy>
                <width>225</width>
                <height>180</height>
                <aspectratio>keep</aspectratio>
                <align>center</align>
                <aligny>center</aligny>
                <visible>Control.IsVisible(119)</visible>
                <texture>pltvlabel.png</texture>
            </control>      
            <control type="image">
                <description>Onnow Art</description>
                <posx>310</posx>
                <posy>15</posy>
                <width>360</width>      
                <height>180</height>
				<aspectratio align="center" aligny="center" scalediffuse="false">stretch</aspectratio>
				<texture diffuse="video_diffuse.png"></texture>
                <visible>Control.IsVisible(130)</visible>
                <texture fallback="">$INFO[Window(10000).Property(OVERLAY.ONNOW_ART)]</texture>
                <animation effect="fade" start="95" end="95" condition="True">Conditional</animation>
            </control>
            <control type="label" id="132">
                <description>Onnow Controls</description>
                <posx>295</posx>
                <posy>216</posy>
                <width>391</width>
                <height>947</height>
                <label>260</label>
                <visible>false</visible>
            </control>
            <control type="grouplist">
                <posx>7</posx>
                <posy>100</posy>
                <width>225</width>
                <orientation>vertical</orientation>
                <itemgap>10</itemgap>
                <control type="button" id="1000">
                    <width>225</width>
                    <height>72</height>
                    <label></label>
                    <align>center</align>
                    <aligny>center</aligny>
                    <font>font12</font>
                    <textcolor>FFFFFFFF</textcolor>
                    <shadowcolor>ff000000</shadowcolor>
                    <texturefocus>pstvlButtonFocus.png</texturefocus>
                    <texturenofocus>pstvlButtonNoFocus.png</texturenofocus>
                    <onup>1011</onup>
                    <ondown>1001</ondown>
                    <visible>!IsEmpty(Control.GetLabel(1000))</visible>
                </control>
                <control type="button" id="1001">
                    <width>225</width>
                    <height>72</height>
                    <label></label>
                    <align>center</align>
                    <aligny>center</aligny>
                    <font>font12</font>
                    <textcolor>FFFFFFFF</textcolor>
                    <shadowcolor>ff000000</shadowcolor>
                    <texturefocus>pstvlButtonFocus.png</texturefocus>
                    <texturenofocus>pstvlButtonNoFocus.png</texturenofocus>
                    <onup>1000</onup>
                    <ondown>1002</ondown>
                    <visible>!IsEmpty(Control.GetLabel(1001))</visible>
                </control>
                <control type="button" id="1002">
                    <width>225</width>
                    <height>72</height>
                    <label></label>
                    <align>center</align>
                    <aligny>center</aligny>
                    <font>font12</font>
                    <textcolor>FFFFFFFF</textcolor>
                    <shadowcolor>ff000000</shadowcolor>
                    <texturefocus>pstvlButtonFocus.png</texturefocus>
                    <texturenofocus>pstvlButtonNoFocus.png</texturenofocus>
                    <onup>1001</onup>
                    <ondown>1003</ondown>
                    <visible>!IsEmpty(Control.GetLabel(1002))</visible>
                </control>
                <control type="button" id="1003">
                    <width>225</width>
                    <height>72</height>
                    <label></label>
                    <align>center</align>
                    <aligny>center</aligny>
                    <font>font12</font>
                    <textcolor>FFFFFFFF</textcolor>
                    <shadowcolor>ff000000</shadowcolor>
                    <texturefocus>pstvlButtonFocus.png</texturefocus>
                    <texturenofocus>pstvlButtonNoFocus.png</texturenofocus>
                    <onup>1002</onup>
                    <ondown>1004</ondown>
                    <visible>!IsEmpty(Control.GetLabel(1003))</visible>
                </control>
                <control type="button" id="1004">
                    <width>225</width>
                    <height>72</height>
                    <label></label>
                    <align>center</align>
                    <aligny>center</aligny>
                    <font>font12</font>
                    <textcolor>FFFFFFFF</textcolor>
                    <shadowcolor>ff000000</shadowcolor>
                    <texturefocus>pstvlButtonFocus.png</texturefocus>
                    <texturenofocus>pstvlButtonNoFocus.png</texturenofocus>
                    <onup>1003</onup>
                    <ondown>1005</ondown>
                    <visible>!IsEmpty(Control.GetLabel(1004))</visible>
                </control>
                <control type="button" id="1005">
                    <width>225</width>
                    <height>72</height>
                    <label></label>
                    <align>center</align>
                    <aligny>center</aligny>
                    <font>font12</font>
                    <textcolor>FFFFFFFF</textcolor>
                    <shadowcolor>ff000000</shadowcolor>
                    <texturefocus>pstvlButtonFocus.png</texturefocus>
                    <texturenofocus>pstvlButtonNoFocus.png</texturenofocus>
                    <onup>1004</onup>
                    <ondown>1006</ondown>
                    <visible>!IsEmpty(Control.GetLabel(1005))</visible>
                </control>
                <control type="button" id="1006">
                    <width>225</width>
                    <height>72</height>
                    <label></label>
                    <align>center</align>
                    <aligny>center</aligny>
                    <font>font12</font>
                    <textcolor>FFFFFFFF</textcolor>
                    <shadowcolor>ff000000</shadowcolor>
                    <texturefocus>pstvlButtonFocus.png</texturefocus>
                    <texturenofocus>pstvlButtonNoFocus.png</texturenofocus>
                    <onup>1005</onup>
                    <ondown>1007</ondown>
                    <visible>!IsEmpty(Control.GetLabel(1006))</visible>
                </control>
                <control type="button" id="1007">
                    <width>225</width>
                    <height>72</height>
                    <label></label>
                    <align>center</align>
                    <aligny>center</aligny>
                    <font>font12</font>
                    <textcolor>FFFFFFFF</textcolor>
                    <shadowcolor>ff000000</shadowcolor>
                    <texturefocus>pstvlButtonFocus.png</texturefocus>
                    <texturenofocus>pstvlButtonNoFocus.png</texturenofocus>
                    <onup>1006</onup>
                    <ondown>1008</ondown>
                    <visible>!IsEmpty(Control.GetLabel(1007))</visible>
                </control>
                <control type="button" id="1008">
                    <width>225</width>
                    <height>72</height>
                    <label></label>
                    <align>center</align>
                    <aligny>center</aligny>
                    <font>font12</font>
                    <textcolor>FFFFFFFF</textcolor>
                    <shadowcolor>ff000000</shadowcolor>
                    <texturefocus>pstvlButtonFocus.png</texturefocus>
                    <texturenofocus>pstvlButtonNoFocus.png</texturenofocus>
                    <onup>1007</onup>
                    <ondown>1009</ondown>
                    <visible>!IsEmpty(Control.GetLabel(1008))</visible>
                </control>
                <control type="button" id="1009">
                    <width>225</width>
                    <height>72</height>
                    <label></label>
                    <align>center</align>
                    <aligny>center</aligny>
                    <font>font12</font>
                    <textcolor>FFFFFFFF</textcolor>
                    <shadowcolor>ff000000</shadowcolor>
                    <texturefocus>pstvlButtonFocus.png</texturefocus>
                    <texturenofocus>pstvlButtonNoFocus.png</texturenofocus>
                    <onup>1008</onup>
                    <ondown>1010</ondown>
                    <visible>!IsEmpty(Control.GetLabel(1009))</visible>
                </control>
                <control type="button" id="1010">
                    <width>225</width>
                    <height>72</height>
                    <label></label>
                    <align>center</align>
                    <aligny>center</aligny>
                    <font>font12</font>
                    <textcolor>FFFFFFFF</textcolor>
                    <shadowcolor>ff000000</shadowcolor>
                    <texturefocus>pstvlButtonFocus.png</texturefocus>
                    <texturenofocus>pstvlButtonNoFocus.png</texturenofocus>
                    <onup>1009</onup>
                    <ondown>1011</ondown>
                    <visible>!IsEmpty(Control.GetLabel(1010))</visible>
                </control>
                <control type="button" id="1011">
                    <width>225</width>
                    <height>72</height>
                    <label></label>
                    <align>center</align>
                    <aligny>center</aligny>
                    <font>font12</font>
                    <textcolor>FFFFFFFF</textcolor>
                    <shadowcolor>ff000000</shadowcolor>
                    <texturefocus>pstvlButtonFocus.png</texturefocus>
                    <texturenofocus>pstvlButtonNoFocus.png</texturenofocus>
                    <onup>1010</onup>
                    <ondown>1000</ondown>
                    <visible>!IsEmpty(Control.GetLabel(1010))</visible>
                </control>
            </control>
        </control>
    </controls>     
</window>
