<?xml version="1.0" encoding="utf-8"?>
<window>
    <allowoverlay>no</allowoverlay>   
    <!-- <onload condition="StringCompare((Window(10000).Property(PTVL.VideoWindow)),true)">ActivateWindow(9506)</onload> -->
    <onload condition="StringCompare((Window(10000).Property(PTVL.VideoWindow)),true)">ActivateWindow(10006)</onload><!-- Activate random window, workaround for 9506 starting paused -->
    <onunload>ActivateWindow(12005)</onunload>
    <onload>SetProperty(PTVL.OnDemand_Opened,true,10000)</onload>
    <onunload>SetProperty(PTVL.OnDemand_Opened,false,10000)</onunload>
    <zorder>1</zorder>
    <coordinates>
        <system>1</system>
        <posx>0</posx>
        <posy>0</posy>
    </coordinates>
    <controls>
     <control type="image">
            <description>EPG Background</description>
            <posx>0</posx>
            <posy>0</posy>
            <width>1920</width>
            <height>1080</height>
            <texture>SKINDEFAULT.jpg</texture>
        </control>
		 <control type="image">
            <description>EPG Background</description>
            <posx>0</posx>
            <posy>0</posy>
            <width>1920</width>
            <height>1080</height>
            <texture>bg_vignette.png</texture>
        </control>
		 <control type="image">
            <description>EPG Background</description>
            <posx>0</posx>
            <posy>480</posy>
            <width>1920</width>
            <height>555</height>
            <texture>tile.png</texture>
        </control>
		 <control type="image">
            <description>EPG Background</description>
            <posx>0</posx>
            <posy>95</posy>
            <width>1920</width>
            <height>390</height>
            <texture>tile.png</texture>
        </control>
		<control type="videowindow">
                <description>VideoWindow Box Art</description>
    			<left>1360</left>
    			<top>130</top>
      			<width>540</width>
      			<height>320</height>
                <align>center</align>
                <aligny>center</aligny>
                <aspectratio>keep</aspectratio>
                <visible>StringCompare((Window(10000).Property(PTVL.VideoWindow)),true)</visible>
        </control>	
		 <control type="button" id="6000">
            <description>Filter Button</description>     
            <posx>0</posx>
            <posy>258</posy>   
            <width>410</width>
            <height>38</height>
            <texturenofocus>NA.png</texturenofocus>
            <texturefocus>pstvlButtonFocusAlt.png</texturefocus>
        </control> 
        <control type="button" id="6001">
                <description>EPG Label</description>
				<posx>10</posx>
                <posy>5</posy>
                <width>210</width>
                <height>68</height>
                <label>TV Guide</label>
                <font>font30</font>
                <align>center</align>
                <aligny>center</aligny>
				<texturenofocus>NA.png</texturenofocus>
                <texturefocus>EPGbuttonFocus.png</texturefocus>
                <textcolor>FFFFFFFF</textcolor>
                <shadowcolor>ff000000</shadowcolor>
        </control>               
        <control type="button" id="6002">
                <description>DVR Label</description>
				<posx>450</posx>
                <posy>5</posy>
                <width>310</width>
                <height>68</height>
                <label>Recordings</label>
                <font>font30</font>
                <align>center</align>
                <aligny>center</aligny>
				<texturenofocus>NA.png</texturenofocus>
                <texturefocus>EPGbuttonFocus.png</texturefocus>
                <textcolor>FFFFFFFF</textcolor>
                <shadowcolor>ff000000</shadowcolor>
        </control>               
        <control type="button" id="6003">
                <description>OnDemand Label</description>
				<posx>1000</posx>
                <posy>5</posy>
                <width>305</width>
                <height>68</height>
                <label>OnDemand</label>
                <font>font30</font>
                <align>center</align>
                <aligny>center</aligny>
				<texturenofocus>NA.png</texturenofocus>
                <texturefocus>EPGbuttonFocus.png</texturefocus>
                <textcolor>FFFFFFFF</textcolor>
                <shadowcolor>ff000000</shadowcolor>
        </control>               
        <control type="button" id="6004">
                <description>Apps Label</description>
				<posx>1570</posx>
                <posy>5</posy>
                <width>305</width>
                <height>68</height>
                <label>Applications</label>
                <font>font30</font>
                <align>center</align>
                <aligny>center</aligny>
				<texturenofocus>NA.png</texturenofocus>
                <texturefocus>EPGbuttonFocus.png</texturefocus>
                <textcolor>FFFFFFFF</textcolor>
                <shadowcolor>ff000000</shadowcolor>
        </control>   
		<control type="image">
    			<left>14</left>
    			<top>130</top>
      			<width>256</width>
      			<height>320</height>
      			<aspectratio align="center" aligny="center" scalediffuse="false">scale</aspectratio>
				<texture background="" fallback=""diffuse="poster_diffuse.png">$INFO[Window(10000).Property(EPG.poster)]</texture>
			</control>
			<control type="image">
			<visible>StringCompare((Window(10000).Property(EPG.poster)),true)</visible>
			<animation effect="fade" start="95" end="95" condition="True">Conditional</animation>
    			<left>14</left>
    			<top>130</top>
      			<width>256</width>
      			<height>320</height>
      			<aspectratio align="center" aligny="center" scalediffuse="false">scale</aspectratio>
				<texture background="true" fallback="poster.png"diffuse="poster_diffuse.png">http://localhost:52307/getpvrthumb&amp;title=$INFO[Window(10000).Property(EPG.Title)]&amp;type=poster,thumb</texture>
			</control>
			<control type="image" id="1">
				<left>0</left>
				<top>112</top>
				<width>285</width>
				<height>353</height>
				<texture>poster_overlay_noglass.png</texture>
				<aspectratio align="center" aligny="center">stretch</aspectratio>
			</control>
			<control type="image" id="1">
				<left>1348</left>
				<top>117</top>
				<width>562</width>
				<height>345</height>
				<texture background="">video_overlay_noglass.png</texture>
				<aspectratio align="center" aligny="center">stretch</aspectratio>
			</control>
			<control type="image">
    			<left>1360</left>
    			<top>120</top>
      			<width>560</width>
      			<height>340</height>
				<aspectratio aligny="center" align="center">stretch</aspectratio>
				<texture>$INFO[Window(10000).Property(EPG.isNew)]</texture>
				<bordersize>6</bordersize>
			</control>
			 <control type="grouplist">
            <posx>250</posx>
            <posy>140</posy>
            <width>1600</width>
            <orientation>vertical</orientation>
            <itemgap>20</itemgap>
            <control type="label">
                <description>Show Title Label</description>
                <width min="5" max="1100">auto</width>
                <height>30</height>
                <font>font30</font>
                <textcolor>ffffffff</textcolor>
				<shadowcolor>D9FFFFFF</shadowcolor>
                <scroll>true</scroll>
                <align>center</align>
                <aligny>center</aligny>
                <wrapmultiline>false</wrapmultiline>
                <scrollspeed>40</scrollspeed>
                <scrollsuffix> - </scrollsuffix>
                <label>$INFO[Window(10000).Property(EPG.Title)]</label>
            </control>
			 <control type="label">
                <description>Show Title Label</description>
                <width min="5" max="1100">auto</width>
                <height>30</height>
                <font>font13</font>
                <textcolor>ffffffff</textcolor>
				<shadowcolor>D9FFFFFF</shadowcolor>
                <scroll>true</scroll>
                <align>center</align>
                <aligny>center</aligny>
                <wrapmultiline>false</wrapmultiline>
                <scrollspeed>40</scrollspeed>
                <scrollsuffix> - </scrollsuffix>
                <label>$INFO[Window(10000).Property(EPG.SEtitle)]</label>
            </control>
        </control>
		 <control type="grouplist">
            <posx>330</posx>
            <posy>310</posy>
            <width>1010</width>
            <orientation>vertical</orientation>
            <itemgap>4</itemgap>
           <control type="image">
                <description>Seekbar Line</description>
                <posx>0</posx>
                <posy>0</posy> 
                <width>1400</width>
                <height>2</height>
                <texture border="0">seek/progress_mid.png</texture>
                <align>center</align>
                <aligny>center</aligny>
                <visible>false</visible>
            </control>
            <control type="group" id="5008">  
                <control type="progress">
                    <posx>0</posx>
                    <posy>0</posy>
                    <width>1400</width>
                    <height>2</height>
                    <texturebg>seek/progress_back.png</texturebg>
                    <lefttexture border="0">seek/progresscache_left.png</lefttexture>
                    <midtexture border="0">seek/progresscache_mid.png</midtexture>
                    <righttexture border="0">seek/progresscache_right.png</righttexture>
                    <align>center</align>
                    <aligny>center</aligny>
                    <info>Player.ProgressCache</info>
					<visible>false</visible>
                </control>
                <control type="progress">
                    <posx>0</posx>
                    <posy>0</posy>
                    <width>1400</width>
                    <height>2</height>
                    <texturebg>seek/progresscache_back.png</texturebg>
                    <lefttexture border="0">seek/progress_left.png</lefttexture>
                    <midtexture border="0">seek/progress_mid.png</midtexture>
                    <righttexture border="0">seek/progress_right.png</righttexture>
                    <align>center</align>
                    <aligny>center</aligny>
                    <info>Player.Progress</info>
					<visible>false</visible>
                </control> 
            </control>    
		<control type="textbox">
            <width>1010</width>
            <height>130</height>
			<align>left</align>
			<aligny>top</aligny>
			<font>font12</font>
			<textcolor>FFFFFFFF</textcolor>
			<shadowcolor>D9FFFFFF</shadowcolor>
			<label>$INFO[Window(10000).Property(EPG.Description)]</label>
			<autoscroll time="4000" delay="7000" repeat="8000">True</autoscroll>
		</control>
        </control>
    </controls>
</window>