<window>
    <allowoverlay>no</allowoverlay>   
    <!-- <onload condition="StringCompare((Window(10000).Property(PTVL.VideoWindow)),true)">ActivateWindow(9506)</onload> -->
    <onload condition="StringCompare((Window(10000).Property(PTVL.VideoWindow)),true)">ActivateWindow(10006)</onload><!-- Activate random window, workaround for 9506 starting paused -->
    <onload>SetProperty(PTVL.EPG_Opened,true,10000)</onload>
	<onload>SetProperty(PTVL.EPG_Opened,true,10000)</onload>
    <onunload>SetProperty(PTVL.EPG_Opened,false,10000)</onunload>    
    <onunload>ActivateWindow(12005)</onunload>
    <!-- <onload condition="System.HasAddon(script.tv.show.next.aired)">RunScript(script.tv.show.next.aired,backend=True)</onload> -->
    <zorder>1</zorder>
    <coordinates>
        <system>1</system>
        <posx>0</posx>
        <posy>0</posy>
    </coordinates>
    <controls>
        <control type="image">
            <description>EPG Background</description>
            <posx>0</posx>
            <posy>0</posy>
            <width>1920</width>
            <height>1080</height>
            <texture>SKINDEFAULT.jpg</texture>
        </control>
		 <control type="image">
            <description>EPG Background</description>
            <posx>0</posx>
            <posy>0</posy>
            <width>1920</width>
            <height>1080</height>
            <texture>bg_vignette.png</texture>
        </control>
		 <control type="image">
            <description>EPG Background</description>
            <posx>0</posx>
            <posy>480</posy>
            <width>1920</width>
            <height>555</height>
            <texture>tile.png</texture>
        </control>
		 <control type="image">
            <description>EPG Background</description>
            <posx>0</posx>
            <posy>95</posy>
            <width>1920</width>
            <height>390</height>
            <texture>tile.png</texture>
        </control>
        <control type="grouplist" id="505">
		<visible>false</visible>
            <posx>5</posx>
            <posy>958</posy>
            <align>left</align>
            <orientation>horizontal</orientation>
            <itemgap>1</itemgap>  
        </control>
		 <control type="image" id="5009">
			 <visible></visible>
            <description>Optional Channel Focus Highlight</description>         
            <posx>90</posx>  
            <width>255</width>
            <height>75</height>
            <texture>pstvlHighlight.png</texture>
        </control> 
		 <control type="image" id="5010">
		 <visible></visible>
            <description>Optional Channel Playing Highlight</description>         
            <posx>90</posx>  
            <width>255</width>
            <height>75</height>
            <texture>pstvlHighlightAlt2.png</texture>
			<colordiffuse></colordiffuse>
        </control>
		<control type="videowindow">
                <description>VideoWindow Box Art</description>
    			<left>1360</left>
    			<top>130</top>
      			<width>540</width>
      			<height>320</height>
                <align>center</align>
                <aligny>center</aligny>
                <aspectratio>keep</aspectratio>
                <visible>StringCompare((Window(10000).Property(PTVL.VideoWindow)),true)</visible>
        </control>	
        <!--Date-->
        <control type="label" id="5001">
            <description>Date Label</description>
            <posx>-50</posx>
            <posy>480</posy>
            <width min="162" max="400">auto</width>
            <height>38</height>
            <align>center</align>
            <aligny>center</aligny>
            <label>Current Date</label>
            <font>font12</font>
            <textcolor>FFFFFFFF</textcolor>
            <shadowcolor>D9FFFFFF</shadowcolor>
        </control>
			 <control type="button" id="6000">
            <description>Filter Button</description>     
            <posx>0</posx>
            <posy>258</posy>   
            <width>410</width>
            <height>38</height>
            <texturenofocus>NA.png</texturenofocus>
            <texturefocus>pstvlButtonFocusAlt.png</texturefocus>
        </control> 
        <control type="button" id="6001">
                <description>EPG Label</description>
				<posx>10</posx>
                <posy>5</posy>
                <width>210</width>
                <height>68</height>
                <label>TV Guide</label>
                <font>font30</font>
                <align>center</align>
                <aligny>center</aligny>
				<texturenofocus>NA.png</texturenofocus>
                <texturefocus>EPGbuttonFocus.png</texturefocus>
                <textcolor>FFFFFFFF</textcolor>
                <shadowcolor>ff000000</shadowcolor>
        </control>               
        <control type="button" id="6002">
                <description>DVR Label</description>
				<posx>450</posx>
                <posy>5</posy>
                <width>310</width>
                <height>68</height>
                <label>Recordings</label>
                <font>font30</font>
                <align>center</align>
                <aligny>center</aligny>
				<texturenofocus>NA.png</texturenofocus>
                <texturefocus>EPGbuttonFocus.png</texturefocus>
                <textcolor>FFFFFFFF</textcolor>
                <shadowcolor>ff000000</shadowcolor>
        </control>               
        <control type="button" id="6003">
                <description>OnDemand Label</description>
				<posx>1000</posx>
                <posy>5</posy>
                <width>305</width>
                <height>68</height>
                <label>OnDemand</label>
                <font>font30</font>
                <align>center</align>
                <aligny>center</aligny>
				<texturenofocus>NA.png</texturenofocus>
                <texturefocus>EPGbuttonFocus.png</texturefocus>
                <textcolor>FFFFFFFF</textcolor>
                <shadowcolor>ff000000</shadowcolor>
        </control>               
        <control type="button" id="6004">
                <description>Apps Label</description>
				<posx>1570</posx>
                <posy>5</posy>
                <width>305</width>
                <height>68</height>
                <label>Applications</label>
                <font>font30</font>
                <align>center</align>
                <aligny>center</aligny>
				<texturenofocus>NA.png</texturenofocus>
                <texturefocus>EPGbuttonFocus.png</texturefocus>
                <textcolor>FFFFFFFF</textcolor>
                <shadowcolor>ff000000</shadowcolor>
        </control>   
        <control type="image" id="5002">
            <description>Left Arrow</description>
            <posx>370</posx>
            <posy>470</posy>
            <width>10</width>
            <height>38</height>
            <aspectratio align="center">keep</aspectratio>
            <colordiffuse>C0C0C0C0</colordiffuse>
            <texture>left.png</texture>
			<visible>false</visible>
        </control> 
        <!--Time Bar 1/3-->
        <control type="label" id="101">
            <description>Time Left Label</description>
            <posx>420</posx>
            <posy>480</posy>
            <width min="155" max="400">auto</width>
            <height>38</height>
            <label>Time 1</label>
            <font>font12</font>
            <align>left</align>
            <aligny>center</aligny>
            <textcolor>FFFFFFFF</textcolor>
            <shadowcolor>D9FFFFFF</shadowcolor>
        </control>
        <!--Time Bar 2/3-->
        <control type="label" id="102">
            <description>Time Middle Label</description>
            <posx>1015</posx>
            <posy>480</posy>
            <width min="150" max="400">auto</width>
            <height>38</height>
            <label>Time 2</label>
            <font>font12</font>
            <align>left</align>
            <aligny>center</aligny>
            <textcolor>FFFFFFFF</textcolor>
            <shadowcolor>D9FFFFFF</shadowcolor>
        </control>
        <!--Time Bar 3/3-->
        <control type="label" id="103">
            <description>Time Right Label</description>
            <posx>1680</posx>
            <posy>480</posy>
            <width min="150" max="400">auto</width>
            <height>38</height>
            <label>Time 3</label>
            <font>font12</font>
            <align>left</align>
            <aligny>center</aligny>
            <textcolor>FFFFFFFF</textcolor>
            <shadowcolor>D9FFFFFF</shadowcolor>
        </control>
        <control type="image" id="5003">
            <description>Right Arrow</description>
            <posx>1850</posx>
            <posy>470</posy>
            <width>10</width>
            <height>38</height>
            <aspectratio align="center">keep</aspectratio>
            <colordiffuse>C0C0C0C0</colordiffuse>
            <texture>right.png</texture>
			<visible>false</visible>
        </control>
     <!--Dark Column-->  
		  <control type="image">                  
            <description>Channel Overlay</description>
            <posx>5</posx>                      
            <posy>520</posy>                     
            <width>80</width>                  
            <height>75</height>                 
            <texture>2222.png</texture>
        </control>
		 <control type="image">                  
            <description>Channel Overlay</description>
            <posx>90</posx>                      
            <posy>520</posy>                     
            <width>255</width>                  
            <height>75</height>                 
            <texture>2222.png</texture>
        </control>
        <control type="image">                  
            <description>Channel Overlay</description>
            <posx>5</posx>                      
            <posy>600</posy>                    
            <width>80</width>                  
            <height>75</height>                 
            <colordiffuse>FFFFFFFF</colordiffuse>
            <texture>2222.png</texture>
        </control>
		 <control type="image">                  
            <description>Channel Overlay</description>
            <posx>90</posx>                      
            <posy>600</posy>                     
            <width>255</width>                  
            <height>75</height>                 
            <texture>2222.png</texture>
        </control>
        <control type="image">                  
            <description>Channel Overlay</description>
            <posx>5</posx>                      
            <posy>680</posy>                    
            <width>80</width>                  
            <height>75</height>                 
            <colordiffuse>FFFFFFFF</colordiffuse>
            <texture>2222.png</texture>
        </control>
		 <control type="image">                  
            <description>Channel Overlay</description>
            <posx>90</posx>                      
            <posy>680</posy>                     
            <width>255</width>                  
            <height>75</height>                 
            <texture>2222.png</texture>
        </control>
        <control type="image">                  
            <description>Channel Overlay</description>
            <posx>5</posx>                      
            <posy>760</posy>                    
            <width>80</width>                  
            <height>75</height>                 
            <colordiffuse>FFFFFFFF</colordiffuse>
            <texture>2222.png</texture>
        </control>
		 <control type="image">                  
            <description>Channel Overlay</description>
            <posx>90</posx>                      
            <posy>760</posy>                     
            <width>255</width>                  
            <height>75</height>                 
            <texture>2222.png</texture>
        </control>
        <control type="image">                  
            <description>Channel Overlay</description>
            <posx>5</posx>                      
            <posy>840</posy>                    
            <width>80</width>                  
            <height>75</height>                 
            <colordiffuse>FFFFFFFF</colordiffuse>
            <texture>2222.png</texture>
        </control>
		 <control type="image">                  
            <description>Channel Overlay</description>
            <posx>90</posx>                      
            <posy>840</posy>                     
            <width>255</width>                  
            <height>75</height>                 
            <texture>2222.png</texture>
        </control>
        <control type="image">                  
            <description>Channel Overlay</description>
            <posx>5</posx>                      
            <posy>920</posy>                    
            <width>80</width>                  
            <height>75</height>                 
            <colordiffuse>FFFFFFFF</colordiffuse>
            <texture>2222.png</texture>
        </control>
		 <control type="image">                  
            <description>Channel Overlay</description>
            <posx>90</posx>                      
            <posy>920</posy>                     
            <width>255</width>                  
            <height>75</height>                 
            <texture>2222.png</texture>
        </control>
        <!--CHANNEL Number-->
        <control type="grouplist">            
            <posx>-15</posx>
            <posy>520</posy>
            <itemgap>12</itemgap>
            <orientation>vertical</orientation>
            <control type="label" id="311">
                <description>Channel 1 Number</description>
                <width>75</width>
                <height>70</height>
                <label></label>
                <font>font12_Title</font>
                <align>right</align>
                <aligny>center</aligny>
                <textcolor>FFFFFFFF</textcolor>
            </control>
            <control type="label" id="312">
                <description>Channel 2 Number</description>
                <width>75</width>
                <height>70</height>
                <label></label>
                <font>font12_Title</font>
                <align>right</align>
                <aligny>center</aligny>
                <textcolor>FFFFFFFF</textcolor>
            </control>
            <control type="label" id="313">
                <description>Channel 3 Number</description>
                <width>75</width>
                <height>70</height>
                <label></label>
                <font>font12_Title</font>
                <align>right</align>
                <aligny>center</aligny>
                <textcolor>FFFFFFFF</textcolor>
            </control>
            <control type="label" id="314">
                <description>Channel 4 Number</description>
                <width>75</width>
                <height>70</height>
                <label></label>
                <font>font12_Title</font>
                <align>right</align>
                <aligny>center</aligny>
                <textcolor>FFFFFFFF</textcolor>
            </control>
            <control type="label" id="315">
                <description>Channel 5 Number</description>
                <width>75</width>
                <height>70</height>
                <label></label>
                <font>font12_Title</font>
                <align>right</align>
                <aligny>center</aligny>
                <textcolor>FFFFFFFF</textcolor>
            </control>      
            <control type="label" id="316">
                <description>Channel 6 Number</description>
                <width>75</width>
                <height>70</height>
                <label></label>
                <font>font12_Title</font>
                <align>right</align>
                <aligny>center</aligny>
                <textcolor>FFFFFFFF</textcolor>
            </control>
        </control>
        <!--Channel List-->
        <control type="grouplist">            
            <posx>75</posx>
            <posy>530</posy>
            <itemgap>26</itemgap>
            <orientation>vertical</orientation>
            <!--CHANNEL Name/Icon-->
            <control type="label" id="301">
                <description>Channel 1 Name</description>
                <width>240</width>
                <height>55</height>
                <label></label>
                <font>font12_Title</font>
             <align>left</align>
                <aligny>center</aligny>
                <textcolor>FF0297eb</textcolor>
                <visible>StringCompare(Control.GetLabel(321),)</visible>
                <scroll>true</scroll>
                <scrollspeed>20</scrollspeed>
            </control>
            <control type="image" id="321">
                <description>Channel 1 Icon</description>              
                <width>270</width>
                <height>55</height>
                <align>center</align>
                <aligny>bottom</aligny>
                <aspectratio>keep</aspectratio>      
                <visible>!StringCompare(Control.GetLabel(321),)</visible>
            </control>
            <control type="label" id="302">
                <description>Channel 2 Name</description>
                <width>240</width>
                <height>55</height>
                <label></label>
                <font>font12_Title</font>
                <align>left</align>
                <aligny>center</aligny>
                <textcolor>FF0297eb</textcolor>
                <visible>StringCompare(Control.GetLabel(322),)</visible>
                <scroll>true</scroll>
                <scrollspeed>20</scrollspeed>
            </control>
            <control type="image" id="322">
                <description>Channel 2 Icon</description>
                <width>270</width>
                <height>55</height>
                <align>center</align>
                <aligny>bottom</aligny>
                <aspectratio>keep</aspectratio>
                <visible>!StringCompare(Control.GetLabel(322),)</visible>
            </control>
            <control type="label" id="303">
                <description>Channel 3 Name</description>
                <width>240</width>
                <height>55</height>
                <label></label>
                <font>font12_Title</font>
                <align>left</align>
                <aligny>center</aligny>
                <textcolor>FF0297eb</textcolor>
                <visible>StringCompare(Control.GetLabel(323),)</visible>
                <scroll>true</scroll>
                <scrollspeed>20</scrollspeed>
            </control>
            <control type="image" id="323">
                <description>Channel 3 Icon</description>
                <width>270</width>
                <height>55</height>
                <align>center</align>
                <aligny>bottom</aligny>
                <aspectratio>keep</aspectratio>
                <visible>!StringCompare(Control.GetLabel(323),)</visible>
            </control>
            <control type="label" id="304">
                <description>Channel 4 Name</description>
                <width>240</width>
                <height>55</height>
                <label></label>
                <font>font12_Title</font>
                <align>left</align>
                <aligny>center</aligny>
                <textcolor>FF0297eb</textcolor>
                <visible>StringCompare(Control.GetLabel(324),)</visible>
                <scroll>true</scroll>
                <scrollspeed>40</scrollspeed>
            </control>
            <control type="image" id="324">
                <description>Channel 4 Icon</description>
                <width>270</width>
                <height>55</height>
                <align>center</align>
                <aligny>bottom</aligny>
                <aspectratio>keep</aspectratio>
                <visible>!StringCompare(Control.GetLabel(324),)</visible>
            </control>
            <control type="label" id="305">
                <description>Channel 5 Name</description>
                <width>240</width>
                <height>55</height>
                <label></label>
                <font>font12_Title</font>
                <align>left</align>
                <aligny>center</aligny>
                <textcolor>FF0297eb</textcolor>
                <visible>StringCompare(Control.GetLabel(325),)</visible>
                <scroll>true</scroll>
                <scrollspeed>20</scrollspeed>
            </control>
            <control type="image" id="325">
                <description>Channel 5 Icon</description>
                <width>270</width>
                <height>55</height>
                <align>center</align>
                <aligny>bottom</aligny>
                <aspectratio>keep</aspectratio> 
                <visible>!StringCompare(Control.GetLabel(325),)</visible>
            </control>  
            <control type="label" id="306">
                <description>Channel 6 Name</description>
                <width>240</width>
                <height>55</height>
                <label></label>
                <font>font12_Title</font>
                <align>left</align>
                <aligny>center</aligny>
                <textcolor>FF0297eb</textcolor>
                <visible>StringCompare(Control.GetLabel(326),)</visible>
                <scroll>true</scroll>
                <scrollspeed>20</scrollspeed>
            </control>
            <control type="image" id="326">
                <description>Channel 6 Icon</description>
                <width>270</width>
                <height>55</height>
                <align>center</align>
                <aligny>bottom</aligny>
                <aspectratio>keep</aspectratio>  
                <visible>!StringCompare(Control.GetLabel(326),)</visible>
            </control>   
        </control> 
        <!--SHOW LISTINGS-->
        <control type="group" id="111">
            <posx>350</posx>
            <posy>520</posy>
            <width>1566</width>
            <height>75</height>
        </control>
        <control type="group" id="112">
            <posx>350</posx>
            <posy>600</posy>
            <width>1566</width>
            <height>75</height>
        </control>
        <control type="group" id="113">
            <posx>350</posx>
            <posy>680</posy>
            <width>1566</width>
            <height>75</height>
        </control>
        <control type="group" id="114">
            <posx>350</posx>
            <posy>760</posy>
            <width>1566</width>
            <height>75</height>
        </control>
        <control type="group" id="115">
            <posx>350</posx>
            <posy>840</posy>
            <width>1566</width>
            <height>75</height>
        </control>
        <control type="group" id="116">
            <posx>350</posx>
            <posy>920</posy>
            <width>1566</width>
            <height>75</height>
        </control>    
		 <!-- todo -->
         
        <control type="image" id="5004"> 
				<description>Timebar Optional past fade</description>
				<posx>350</posx>
				<posy>523</posy>
				<width>-1</width>
				<height>465</height>
				<aspectratio>scale</aspectratio>
				<texture>pstvlTimeFadeP.png</texture>
				<visible>true</visible>
        </control>  
        <control type="image" id="5005"> 
				<description>Timebar Optional future fade</description>
				<posx>380</posx>
				<posy>340</posy>
				<width>-1</width>
				<height>448</height>
				<aspectratio>scale</aspectratio>
				<texture>pstvlTimeFadeF.png</texture>
				<visible>false</visible>
			</control>  
			<control type="label" id="5006">
				<description>Timebar Current Time Button</description>
				<posx>420</posx>
				<posy>480</posy>
				<width min="128" max="400">auto</width>
				<height>38</height>
				<fadetime>250</fadetime>
				<textcolor>FFFFFFFF</textcolor>
				<shadowcolor>D9FFFFFF</shadowcolor>
				<font>font12</font>
				<align>center</align>
				<aligny>center</aligny>
			</control>
			<control type="image" id="5007">
				<description>Timebar line</description>
				<posx>320</posx>
				<posy>522</posy>
				<width>22</width>
				<height>474</height>
				<aspectratio>keep</aspectratio>
			</control>
			
			<control type="image">
			<animation effect="fade" time="500">VisibleChange</animation>
    			<left>14</left>
    			<top>130</top>
      			<width>256</width>
      			<height>320</height>
      			<aspectratio align="center" aligny="center" scalediffuse="false">scale</aspectratio>
				<texture background="true" fallback="poster.png"diffuse="poster_diffuse.png">$INFO[Window(10000).Property(EPG.poster)]</texture>
				<animation effect="fade" start="95" end="95" condition="True">Conditional</animation>
			</control>
			<control type="image" id="1">
				<left>0</left>
				<top>112</top>
				<width>285</width>
				<height>353</height>
				<texture>poster_overlay_noglass.png</texture>
				<aspectratio align="center" aligny="center">stretch</aspectratio>
			</control>
			<control type="image">
    			<left>0</left>
    			<top>123</top>
      			<width>277</width>
      			<height>353</height>
				<aspectratio aligny="center" align="center">stretch</aspectratio>
				<texture>$INFO[Window(10000).Property(EPG.isNew)]</texture>
				<bordersize>6</bordersize>
			</control>
        <control type="grouplist">
            <posx>250</posx>
            <posy>140</posy>
            <width>1600</width>
            <orientation>vertical</orientation>
            <itemgap>20</itemgap>
            <control type="label">
                <description>Show Title Label</description>
                <width min="5" max="1100">auto</width>
                <height>30</height>
                <font>font30</font>
                <textcolor>ffffffff</textcolor>
				<shadowcolor>D9FFFFFF</shadowcolor>
                <scroll>true</scroll>
                <align>center</align>
                <aligny>center</aligny>
                <wrapmultiline>false</wrapmultiline>
                <scrollspeed>40</scrollspeed>
                <scrollsuffix> - </scrollsuffix>
                <label>$INFO[Window(10000).Property(EPG.Title)]</label>
            </control>
			 <control type="label">
                <description>Show Title Label</description>
                <width min="5" max="1100">auto</width>
                <height>30</height>
                <font>font13</font>
                <textcolor>ffffffff</textcolor>
				<shadowcolor>D9FFFFFF</shadowcolor>
                <scroll>true</scroll>
                <align>center</align>
                <aligny>center</aligny>
                <wrapmultiline>false</wrapmultiline>
                <scrollspeed>40</scrollspeed>
                <scrollsuffix> - </scrollsuffix>
                <label>$INFO[Window(10000).Property(EPG.SEtitle)]</label>
            </control>
        </control>
		
        <control type="grouplist">
            <posx>330</posx>
            <posy>310</posy>
            <width>1010</width>
            <orientation>vertical</orientation>
            <itemgap>4</itemgap>
           <control type="image">
                <description>Seekbar Line</description>
                <posx>0</posx>
                <posy>0</posy> 
                <width>1400</width>
                <height>2</height>
                <texture border="0">seek/progress_mid.png</texture>
                <align>center</align>
                <aligny>center</aligny>
                <visible>false</visible>
            </control>
            <control type="group" id="5008">  
                <control type="progress">
                    <posx>0</posx>
                    <posy>0</posy>
                    <width>1400</width>
                    <height>2</height>
                    <texturebg>seek/progress_back.png</texturebg>
                    <lefttexture border="0">seek/progresscache_left.png</lefttexture>
                    <midtexture border="0">seek/progresscache_mid.png</midtexture>
                    <righttexture border="0">seek/progresscache_right.png</righttexture>
                    <align>center</align>
                    <aligny>center</aligny>
                    <info>Player.ProgressCache</info>
					<visible>false</visible>
                </control>
                <control type="progress">
                    <posx>0</posx>
                    <posy>0</posy>
                    <width>1400</width>
                    <height>2</height>
                    <texturebg>seek/progresscache_back.png</texturebg>
                    <lefttexture border="0">seek/progress_left.png</lefttexture>
                    <midtexture border="0">seek/progress_mid.png</midtexture>
                    <righttexture border="0">seek/progress_right.png</righttexture>
                    <align>center</align>
                    <aligny>center</aligny>
                    <info>Player.Progress</info>
					<visible>false</visible>
                </control> 
            </control>    
		<control type="textbox">
            <width>1010</width>
            <height>130</height>
			<align>left</align>
			<aligny>top</aligny>
			<font>font12</font>
			<textcolor>FFFFFFFF</textcolor>
			<shadowcolor>D9FFFFFF</shadowcolor>
			<label>$INFO[Window(10000).Property(EPG.Description)]</label>
			<autoscroll time="4000" delay="7000" repeat="8000">True</autoscroll>
		</control>
        </control>
		 
    </controls>
</window>
