<window>
    <allowoverlay>yes</allowoverlay>
    <onload>SetProperty(PTVL.EPG_Opened,true,10000)</onload>
    <onunload>SetProperty(PTVL.EPG_Opened,false,10000)</onunload> 
    <onload>SetProperty(PTVL.EPG_Opened,true,10000)</onload>
    <onload condition="Control.IsVisible(9000)">ActivateWindow(10006)</onload><!-- Activate random window, workaround for videowindow starting paused -->
    <onload condition="System.HasAddon(script.tv.show.next.aired)">RunScript(script.tv.show.next.aired,backend=True)</onload>
    <onload condition="!Control.IsVisible(9000) + System.HasAddon(script.extendedinfo)">RunScript(script.extendedinfo,info=trendingshows)</onload>
    <onunload>ActivateWindow(12005)</onunload>
    <zorder>1</zorder>
    <coordinates>
        <system>1</system>
        <posx>0</posx>
        <posy>0</posy>
    </coordinates>
    <animation effect="fade" time="5">WindowOpen</animation>
    <!-- <animation effect="fade" time="5">WindowClose</animation> -->
    <controls>
        <control type="group">  
            <control type="image">
            <description>EPG Background</description>
            <posx>-20</posx>
            <posy>-20</posy>
            <width>1985</width>
            <height>1200</height>
            <texture>220.png</texture>
            <colordiffuse>FFFFFFFF</colordiffuse>
        </control>      
        </control>
		<!--Vertical-Horizontal Bars -->
		 <control type="image" id="1">
		  <description>Top HOR Bar</description>
			<posx>355</posx>
			<posy>10</posy>
			<width>1570</width>
			<height>100</height>
			<texture>200.png</texture>
	 	</control>
		 <control type="image" id="1">
		  <description>SIDE Top Bar</description>
			<posx>10</posx>
			<posy>10</posy>
			<width>340</width>
			<height>100</height>
			<texture>200.png</texture>
	 	</control>
		 <control type="image" id="1">
		  <description>BOTTOM SIDE Bar</description>
			<posx>10</posx>
			<posy>970</posy>
			<width>340</width>
			<height>100</height>
			<texture>200.png</texture>
	 	</control>
		 <control type="image" id="1">
		  <description>side Bar</description>
			<posx>10</posx>
			<posy>120</posy>
			<width>340</width>
			<height>200</height>
			<texture>300.png</texture>
	 	</control>
		 <control type="image" id="1">
		  <description>side Bar 2</description>
			<posx>10</posx>
			<posy>330</posy>
			<width>340</width>
			<height>630</height>
			<texture>300.png</texture>
	 	</control>
		 <control type="label">
                <description>pltv Label</description> 
				<posx>50</posx>
			<posy>70</posy>
                <width>373</width>
                <height>38</height>
                <label>Pseudo Live TV</label>
                <font>font13_Title</font>
                <align>left</align>
                <aligny>center</aligny>
                <textcolor>ff000000</textcolor>
            </control> 
            <control type="label" id="9000">
				<posx>-1115</posx>
				<posy>-1110</posy>
                <description>VideoWindow Box Label</description>
                <width>360</width>       
                <height>24</height>
                <font>font12</font>
                <textcolor>C0C0C0C0</textcolor>
                <shadowcolor>ff000000</shadowcolor>
                <align>center</align>
                <scroll>true</scroll>
                <scrollspeed>40</scrollspeed>
                <label>$INFO[Window(10000).Property(OVERLAY.Title)]</label>
                <visible>Control.IsVisible(9000)</visible>
                <aligny>center</aligny>
            </control>
            <control type="videowindow">
				<posx>15</posx>
				<posy>110</posy>
                <description>VideoWindow Box Art</description>
                <width>325</width>      
                <height>220</height>
                <align>center</align>
                <aligny>center</aligny>
                <aspectratio>keep</aspectratio>
                <visible>Control.IsVisible(9000)</visible>
            </control>
          <control type="fadelabel" id="505">
                <description>PTVL RSS Feed Label</description>  
                <width>370</width>
                <height>35</height>
                <font>font10</font>
                <aligny>center</aligny>
                <align>left</align>
                <scroll>true</scroll>
                <scrollout>true</scrollout>
                <pauseatend>900000</pauseatend>
                <angle>90</angle>
                <scrollspeed>40</scrollspeed>
                <textcolor>C0C0C0C0</textcolor>
                <shadowcolor>ff000000</shadowcolor>
                <textoffsetx>20</textoffsetx>
                <resetonlabelchange>true</resetonlabelchange>
                <label>$INFO[Window(10000).Property(twitter.1.label)]</label>
                <label>$INFO[Window(10000).Property(twitter.2.label)]</label>
                <label>$INFO[Window(10000).Property(twitter.3.label)]</label>
                <label>$INFO[Window(10000).Property(twitter.4.label)]</label>
				<visible>false</visible>
            </control>       
       
        <!--Date-->
        <control type="label" id="5001">
            <description>Date Label</description>
            <posx>320</posx>
            <posy>70</posy>
            <width min="162" max="400">auto</width>
            <height>38</height>
            <align>center</align>
            <aligny>center</aligny>
            <label>Current Date</label>
            <font>font12</font>
            <textcolor>FFFFFFFF</textcolor>
            <shadowcolor>ff000000</shadowcolor>
        </control>
        <control type="image" id="5002">
            <description>Left Arrow</description>
            <posx>410</posx>
            <posy>300</posy>
            <width>10</width>
            <height>38</height>
            <aspectratio align="center">keep</aspectratio>
            <colordiffuse>C0C0C0C0</colordiffuse>
            <texture>left.png</texture>
			<visible>false</visible>
        </control> 
        <!--Time Bar 1/3-->
        <control type="label" id="101">
            <description>Time Left Label</description>
            <posx>750</posx>
            <posy>70</posy>
            <width min="155" max="400">auto</width>
            <height>38</height>
            <label>Time 1</label>
            <font>font12</font>
            <align>left</align>
            <aligny>center</aligny>
            <textcolor>FFFFFFFF</textcolor>
            <shadowcolor>ff000000</shadowcolor>
        </control>
        <!--Time Bar 2/3-->
        <control type="label" id="102">
            <description>Time Middle Label</description>
            <posx>1215</posx>
            <posy>70</posy>
            <width min="150" max="400">auto</width>
            <height>38</height>
            <label>Time 2</label>
            <font>font12</font>
            <align>left</align>
            <aligny>center</aligny>
            <textcolor>FFFFFFFF</textcolor>
            <shadowcolor>ff000000</shadowcolor>
        </control>
        <!--Time Bar 3/3-->
        <control type="label" id="103">
            <description>Time Right Label</description>
            <posx>1800</posx>
            <posy>70</posy>
            <width min="150" max="400">auto</width>
            <height>38</height>
            <label>Time 3</label>
            <font>font12</font>
            <align>left</align>
            <aligny>center</aligny>
            <textcolor>FFFFFFFF</textcolor>
            <shadowcolor>ff000000</shadowcolor>
        </control>
        <control type="image" id="5003">
            <description>Right Arrow</description>
            <posx>1910</posx>
            <posy>300</posy>
            <width>10</width>
            <height>38</height>
            <aspectratio align="center">keep</aspectratio>
            <colordiffuse>C0C0C0C0</colordiffuse>
            <texture>right.png</texture>
			<visible>false</visible>
        </control>
		
      <!--Dark Column-->  
		  <control type="image">                  
            <description>Channel Overlay</description>
            <posx>460</posx>                      
            <posy>120</posy>                     
            <width>235</width>                  
            <height>70</height>                 
            <colordiffuse>FFFFFFFF</colordiffuse>
            <texture>300.png</texture>
        </control> 
		<control type="image" id="1">
		  <description>backround channel</description>
			<posx>355</posx>
			<posy>120</posy>
			<width>97</width>
			<height>70</height>
			<texture>200.png</texture>
	 	</control>
        <control type="image">                  
            <description>Channel Overlay</description>
            <posx>460</posx>                      
            <posy>200</posy>                    
            <width>235</width>                  
            <height>70</height>                 
            <colordiffuse>FFFFFFFF</colordiffuse>
            <texture>300.png</texture>
        </control>
			<control type="image" id="1">
		  <description>Second Line</description>
			<posx>355</posx>
			<posy>200</posy>
			<width>97</width>
			<height>70</height>
			<texture>200.png</texture>
	 	</control>
        <control type="image">                  
            <description>Channel Overlay</description>
            <posx>460</posx>                      
            <posy>280</posy>                    
            <width>235</width>                  
            <height>70</height>                 
            <colordiffuse>FFFFFFFF</colordiffuse>
            <texture>300.png</texture>
        </control> 
		<control type="image" id="1">
		  <description>Second Line</description>
			<posx>355</posx>
			<posy>280</posy>
			<width>97</width>
			<height>70</height>
			<texture>200.png</texture>
	 	</control>
        <control type="image">                  
            <description>Channel Overlay</description>
            <posx>460</posx>                      
            <posy>360</posy>                    
            <width>235</width>                  
            <height>70</height>                 
            <colordiffuse>FFFFFFFF</colordiffuse>
            <texture>300.png</texture>
        </control> 
		<control type="image" id="1">
		  <description>Second Line</description>
			<posx>355</posx>
			<posy>360</posy>
			<width>97</width>
			<height>70</height>
			<texture>200.png</texture>
	 	</control>
        <control type="image">                  
            <description>Channel Overlay</description>
            <posx>460</posx>                      
            <posy>440</posy>                    
            <width>235</width>                  
            <height>70</height>                 
            <colordiffuse>FFFFFFFF</colordiffuse>
            <texture>300.png</texture>
        </control>
			<control type="image" id="1">
		  <description>Second Line</description>
			<posx>355</posx>
			<posy>440</posy>
			<width>97</width>
			<height>70</height>
			<texture>200.png</texture>
	 	</control>
        <control type="image">                  
            <description>Channel Overlay</description>
            <posx>460</posx>                      
            <posy>520</posy>                    
            <width>235</width>                  
            <height>70</height>                 
            <colordiffuse>FFFFFFFF</colordiffuse>
            <texture>300.png</texture>
        </control>
		<control type="image" id="1">
		  <description>Second Line</description>
			<posx>355</posx>
			<posy>520</posy>
			<width>97</width>
			<height>70</height>
			<texture>200.png</texture>
	 	</control>
		 <control type="image" id="5009">     
            <description>Optional Channel Focus Highlight</description>         
            <posx>380</posx>  
            <width>315</width>
            <height>70</height>
            <texture>pstvlButtonFocus.png</texture>
        </control> 
         <control type="image" id="5010">     
            <description>Optional Channel Playing Highlight</description>         
            <posx>360</posx>  
            <width>335</width>
            <height>70</height>
            <texture>pstvlHighlightAlt2.png</texture>
			<colordiffuse></colordiffuse>
        </control>
        <!--CHANNEL Number-->
        <control type="grouplist">            
            <posx>340</posx>
            <posy>120</posy>
            <itemgap>10</itemgap>
            <orientation>vertical</orientation>
            <control type="label" id="311">
                <description>Channel 1 Number</description>
                <width>75</width>
                <height>70</height>
                <label></label>
                <font>font12_Title</font>
                <align>right</align>
                <aligny>center</aligny>
                <textcolor>FFFFFFFF</textcolor>
            </control>
            <control type="label" id="312">
                <description>Channel 2 Number</description>
                <width>75</width>
                <height>70</height>
                <label></label>
                <font>font12_Title</font>
                <align>right</align>
                <aligny>center</aligny>
                <textcolor>FFFFFFFF</textcolor>
            </control>
            <control type="label" id="313">
                <description>Channel 3 Number</description>
                <width>75</width>
                <height>70</height>
                <label></label>
                <font>font12_Title</font>
                <align>right</align>
                <aligny>center</aligny>
                <textcolor>FFFFFFFF</textcolor>
            </control>
            <control type="label" id="314">
                <description>Channel 4 Number</description>
                <width>75</width>
                <height>70</height>
                <label></label>
                <font>font12_Title</font>
                <align>right</align>
                <aligny>center</aligny>
                <textcolor>FFFFFFFF</textcolor>
            </control>
            <control type="label" id="315">
                <description>Channel 5 Number</description>
                <width>75</width>
                <height>70</height>
                <label></label>
                <font>font12_Title</font>
                <align>right</align>
                <aligny>center</aligny>
                <textcolor>FFFFFFFF</textcolor>
            </control>      
            <control type="label" id="316">
                <description>Channel 6 Number</description>
                <width>75</width>
                <height>70</height>
                <label></label>
                <font>font12_Title</font>
                <align>right</align>
                <aligny>center</aligny>
                <textcolor>FFFFFFFF</textcolor>
            </control>
        </control>
        <!--Channel List-->
        <control type="grouplist">            
            <posx>460</posx>
            <posy>127</posy>
            <itemgap>25</itemgap>
            <orientation>vertical</orientation>
            <!--CHANNEL Name/Icon-->
            <control type="label" id="301">
                <description>Channel 1 Name</description>
                <width>230</width>
                <height>55</height>
                <label></label>
                <font>font12_Title</font>
             <align>center</align>
                <aligny>bottom</aligny>
                <textcolor>ff000000</textcolor>
                <visible>StringCompare(Control.GetLabel(321),)</visible>
                <scroll>true</scroll>
                <scrollspeed>20</scrollspeed>
            </control>
            <control type="image" id="321">
                <description>Channel 1 Icon</description>              
                <width>270</width>
                <height>55</height>
                <align>left</align>
                <aligny>bottom</aligny>
                <aspectratio>keep</aspectratio>      
                <visible>!StringCompare(Control.GetLabel(321),)</visible>
            </control>
            <control type="label" id="302">
                <description>Channel 2 Name</description>
                <width>230</width>
                <height>55</height>
                <label></label>
                <font>font12_Title</font>
                <align>center</align>
                <aligny>center</aligny>
                <textcolor>ff000000</textcolor>
                <visible>StringCompare(Control.GetLabel(322),)</visible>
                <scroll>true</scroll>
                <scrollspeed>20</scrollspeed>
            </control>
            <control type="image" id="322">
                <description>Channel 2 Icon</description>
                <width>270</width>
                <height>55</height>
                <align>left</align>
                <aligny>bottom</aligny>
                <aspectratio>keep</aspectratio>
                <visible>!StringCompare(Control.GetLabel(322),)</visible>
            </control>
            <control type="label" id="303">
                <description>Channel 3 Name</description>
                <width>230</width>
                <height>55</height>
                <label></label>
                <font>font12_Title</font>
                <align>center</align>
                <aligny>center</aligny>
                <textcolor>ff000000</textcolor>
                <visible>StringCompare(Control.GetLabel(323),)</visible>
                <scroll>true</scroll>
                <scrollspeed>20</scrollspeed>
            </control>
            <control type="image" id="323">
                <description>Channel 3 Icon</description>
                <width>270</width>
                <height>55</height>
                <align>left</align>
                <aligny>bottom</aligny>
                <aspectratio>keep</aspectratio>
                <visible>!StringCompare(Control.GetLabel(323),)</visible>
            </control>
            <control type="label" id="304">
                <description>Channel 4 Name</description>
                <width>230</width>
                <height>55</height>
                <label></label>
                <font>font12_Title</font>
                <align>center</align>
                <aligny>center</aligny>
                <textcolor>ff000000</textcolor>
                <visible>StringCompare(Control.GetLabel(324),)</visible>
                <scroll>true</scroll>
                <scrollspeed>20</scrollspeed>
            </control>
            <control type="image" id="324">
                <description>Channel 4 Icon</description>
                <width>270</width>
                <height>55</height>
                <align>left</align>
                <aligny>bottom</aligny>
                <aspectratio>keep</aspectratio>
                <visible>!StringCompare(Control.GetLabel(324),)</visible>
            </control>
            <control type="label" id="305">
                <description>Channel 5 Name</description>
                <width>230</width>
                <height>55</height>
                <label></label>
                <font>font12_Title</font>
                <align>center</align>
                <aligny>center</aligny>
                <textcolor>ff000000</textcolor>
                <visible>StringCompare(Control.GetLabel(325),)</visible>
                <scroll>true</scroll>
                <scrollspeed>20</scrollspeed>
            </control>
            <control type="image" id="325">
                <description>Channel 5 Icon</description>
                <width>270</width>
                <height>55</height>
                <align>left</align>
                <aligny>bottom</aligny>
                <aspectratio>keep</aspectratio> 
                <visible>!StringCompare(Control.GetLabel(325),)</visible>
            </control>  
            <control type="label" id="306">
                <description>Channel 6 Name</description>
                <width>230</width>
                <height>55</height>
                <label></label>
                <font>font12_Title</font>
                <align>center</align>
                <aligny>center</aligny>
                <textcolor>ff000000</textcolor>
                <visible>StringCompare(Control.GetLabel(326),)</visible>
                <scroll>true</scroll>
                <scrollspeed>20</scrollspeed>
            </control>
            <control type="image" id="326">
                <description>Channel 6 Icon</description>
                <width>270</width>
                <height>55</height>
                <align>left</align>
                <aligny>bottom</aligny>
                <aspectratio>keep</aspectratio>  
                <visible>!StringCompare(Control.GetLabel(326),)</visible>
            </control>   
        </control>
		 <!-- todo -->
		  <control type="button" id="6000">
            <description>Filter Button</description>     
            <posx>0</posx>
            <posy>258</posy>   
            <width>410</width>
            <height>38</height>
            <texturenofocus>NA.png</texturenofocus>
            <texturefocus>pstvlButtonFocusAlt.png</texturefocus>
        </control>
        <control type="grouplist">              
            <posx>10</posx>
            <posy>400</posy>
            <itemgap>90</itemgap>
            <orientation>vertical</orientation>
            <control type="button" id="6001">
                <description>EPG Label</description>            
                <width>338</width>
                <height>68</height>
                <label>TV Listings</label>
                <font>font24_Title</font>
                <align>left</align>
                <aligny>center</aligny>
				<texturenofocus>NA.png</texturenofocus>
                <texturefocus>EPGbuttonFocus.png</texturefocus>
                <textcolor>FFFFFFFF</textcolor>
                <shadowcolor>ff000000</shadowcolor>
            </control>               
            <control type="button" id="6002">
                <description>DVR Label</description>              
                <width>338</width>
                <height>68</height>
                <label>Recordings</label>
                <font>font24_Title</font>
                <align>left</align>
                <aligny>center</aligny>
				<texturenofocus>NA.png</texturenofocus>
                <texturefocus>EPGbuttonFocus.png</texturefocus>
                <textcolor>FFFFFFFF</textcolor>
                <shadowcolor>ff000000</shadowcolor>
            </control>               
            <control type="button" id="6003">
                <description>OnDemand Label</description>               
                <width>338</width>
                <height>68</height>
                <label>OnDemand</label>
                <font>font24_Title</font>
                <align>left</align>
                <aligny>center</aligny>
				<texturenofocus>NA.png</texturenofocus>
                <texturefocus>EPGbuttonFocus.png</texturefocus>
                <textcolor>FFFFFFFF</textcolor>
                <shadowcolor>ff000000</shadowcolor>
            </control>               
            <control type="button" id="6004">
                <description>Apps Label</description>        
                <width>338</width>
                <height>68</height>
                <label>Applications</label>
                <font>font24_Title</font>
                <align>left</align>
                <aligny>center</aligny>
				<texturenofocus>NA.png</texturenofocus>
                <texturefocus>EPGbuttonFocus.png</texturefocus>
                <textcolor>FFFFFFFF</textcolor>
                <shadowcolor>ff000000</shadowcolor>
            </control>   
        </control> 
          <!--SHOW LISTINGS-->
        <control type="group" id="111">
            <posx>702</posx>
            <posy>120</posy>
            <width>1215</width>
            <height>70</height>
        </control>
        <control type="group" id="112">
            <posx>702</posx>
            <posy>200</posy>
            <width>1215</width>
            <height>70</height>
        </control>
        <control type="group" id="113">
            <posx>702</posx>
            <posy>280</posy>
            <width>1215</width>
            <height>70</height>
        </control>
        <control type="group" id="114">
            <posx>702</posx>
            <posy>360</posy>
            <width>1215</width>
            <height>70</height>
        </control>
        <control type="group" id="115">
            <posx>702</posx>
            <posy>440</posy>
            <width>1215</width>
            <height>70</height>
        </control>
        <control type="group" id="116">
            <posx>702</posx>
            <posy>520</posy>
            <width>1215</width>
            <height>70</height>
        </control>    
        <control type="image" id="5004"> 
            <description>Timebar Optional past fade</description>
            <posx>611</posx>
            <posy>140</posy>
            <width>-1</width>
            <height>448</height>
            <aspectratio>scale</aspectratio>
            <texture>pstvlTimeFadeP.png</texture>
			<visible>true</visible>
        </control>  
        <control type="image" id="5005"> 
            <description>Timebar Optional future fade</description>
            <posx>411</posx>
            <posy>340</posy>
            <width>-1</width>
            <height>448</height>
            <aspectratio>scale</aspectratio>
            <texture>pstvlTimeFadeF.png</texture>
            <visible>true</visible>
        </control>  
        <control type="label" id="5006">
            <description>Timebar Current Time Button</description>
            <posx>420</posx>
            <posy>70</posy>
            <width min="128" max="400">auto</width>
            <height>38</height>
            <fadetime>250</fadetime>
            <textcolor>FFFFFFFF</textcolor>
            <shadowcolor>ff000000</shadowcolor>
            <font>font12</font>
            <align>center</align>
            <aligny>center</aligny>
        </control>
        <control type="image" id="5007">
            <description>Timebar line</description>
            <posx>320</posx>
            <posy>120</posy>
            <width>30</width>
            <height>470</height>
            <aspectratio>keep</aspectratio>
        </control>
		 <control type="image" id="1">
		  <description>bottom Bar 1</description>
			<posx>355</posx>
			<posy>780</posy>
			<width>1570</width>
			<height>290</height>
			<texture>300.png</texture>
	 	</control>
		 <control type="image" id="1">
		  <description>bottom Bar 2</description>
			<posx>355</posx>
			<posy>600</posy>
			<width>1570</width>
			<height>170</height>
			<texture>200.png</texture>
	 	</control>
        <control type="image">
            <description>Dynamic art1</description>
            <animation effect="fade" time="500">VisibleChange</animation> 
            <posx>1430</posx>
            <posy>800</posy>  
            <width>440</width>      
            <height>250</height>
			<aspectratio align="center" aligny="center" scalediffuse="false">stretch</aspectratio>
			<texture diffuse="video_diffuse.png"></texture>
            <texture fallback="">$INFO[Window(10000).Property(EPG.landscape)]</texture>
            <animation effect="fade" start="95" end="95" condition="True">Conditional</animation>
        </control>        
        <control type="image">
            <description>Dynamic art2</description>
            <animation effect="fade" time="500">VisibleChange</animation> 
            <posx>1470</posx>
            <posy>665</posy>  
            <width>360</width>      
            <height>100</height>
            <align>center</align>
            <aspectratio>keep</aspectratio>
            <visible>false</visible>
            <texture fallback="">$INFO[Window(10000).Property(EPG.poster)]</texture>
            <animation effect="fade" start="95" end="95" condition="True">Conditional</animation>
        </control>          
        <control type="image">
            <description>isManaged Art</description>   
            <posx>345</posx>
            <posy>120r</posy>         
            <width>32</width>
            <height>32</height>
            <aspectratio>keep</aspectratio>
            <visible>false</visible>
            <texture>$INFO[Window(10000).Property(EPG.Managed)]</texture>
        </control> 
        <control type="image">
            <description>isNew Art</description>         
            <posx>35</posx>
            <posy>280r</posy>  
            <width>50</width>
            <height>50</height>
            <aspectratio>keep</aspectratio>
            <visible>false</visible>
            <texture>$INFO[Window(10000).Property(EPG.isNew)]</texture>
        </control>
        <control type="grouplist">
            <posx>380</posx>
            <posy>650</posy>
            <width>1500</width>
            <orientation>horizontal</orientation>
            <itemgap>5</itemgap>
            <control type="label">
                <description>Show Title Label</description>
                <width min="5" max="1100">auto</width>
                <height>30</height>
                <font>font30_Title</font>
                <textcolor>ffffffff</textcolor>
                <scroll>true</scroll>
                <align>left</align>
                <aligny>center</aligny>
                <wrapmultiline>false</wrapmultiline>
                <scrollspeed>40</scrollspeed>
                <scrollsuffix> - </scrollsuffix>
                <label>$INFO[Window(10000).Property(EPG.Title)]</label>
            </control>
        </control>
		 <control type="label">
				<posx>380</posx>
				<posy>700</posy>
                <description>Show Title Label</description>
                <width min="5" max="1100">auto</width>
                <height>30</height>
                <font>font12_Title</font>
                <textcolor>ff000000</textcolor>
                <scroll>true</scroll>
                <align>left</align>
                <aligny>center</aligny>
                <wrapmultiline>false</wrapmultiline>
                <scrollspeed>40</scrollspeed>
                <scrollsuffix> - </scrollsuffix>
                <label>$INFO[Window(10000).Property(EPG.SEtitle)]</label>
            </control>
        <control type="grouplist">
            <posx>380</posx>
            <posy>835</posy>
            <width>1900</width>
            <orientation>vertical</orientation>
            <itemgap>4</itemgap>
           <control type="image">
                <description>Seekbar Line</description>
                <posx>0</posx>
                <posy>0</posy> 
                <width>1400</width>
                <height>2</height>
                <texture border="0">seek/progress_mid.png</texture>
                <align>center</align>
                <aligny>center</aligny>
                <visible>false</visible>
            </control>
            <control type="group" id="5008">  
                <control type="progress">
                    <posx>0</posx>
                    <posy>0</posy>
                    <width>1400</width>
                    <height>2</height>
                    <texturebg>seek/progress_back.png</texturebg>
                    <lefttexture border="0">seek/progresscache_left.png</lefttexture>
                    <midtexture border="0">seek/progresscache_mid.png</midtexture>
                    <righttexture border="0">seek/progresscache_right.png</righttexture>
                    <align>center</align>
                    <aligny>center</aligny>
                    <info>Player.ProgressCache</info>
					<visible>false</visible>
                </control>
                <control type="progress">
                    <posx>0</posx>
                    <posy>0</posy>
                    <width>1400</width>
                    <height>2</height>
                    <texturebg>seek/progresscache_back.png</texturebg>
                    <lefttexture border="0">seek/progress_left.png</lefttexture>
                    <midtexture border="0">seek/progress_mid.png</midtexture>
                    <righttexture border="0">seek/progress_right.png</righttexture>
                    <align>center</align>
                    <aligny>center</aligny>
                    <info>Player.Progress</info>
					<visible>false</visible>
                </control> 
            </control>  
           <control type="label">
            <description>Show Description</description>
			<posx>380</posx>
            <posy>835</posy>
            <width>1000</width>
            <height>600</height>
            <align>left</align>
            <aligny>bottom</aligny>
            <wrapmultiline>true</wrapmultiline>
            <textcolor>FFFFFFFF</textcolor>
            <shadowcolor>ff000000</shadowcolor>
            <font>font10_Title</font>
			<visible>false</visible>
        </control>
		<control type="textbox">
			<posx>380</posx>
            <posy>835</posy>
            <width>1000</width>
            <height>600</height>
			<align>left</align>
			<aligny>top</aligny>
			<font>font12_Title</font>
			<textcolor>FFFFFFFF</textcolor>
			<label>$INFO[Window(10000).Property(EPG.Description)]</label>
			<autoscroll time="4000" delay="7000" repeat="8000">True</autoscroll>
		</control>
        </control>
		<control type="label">                  
            <description>Time</description>     
            <posx>15</posx>                   
            <posy>990</posy>                    
            <width>300</width>                  
            <height>80</height>                 
            <label>$INFO[System.Time]</label>   
            <font>font30_Title</font>           
            <align>center</align>               
            <textcolor>ff000000</textcolor>     
        </control>      
    </controls>
</window>
