<?xml version="1.0" encoding="utf-8"?>
<window>
    <allowoverlay>no</allowoverlay>  
    <!-- <onload condition="StringCompare((Window(10000).Property(PTVL.VideoWindow)),true)">ActivateWindow(9506)</onload> -->
    <onload condition="StringCompare((Window(10000).Property(PTVL.VideoWindow)),true)">ActivateWindow(10004)</onload><!-- Activate random window, workaround for 9506 starting paused -->
    <onunload>ActivateWindow(12005)</onunload>
    <onload>SetProperty(PTVL.APPS_Opened,true,10000)</onload>
    <onunload>SetProperty(PTVL.APPS_Opened,false,10000)</onunload>
    <zorder>1</zorder>
    <coordinates>
        <system>1</system>
        <posx>0</posx>
        <posy>0</posy>
    </coordinates>
    <controls>
         <control type="group">  
            <control type="image">
            <description>EPG Background</description>
            <posx>-20</posx>
            <posy>-20</posy>
            <width>1985</width>
            <height>1200</height>
            <texture>220.png</texture>
            <colordiffuse>FFFFFFFF</colordiffuse>
        </control>      
        </control>
		<!--Vertical-Horizontal Bars -->
		 <control type="image" id="1">
		  <description>Top HOR Bar</description>
			<posx>355</posx>
			<posy>10</posy>
			<width>1570</width>
			<height>100</height>
			<texture>pstvlButtonFocus.png</texture>
	 	</control>
		 <control type="image" id="1">
		  <description>SIDE Top Bar</description>
			<posx>10</posx>
			<posy>10</posy>
			<width>340</width>
			<height>100</height>
			<texture>pstvlButtonFocus.png</texture>
	 	</control>
		 <control type="image" id="1">
		  <description>BOTTOM SIDE Bar</description>
			<posx>10</posx>
			<posy>970</posy>
			<width>340</width>
			<height>100</height>
			<texture>pstvlButtonFocus.png</texture>
	 	</control>
		 <control type="image" id="1">
		  <description>side Bar</description>
			<posx>10</posx>
			<posy>120</posy>
			<width>340</width>
			<height>200</height>
			<texture>pstvlButtonNoFocus.png</texture>
	 	</control>
		 <control type="image" id="1">
		  <description>side Bar 2</description>
			<posx>10</posx>
			<posy>330</posy>
			<width>340</width>
			<height>630</height>
			<texture>pstvlButtonNoFocus.png</texture>
	 	</control>
		 <control type="label">
                <description>pltv Label</description> 
				<posx>50</posx>
			<posy>70</posy>
                <width>373</width>
                <height>38</height>
                <label>Pseudo Live TV</label>
                <font>font13_Title</font>
                <align>left</align>
                <aligny>center</aligny>
                <textcolor>ff000000</textcolor>
            </control> 
       
        <!-- VideoWindow Box --> 
        <!-- #### Skinners Include Everything for videowindow patch to work #### -->
        <!-- PATCH START --> 
        <control type="videowindow">
            <description>video</description>
			<posx>15</posx>
            <posy>110</posy>
            <width>325</width>      
            <height>220</height>
            <visible>true</visible>
        </control>
        <!-- PATCH END -->
        <!-- ################################################################## -->
            
        <control type="grouplist" id="505">
		<visible>false</visible>
            <posx>5</posx>
            <posy>958</posy>
            <align>left</align>
            <orientation>horizontal</orientation>
            <itemgap>1</itemgap>  
        </control>
		 <!-- todo -->
        <control type="grouplist">              
            <posx>60</posx>
            <posy>400</posy>
            <itemgap>90</itemgap>
            <orientation>vertical</orientation>
            <control type="label" id="215">
                <description>EPG Label</description>            
                <width>373</width>
                <height>38</height>
                <label>TV Listings</label>
                <font>font24_Title</font>
                <align>left</align>
                <aligny>center</aligny>
                <textcolor>FFFFFFFF</textcolor>
                <shadowcolor>ff000000</shadowcolor>
            </control>               
            <control type="label" id="216">
                <description>DVR Label</description>              
                <width>373</width>
                <height>38</height>
                <label>Recordings</label>
                <font>font24_Title</font>
                <align>left</align>
                <aligny>center</aligny>
                <textcolor>FFFFFFFF</textcolor>
                <shadowcolor>ff000000</shadowcolor>
            </control>               
            <control type="label" id="217">
                <description>OnDemand Label</description>               
                <width>373</width>
                <height>38</height>
                <label>OnDemand</label>
                <font>font24_Title</font>
                <align>left</align>
                <aligny>center</aligny>
                <textcolor>FFFFFFFF</textcolor>
                <shadowcolor>ff000000</shadowcolor>
            </control>               
            <control type="label" id="218">
                <description>Apps Label</description>        
                <width>373</width>
                <height>38</height>
                <label>Applications</label>
                <font>font24_Title</font>
                <align>left</align>
                <aligny>center</aligny>
                <textcolor>FFFFFFFF</textcolor>
                <shadowcolor>ff000000</shadowcolor>
            </control>   
        </control> 
		<control type="label">                  
            <description>Time</description>     
            <posx>15</posx>                   
            <posy>990</posy>                    
            <width>300</width>                  
            <height>80</height>                 
            <label>$INFO[System.Time]</label>   
            <font>font30_Title</font>           
            <align>center</align>               
            <textcolor>ff000000</textcolor>     
        </control>   
        <!-- Panel -->
        <control type="group">
            <posy>-190</posy>
            <animation type="WindowOpen" reversible="false">
                <effect type="zoom" start="80" end="100" center="960,540" delay="500" tween="back" time="240" />
                <effect type="fade" delay="500" end="100" time="240" />
            </animation>
            <animation type="WindowClose" reversible="false">
                <effect type="zoom" start="100" end="80" center="960,540" easing="in" tween="back" time="240" />
                <effect type="fade" start="100" end="0" time="240" />
            </animation>
            <control description="Panel" id="500" type="panel">
                <viewtype label="Panel">Panel</viewtype>   
                <posx>385</posx>
                <posy>340</posy> 
                <width>1492</width>
                <height>700</height>
                <orientation>vertical</orientation>
                <onleft>655</onleft>
                <onright>655</onright>
                <onup>655</onup>
                <ondown>655</ondown>
                <preloaditems>4</preloaditems>
                <pagecontrol>60</pagecontrol>
                <itemlayout height="360" width="373">
                    <control type="image">
                        <posx>0</posx>
                        <posy>0</posy>
                        <width>370</width>
                        <height min="5" max="370">auto</height>
                        <bordersize>-18</bordersize>
                        <texture border="8">folder-focus.png</texture>
                        <visible>ListItem.IsSelected</visible>
                    </control>
                    <control type="image">
                        <posx>0</posx>
                        <posy>0</posy>
                        <width>360</width>
                        <height min="5" max="347">auto</height>
                        <texture background="true">$INFO[ListItem.Art(thumb)]</texture>
                        <aspectratio aligny="top">keep</aspectratio>
                    </control>
                </itemlayout>
                <focusedlayout height="360" width="373">
                    <control type="image">
                        <posx>0</posx>
                        <posy>0</posy>
                        <width>370</width>
                        <height min="5" max="370">auto</height>
                        <bordersize>-18</bordersize>
                        <texture border="8">folder-focus.png</texture>
                        <visible>ListItem.IsSelected</visible>
                    </control>
                    <control type="image">
                        <posx>0</posx>
                        <posy>0</posy>
                        <width>360</width>
                        <height min="5" max="347">auto</height>
                        <texture background="true">$INFO[ListItem.Art(thumb)]</texture>
                        <aspectratio aligny="top">keep</aspectratio>
                    </control>
                </focusedlayout>
            </control>   
            <control description="SideInfo" type="grouplist">
                <posx>-2</posx>
                <posy>318</posy>
                <itemgap>25</itemgap>
                <orientation>vertical</orientation>
                <control description="FanArt" type="multiimage">
                    <posx>0</posx>
                    <posy>0</posy>
                    <width>360</width>      
                    <height>180</height>
                    <fadetime>500</fadetime>
                    <imagepath background="true">$INFO[Container(500).ListItem.Property(Fanart_Image)]</imagepath>
                    <aspectratio aligny="top">keep</aspectratio>
                </control>
                <control description="Title Label" type="label">
                    <posx>30</posx>
                    <posy>70</posy>
                    <width>360</width>      
                    <height>30</height>
                    <fadetime>500</fadetime>
                    <aligny>center</aligny>
                    <align>center</align>
					<font>font12_Title</font>
                    <textcolor>ff000000</textcolor>
                    <wrapmultiline>False</wrapmultiline>
                    <label>$INFO[Container(500).ListItem.Label]</label>
                </control>
            </control>
            <control type="image">
                <texture flipy="true">fade.png</texture>
                <posx>0</posx>
                <posy>298</posy>
                <width>1920</width>
                <height>100</height>
                <animation effect="fade" end="100" time="360">WindowOpen</animation>
                <animation effect="fade" start="100" end="0" time="250">WindowClose</animation>
            </control>
            <control type="image">
                <texture>fade.png</texture>
                <posx>0</posx>
                <posy>980</posy>
                <width>1920</width>
                <height>100</height>
                <animation effect="fade" end="100" time="360">WindowOpen</animation>
                <animation effect="fade" start="100" end="0" time="250">WindowClose</animation>
            </control>
        </control>
    </controls>
</window>
