<?xml version="1.0" encoding="UTF-8"?>
<window>
    <allowoverlay>no</allowoverlay>
    <zorder>1</zorder>
    <!-- Set artwork -->
    <onload>SetProperty(OVERLAY.type1,landscape,10000)</onload>
    <onload>SetProperty(OVERLAY.type2,poster,10000)</onload>
    <onload>SetProperty(OVERLAY.type3,landscape,10000)</onload>
    <onload>SetProperty(OVERLAY.type4,poster,10000)</onload>
    <onload>SetProperty(OVERLAY.ONNOW_TYPE,landscape,10000)</onload>
    <onload>SetProperty(EPG.type1,landscape,10000)</onload>
    <onload>SetProperty(EPG.type2,poster,10000)</onload>
    <onload>SetProperty(EPG.type3,landscape,10000)</onload>
    <onload>SetProperty(EPG.type4,poster,10000)</onload>
    <!-- Set EPG props -->
    <onload>SetProperty(EPG.rowCount,6,10000)</onload>
    <onload>SetProperty(EPG.shadowColor,0xFF000000,10000)</onload>
    <onload>SetProperty(EPG.focused_textColor,0xff000000,10000)</onload>
    <onload>SetProperty(EPG.textColor,0xFFFFFFFF,10000)</onload>
    <onload>SetProperty(EPG.textFont,font12_Title,10000)</onload>
    <!-- Overlay controls -->
    <controls>   
        <control type="image" id="203">
            <description>Corner Channel Bug</description>
            <posx>350r</posx>
            <posy>188r</posy>
            <width>150</width>
            <height>150</height>
            <aspectratio>keep</aspectratio>
            <texture>NA.png</texture>
            <visible>!Control.IsVisible(101)</visible>
            <animation effect="fade" start="25" end="25" condition="True">Conditional</animation>
        </control>
        <control type="grouplist">
            <posx>10</posx>
            <posy>60r</posy>
            <align>left</align>
            <orientation>horizontal</orientation>
            <itemgap>1</itemgap>  
            <visible>false</visible>
            <control type="label">
                <description>RSS Sep</description>
                <width>10</width>
                <height>55</height>
                <aspectratio>keep</aspectratio>
                <align>center</align>
                <aligny>center</aligny>
                <label>|</label>
                <font>font14</font>
                <textcolor>C0C0C0C0</textcolor>
                <shadowcolor>ff000000</shadowcolor>
                <visible>!IsEmpty(Window(10000).Property(RSS.FEED))</visible>
            </control>  
            <control type="label">
                <width>1880</width>
                <height>55</height>
                <font>font12</font>
                <aligny>center</aligny>
                <align>left</align>
                <scroll>True</scroll>
                <textcolor>C0C0C0C0</textcolor>
                <shadowcolor>ff000000</shadowcolor>
                <scrollsuffix>  ՠ </scrollsuffix>
                <autoscroll time="1000" delay="1000" repeat="2000">True</autoscroll>
                <scrollspeed>40</scrollspeed>
                <visible>!IsEmpty(Window(10000).Property(RSS.FEED))</visible>
                <label>$INFO[Window(10000).Property(RSS.FEED)]</label>
            </control>
           <control type="label">
                <description>RSS Sep</description>
                <width>10</width>
                <height>55</height>
                <aspectratio>keep</aspectratio>
                <align>center</align>
                <aligny>center</aligny>
                <label>|</label>
                <font>font14</font>
                <textcolor>C0C0C0C0</textcolor>
                <shadowcolor>ff000000</shadowcolor>
                <visible>!IsEmpty(Window(10000).Property(RSS.FEED))</visible>
            </control>  
        </control>
        <control type="group" id="102">     
            <control type="image">
                <description>Info Overlay </description>
				<posx>-30</posx>
				<posy>815</posy>
                <width>1990</width>
                <height>280</height>
                <texture>220.png</texture>
                <visible></visible>                
                <animation effect="slide" end="0,0" time="500">WindowOpen</animation>
                <animation effect="slide" end="0,0" time="50">WindowClose</animation>
            </control>
			 <control type="image" id="1">
		  <description>Top left Bar</description>
			<posx>10</posx>
			<posy>825</posy>
			<width>240</width>
			<height>120</height>
			<texture>pstvlButtonNoFocus.png</texture>
	 	</control>
		 <control type="image" id="1">
		  <description>bottom left Bar</description>
			<posx>10</posx>
			<posy>955</posy>
			<width>240</width>
			<height>120</height>
			<texture>pstvlButtonFocus.png</texture>
	 	</control>
		 <control type="image" id="1">
		  <description>middle  Bar</description>
			<posx>255</posx>
			<posy>825</posy>
			<width>1230</width>
			<height>250</height>
			<texture>pstvlButtonFocus.png</texture>
	 	</control>
		<control type="image" id="1">
		  <description>right  Bar</description>
			<posx>1485</posx>
			<posy>825</posy>
			<width>430</width>
			<height>250</height>
			<texture>pstvlButtonNoFocus.png</texture>
	 	</control>
        <control type="group" id="104"> 
			<posx>-30</posx>
            <posy>815</posy>
			<control type="image" id="1">
			<description>Top left Bar</description>
			<posx>10</posx>
			<posy>825</posy>
			<width>240</width>
			<height>120</height>
			<texture>pstvlButtonNoFocus.png</texture>
	 	</control>
		 <control type="image" id="1">
			<description>bottom left Bar</description>
			<posx>10</posx>
			<posy>955</posy>
			<width>240</width>
			<height>120</height>
			<texture>pstvlButtonFocus.png</texture>
	 	</control>
		<control type="image" id="1">
			<description>middle  Bar</description>
			<posx>255</posx>
			<posy>825</posy>
			<width>1230</width>
			<height>250</height>
			<texture>pstvlButtonFocus.png</texture>
	 	</control>
		<control type="image" id="1">
			<description>right  Bar</description>
			<posx>1485</posx>
			<posy>825</posy>
			<width>430</width>
			<height>250</height>
			<texture>pstvlButtonNoFocus.png</texture>
	 	</control>
		
                <control type="grouplist">
                    <posx>0</posx>
                    <posy>320r</posy>
                    <itemgap>-10</itemgap>
                    <orientation>horizontal</orientation>
                    <control type="label">
                        <width>306</width>
                        <height>75</height>
                        <description>StarOver Label</description>
                        <label>To Start Over | Press </label>
                        <font>font12_Title</font>
                        <align>center</align>
                        <aligny>center</aligny>
                        <textcolor>FFFFFFFF</textcolor>
                        <shadowcolor>ff000000</shadowcolor>
                    </control>
                    <control type="image">
                        <width>45</width>
                        <height>75</height>
                        <description>StarOver SEL image</description> 
                        <align>center</align>
                        <aligny>bottom</aligny>
                        <aspectratio>keep</aspectratio>
                        <texture>sel.png</texture>
                        <animation effect="fade" start="95" end="95" condition="True">Conditional</animation>
                    </control>
                </control>   
            </control>
			<control type="label">
            <description>time</description>
            <posx>60</posx>
            <posy>855</posy>
            <width>200</width>
            <height>60</height>
            <label>$INFO[System.Time(ii:mm)]</label>
            <font>font30_title</font>
            <align>left</align>
            <textcolor>FFFFFFFF</textcolor>
        </control>
            <control type="image">
                <description>Dynamic artwork</description>
                <animation effect="fade" time="500">VisibleChange</animation> 
                <posx>1495</posx>
                <posy>835</posy>  
                <width>410</width>      
                <height>230</height>
				<aspectratio align="center" aligny="center" scalediffuse="false">stretch</aspectratio>
				<texture diffuse="poster_diffuse.png"></texture>
                <texture fallback="">$INFO[Window(10000).Property(OVERLAY.landscape)]</texture>
                <animation effect="fade" start="95" end="95" condition="True">Conditional</animation>
            </control>        
            <control type="image">
                <description>isManaged Art</description>   
                <posx>345</posx>
                <posy>120r</posy>         
                <width>32</width>
                <height>32</height>
                <aspectratio>keep</aspectratio>
                <visible>false</visible>
                <texture>$INFO[Window(10000).Property(OVERLAY.Managed)]</texture>
            </control> 
            <control type="image">
                <description>isNew Art</description>         
                <posx>35</posx>
                <posy>280r</posy>  
                <width>50</width>
                <height>50</height>
                <aspectratio>keep</aspectratio>
                <visible>false</visible>
                <texture>$INFO[Window(10000).Property(OVERLAY.isNew)]</texture>
            </control>
			<control type="image">
			    <posx>30</posx>
                <posy>930</posy>
                <description>Channel Logo</description>
                <width>180</width>
                <height>180</height>
                <aspectratio>keep</aspectratio>
                <align>left</align>
                <aligny>bottom</aligny>
				<texture>$INFO[Window(10000).Property(OVERLAY.LOGOART)]</texture>
            </control>
			
            <control type="grouplist">
                <posx>300</posx>
                <posy>840</posy>
                <width>1220</width>
                <orientation>horizontal</orientation>
                <itemgap>5</itemgap>
                <control type="label">
                    <description>Show Title Label</description>
                    <width min="5" max="1100">auto</width>
                    <height>30</height>
                    <font>font30_Title</font>
                    <textcolor>ffffffff</textcolor>
                    <shadowcolor>ff000000</shadowcolor>
                    <scroll>true</scroll>
                    <align>left</align>
                    <aligny>center</aligny>
                    <wrapmultiline>false</wrapmultiline>
                    <scrollspeed>40</scrollspeed>
                    <scrollsuffix> - </scrollsuffix>
                    <label>$INFO[Window(10000).Property(OVERLAY.Title)]</label>
                </control>
            </control>
			 <control type="label">
                    <description>Show Title Label</description>
					<posx>310</posx>
					<posy>880</posy>
                    <width min="5" max="1100">auto</width>
                    <height>30</height>
                    <font>font13_Title</font>
                    <textcolor>ffffffff</textcolor>
                    <shadowcolor>ff000000</shadowcolor>
                    <scroll>true</scroll>
                    <align>left</align>
                    <aligny>center</aligny>
                    <wrapmultiline>false</wrapmultiline>
                    <scrollspeed>40</scrollspeed>
                    <scrollsuffix> - </scrollsuffix>
                    <label>$INFO[Window(10000).Property(OVERLAY.SEtitle)]</label>
                </control>
            <control type="grouplist">
                <posx>300</posx>
                <posy>940</posy>
                <width>1100</width>
                <orientation>vertical</orientation>
                <itemgap>4</itemgap>
				 <control type="label">
                    <description>Show Description</description>
                    <posx>0</posx>
                    <posy>0</posy> 
                    <width>1000</width>
                    <height>190</height>
                    <align>left</align>
                    <aligny>bottom</aligny>
                    <wrapmultiline>true</wrapmultiline>
                    <textcolor>FFFFFFFF</textcolor>
                    <shadowcolor>ff000000</shadowcolor>
                    <font>font12_Title</font>
                    <label>$INFO[Window(10000).Property(OVERLAY.Description)]</label>
                </control> 
                <control type="group"> 
                    <visible>false</visible>
                    <control type="progress">
                        <posx>0</posx>
                        <posy>0</posy> 
                        <width>1400</width>
                        <height>4</height>
                        <texturebg>seek/progress_back.png</texturebg>
                        <lefttexture border="0">seek/progresscache_left.png</lefttexture>
                        <midtexture border="0">seek/progresscache_mid.png</midtexture>
                        <righttexture border="0">seek/progresscache_right.png</righttexture>
                        <align>center</align>
                        <aligny>center</aligny>
                        <info>Player.ProgressCache</info>
                        <visible>Control.IsVisible(5007)</visible>
                    </control>
                    <control type="progress" id="5007">
                        <posx>0</posx>
                        <posy>0</posy> 
                        <width>1400</width>
                        <height>4</height>
                        <texturebg>seek/progresscache_back.png</texturebg>
                        <lefttexture border="0">seek/progress_left.png</lefttexture>
                        <midtexture border="0">seek/progress_mid.png</midtexture>
                        <righttexture border="0">seek/progress_right.png</righttexture>
                        <align>center</align>
                        <aligny>center</aligny>
                        <info>Player.Progress</info>
                    </control> 
                </control>  
            </control> 
        </control> 
        <!-- MOREINFO -->
       <control type="group" id="222">
            <posx>0</posx>
            <posy>0</posy>                   
            <control type="image">
                <description>MoreInfo Overlay</description>
                <width>1920</width>
                <height>1080</height>
                <texture>pstvlMoreInfoBackground.png</texture>
                <animation effect="slide" start="0,-1080" end="0,1080" time="500">VisibleChange</animation>
            </control> 
						 <control type="image" id="1">
		  <description>Top left Bar</description>
			<posx>10</posx>
			<posy>575</posy>
			<width>410</width>
			<height>250</height>
			<texture>pstvlButtonNoFocus.png</texture>
	 	</control>
		 <control type="image" id="1">
		  <description>bottom left Bar</description>
			<posx>10</posx>
			<posy>835</posy>
			<width>410</width>
			<height>240</height>
			<texture>pstvlButtonFocus.png</texture>
	 	</control>
		 <control type="image" id="1">
		  <description>middle top  Bar</description>
			<posx>425</posx>
			<posy>575</posy>
			<width>1500</width>
			<height>250</height>
			<texture>pstvlButtonFocus.png</texture>
	 	</control>
		 <control type="image" id="1">
		  <description>middle center Bar</description>
			<posx>425</posx>
			<posy>835</posy>
			<width>1200</width>
			<height>80</height>
			<texture>pstvlButtonNoFocus.png</texture>
	 	</control>
		 <control type="image" id="1">
		  <description>middle bottom Bar</description>
			<posx>425</posx>
			<posy>925</posy>
			<width>1200</width>
			<height>150</height>
			<texture>pstvlButtonFocus.png</texture>
	 	</control>
           
            <control type="grouplist">
                <description>Context buttons</description>
                <posx>295r</posx>
                <posy>245r</posy>
                <width>410</width>
                <orientation>vertical</orientation>
                <itemgap>10</itemgap>
                <control type="button" id="1012">
                    <description>More Info</description>
                    <width>290</width>
                    <height>52</height>
                    <label></label>
                    <align>center</align>
                    <aligny>center</aligny>
                    <font>font12_Title</font>
                    <textcolor>ffffffff</textcolor>
                    <texturefocus>pstvlButtonFocus.png</texturefocus>
                    <texturenofocus>pstvlButtonNoFocus.png</texturenofocus>
                    <onup>1015</onup>
                    <ondown>1013</ondown>
                    <visible>!IsEmpty(Control.GetLabel(1012))</visible>
                </control>
                <control type="button" id="1013">
                    <description>Find Similar</description>
                    <width>290</width>
                    <height>52</height>
                    <label></label>
                    <align>center</align>
                    <aligny>center</aligny>
                    <font>font12_Title</font>
                    <textcolor>FFFFFFFF</textcolor>
                    <shadowcolor>ff000000</shadowcolor>
                    <texturefocus>pstvlButtonFocus.png</texturefocus>
                    <texturenofocus>pstvlButtonNoFocus.png</texturenofocus>
                    <onup>1012</onup>
                    <ondown>1014</ondown>
                    <visible>!IsEmpty(Control.GetLabel(1013))</visible>
                </control>
                <control type="button" id="1014">
                    <description>Record Show</description>
                    <width>290</width>
                    <height>52</height>
                    <label></label>
                    <align>center</align>
                    <aligny>center</aligny>
                    <font>font12_Title</font>
                    <textcolor>FFFFFFFF</textcolor>
                    <shadowcolor>ff000000</shadowcolor>
                    <texturefocus>pstvlButtonFocus.png</texturefocus>
                    <texturenofocus>pstvlButtonNoFocus.png</texturenofocus>
                    <onup>1013</onup>
                    <ondown>1015</ondown>
                    <visible>!IsEmpty(Control.GetLabel(1014))</visible>
                </control>
                <control type="button" id="1015">
                    <description>Set Reminder</description>
                    <width>290</width>
                    <height>52</height>
                    <label></label>
                    <align>center</align>
                    <aligny>center</aligny>
                    <font>font12_Title</font>
                    <textcolor>FFFFFFFF</textcolor>
                    <shadowcolor>ff000000</shadowcolor>
                    <texturefocus>pstvlButtonFocus.png</texturefocus>
                    <texturenofocus>pstvlButtonNoFocus.png</texturenofocus>
                    <onup>1014</onup>
                    <ondown>1012</ondown>
                    <visible>!IsEmpty(Control.GetLabel(1014))</visible>
                </control>
            </control>               
            <control type="image">
                <description>Dynamic artwork - MoreInfo</description>
                <posx>15</posx>
                <posy>585</posy>  
                <width>395</width> 
				<height>230</height>
                <align>center</align>
				<aspectratio align="center" aligny="center" scalediffuse="false">stretch</aspectratio>
				<texture diffuse="video_diffuse.png"></texture>
                <texture fallback="">$INFO[Window(10000).Property(OVERLAY.landscape)]</texture>
                <animation effect="fade" start="95" end="95" condition="True">Conditional</animation>
            </control>
			<control type="image" id="1">
				<description>Fanart</description>
				<posx>15</posx>
				<posy>845</posy>
				<width>395</width>
				<height>220</height>
				<aspectratio align="center" aligny="center" scalediffuse="false">stretch</aspectratio>
				<texture diffuse="video_diffuse.png"></texture>
				<visible>true</visible>
				<colordiffuse>FFFFFFFF</colordiffuse>
				<texture fallback="logo.png">$INFO[Player.Art(fanart)]</texture>
			</control>
            <control type="image">
                <description>isManaged Art</description>   
                <posx>345</posx>
                <posy>120r</posy>         
                <width>32</width>
                <height>32</height>
                <aspectratio>keep</aspectratio>
				<visible>false</visible>
                <texture>$INFO[Window(10000).Property(OVERLAY.Managed)]</texture>
            </control>             
            <control type="image">
                <description>Unaired "NEW" image</description>         
                <posx>65</posx>
                <posy>485r</posy>  
                <width>50</width>
                <height>50</height>
                <aspectratio>keep</aspectratio>
				<visible>false</visible>
                <texture>$INFO[Window(10000).Property(OVERLAY.isNew)]</texture>
            </control>
			<!-- MORE INFO -->
			  <control type="grouplist">
                    <posx>500</posx>
                    <posy>930</posy>
                    <width>1100</width>
                    <orientation>vertical</orientation>
                    <itemgap>7</itemgap>
				<control type="label" id="1">
				<description>Genre Label</description>
				<height>30</height>
				<width min="55" max="270">auto</width>
				<label>$INFO[Window(10000).Property(OVERLAY.Year),       [COLOR=ff000000][B] Year: [/B][/COLOR]   ]</label>
				<align>left</align>
				<aligny>center</aligny>
				<font>font12_Title</font>
				<textcolor>FFFFFFFF</textcolor>
				<scroll>true</scroll>
                <wrapmultiline>false</wrapmultiline>
                <scrollspeed>50</scrollspeed>
                <scrollsuffix> - </scrollsuffix>
			</control>
			<control type="label" id="1">
				<description>Writer</description>
				<width min="55" max="430">auto</width>
				<height>30</height>
				<font>font12_Title</font>
				<align>left</align>
				<aligny>center</aligny>
				<textcolor>FFFFFFFF</textcolor>
				<label>$INFO[Window(10000).Property(OVERLAY.Genre),    [COLOR=ff000000][B] Genre: [/B][/COLOR]   ]</label>
			</control>
			<control type="label" >
				<description>Studio</description>
				<width>480</width>
				<height>30</height>
				<font>font12_Title</font>
				<align>left</align>
				<aligny>center</aligny>
				<textcolor>FFFFFFFF</textcolor>
				<label>$INFO[VideoPlayer.Studio,   [COLOR=ff000000][B] Studio: [/B][/COLOR]   ]</label>
			</control>
			<control type="label" id="1">
				<description>Director</description>
				<height>30</height>
				<width min="50" max="970">auto</width>
            	<label>$INFO[VideoPlayer.Director,[COLOR=ff000000][B]Director: [/B][/COLOR]   ]</label>
				<align>left</align>
				<aligny>center</aligny>
				<font>font12_Title</font>
				<textcolor>FFFFFFFF</textcolor>
			</control>
			</control>
			<control type="grouplist">
                    <posx>1100</posx>
                    <posy>930</posy>
                    <width>1100</width>
                    <orientation>vertical</orientation>
                    <itemgap>20</itemgap>
                    <control type="label" id="516">
                        <description>Seekbar Elapsed Time Button</description>
                        <width>550</width>
                        <height>30</height>
                        <textcolor>FFFFFFFF</textcolor>
                        <font>font12_Title</font>
                        <align>left</align>
                        <aligny>center</aligny>
						<visible>true</visible>
                        <label>$INFO[Player.Duration,[COLOR=ff000000][B]Duration: [/B][/COLOR]   ] </label>
                    </control>
					  <control type="label" id="518">"
                        <description>Seekbar time</description>
                        <width>550</width>
                        <height>30</height>
                        <fadetime>250</fadetime>
                        <textcolor>FFFFFFFF</textcolor>
                        <font>font12_Title</font>
                        <align>left</align>
                        <aligny>center</aligny>
						<visible>true</visible>
                        <label>$INFO[Player.Time, [COLOR=ff000000][B] Elapsed: [/B][/COLOR]   ]</label>
                    </control>
                    <control type="label" id="518">"
                        <description>Seekbar time</description>
                        <width>550</width>
                        <height>30</height>
                        <fadetime>250</fadetime>
                        <textcolor>FFFFFFFF</textcolor>
                        <font>font12_Title</font>
                        <align>left</align>
                        <aligny>center</aligny>
						<visible>true</visible>
                        <label>$INFO[Player.FinishTime(hh:mm xx), [COLOR=ff000000][B]Finished: [/B][/COLOR]   ]</label>
                    </control>
                </control> 
            <control type="grouplist">
                <posx>440</posx>
                <posy>495r</posy>
                <width>1900</width>
                <orientation>horizontal</orientation>
                <itemgap>5</itemgap>
                <control type="label">
                    <description>Show Title Label</description>
                    <width min="5" max="1500">auto</width>
                    <height>30</height>
                    <font>font24_Title</font>
                    <textcolor>ffffffff</textcolor>
                    <shadowcolor>ff000000</shadowcolor>
                    <scroll>true</scroll>
                    <align>left</align>
                    <aligny>center</aligny>
                    <wrapmultiline>false</wrapmultiline>
                    <scrollspeed>40</scrollspeed>
                    <scrollsuffix> - </scrollsuffix>
                    <label>$INFO[Window(10000).Property(OVERLAY.Title)][COLOR=C0C0C0C0][B] • [/B][/COLOR][COLOR=FFFFFFFF]$INFO[Window(10000).Property(OVERLAY.SEtitle)][/COLOR]</label>
                </control>
            </control>
            <control type="grouplist">
                <posx>440</posx>
                <posy>430r</posy>
                <width>1400</width>
                <orientation>vertical</orientation>
                <itemgap>16</itemgap>
                <control type="image">
                    <description>Seekbar Line</description>
                    <width>1400</width>
                    <height>8</height>
                    <texture>seek/progress_mid.png</texture>
                    <align>center</align>
                    <aligny>center</aligny>
                    <visible>!Control.IsVisible(5007)</visible>
                </control>
                <control type="group" id="5007">  
                    <posx>0</posx>
                    <posy>0</posy>
                    <control type="progress">
                        <posx>0</posx>
                        <posy>0</posy>
                        <width>1400</width>
                        <height>8</height>
                        <texturebg>seek/progress_back.png</texturebg>
                        <lefttexture border="0">seek/progresscache_left.png</lefttexture>
                        <midtexture border="0">seek/progresscache_mid.png</midtexture>
                        <righttexture border="0">seek/progresscache_right.png</righttexture>
                        <align>center</align>
                        <aligny>center</aligny>
                        <info>Player.ProgressCache</info>
                    </control>
                    <control type="progress">
                        <posx>0</posx>
                        <posy>0</posy>
                        <width>1400</width>
                        <height>8</height>
                        <texturebg>seek/progresscache_back.png</texturebg>
                        <lefttexture border="0">seek/progress_left.png</lefttexture>
                        <midtexture border="0">seek/progress_mid.png</midtexture>
                        <righttexture border="0">seek/progress_right.png</righttexture>
                        <align>center</align>
                        <aligny>center</aligny>
                        <info>Player.Progress</info>
                    </control> 
                </control>
                <control type="label">
                    <description>Show Description</description>
                    <posx>0</posx>
                    <posy>0</posy>
                    <width>1400</width>
                    <height>90</height>
                    <align>left</align>
                    <aligny>center</aligny>
                    <wrapmultiline>true</wrapmultiline>
                    <textcolor>FFFFFFFF</textcolor>
                    <shadowcolor>ff000000</shadowcolor>
                    <font>font12_Title</font>
                    <label>$INFO[Window(10000).Property(OVERLAY.Description)]</label>
                </control>
            </control>
            <!-- line 4 -->
                <control type="grouplist">
                    <posx>490</posx>
                    <posy>239r</posy>
                    <width>1100</width>
                    <orientation>horizontal</orientation>
                    <itemgap>28</itemgap>
                    <control type="image">
                        <width>100</width>
                        <height>62</height>
                        <align>left</align>
                        <aligny>bottom</aligny>
                        <aspectratio>keep</aspectratio>
                        <texture colordiffuse="ffffffff">$INFO[VideoPlayer.VideoCodec,flags/source/,.png]</texture>
                    </control>
                    <control type="image">
                        <width>100</width>
                        <height>62</height>
                        <align>left</align>
                        <aligny>bottom</aligny>
                        <aspectratio>keep</aspectratio>
                        <texture colordiffuse="ffffffff">$INFO[VideoPlayer.VideoResolution,flags/resolution/,.png]</texture>
                    </control>
                    <control type="image">
                        <width>100</width>
                        <height>62</height>
                        <align>left</align>
                        <aligny>bottom</aligny>
                        <aspectratio>keep</aspectratio>
                        <texture colordiffuse="ffffffff">$INFO[VideoPlayer.VideoAspect,flags/aspectratio/,.png]</texture>
                    </control>
                    <control type="image">
                        <width>100</width>
                        <height>62</height>
                        <align>left</align>
                        <aligny>bottom</aligny>
                        <aspectratio>keep</aspectratio>
                        <texture colordiffuse="ffffffff">$INFO[VideoPlayer.AudioCodec,flags/audio/,.png]</texture>
                    </control>
					

					
                    <control type="image">
                        <width>100</width>
                        <height>62</height>
                        <align>left</align>
                        <aligny>bottom</aligny>
                        <aspectratio>keep</aspectratio>
                        <texture colordiffuse="ffffffff">$INFO[VideoPlayer.AudioChannels,flags/channels/,.png]</texture>
                    </control>
                    <control type="image">
                        <width>100</width>
                        <height>62</height>
                        <align>left</align>
                        <aligny>bottom</aligny>
                        <aspectratio>keep</aspectratio>
                        <texture colordiffuse="ffffffff">$INFO[VideoPlayer.AudioLanguage,flags/language/,.png]</texture>
                    </control>       
                    <control type="image">
                        <width>100</width>
                        <height>62</height>
                        <align>left</align>
                        <aligny>bottom</aligny>
                        <aspectratio>keep</aspectratio>
                        <texture colordiffuse="ffffffff">$INFO[VideoPlayer.Country,flags/language/,.png]</texture>
                    </control>
					 <control type="image">
                        <width>100</width>
                        <height>62</height>
                        <align>left</align>
                        <aligny>bottom</aligny>
                        <aspectratio>keep</aspectratio>
                        <texture fallback="flags/rating/MPAA_NR_Certificate_US.png" colordiffuse="ffffffff">$INFO[Window(10000).Property(OVERLAY.Rating),flags/mpaa/,.png]</texture>
                    </control>
                    <control type="image">
                        <width>100</width>
                        <height>62</height>
                        <align>left</align>
                        <aligny>bottom</aligny>
                        <aspectratio>keep</aspectratio>
                        <texture fallback="flags/rating/0.0.png" colordiffuse="ffffffff">$INFO[VideoPlayer.Rating,flags/rating/,.png]</texture>
                    </control>
                    <control type="image">
                        <description>Sickbeard/Couchpotato image</description>      
                        <width>100</width>
                        <height>62</height>
                        <align>left</align>
                        <aligny>bottom</aligny>
                        <aspectratio>keep</aspectratio>
                        <texture>$INFO[Control.GetLabel(511)]</texture>
                    </control> 
            </control>
            </control>

            <control type="group" id="120">
                <posx>0</posx>
                <posy>0</posy>
                <control type="image">
                    <description> Coming Up Next Popup</description>
                    <width>1920</width>
                    <height>1080</height>
                    <texture>pstvlPopupWindow.png</texture>
                </control>
                <control type="group">       
                    <control type="image">
                        <description>Coming Up artwork</description>
                        <posx>40</posx>
                        <posy>780</posy>
                        <width>330</width>      
                        <height>170</height>
                        <aspectratio align="center" aligny="center" scalediffuse="false">stretch</aspectratio>
						<texture diffuse="video_diffuse.png"></texture>
                        <texture fallback="">$INFO[Window(10000).Property(OVERLAY.NEXT.landscape)]</texture>
                        <animation effect="fade" start="95" end="95" condition="True">Conditional</animation>
                    </control>
                    <control type="fadelabel">
                        <description>Popup fadelabel</description>
                        <posx>35</posx>
                        <posy>995</posy>
                        <width>340</width>
                        <height>40</height>
                        <visible>true</visible>
                        <pauseatend>2700</pauseatend>
                        <label>Coming Up Next</label>
                        <label>Coming Up Next</label>
                        <label>$INFO[Window(10000).Property(OVERLAY.NEXT.Title)]</label>
                        <font>font12_Title</font>
                        <scroll>false</scroll>
                        <scrollout>false</scrollout>
                        <textcolor>orange</textcolor>
                        <align>center</align>
                        <autoscroll time="2000" delay="0" repeat="0">Skin.HasSetting(AutoScroll)</autoscroll>
                    </control>                    
                </control>
            </control>
        <control type="group" id="119">
            <description>Sidebar Menu</description>
            <posx>-20</posx>
            <posy>0</posy>
            <control type="image">
                <description>Background Image</description>
                <width>1920</width>
                <height>1080</height>
                <texture>pstvlMenuWindow.png</texture>
                <visible>Control.IsVisible(119)</visible>
                <animation effect="slide" end="0,0" time="500">VisibleChange</animation>
                <animation effect="slide" end="0,0" time="50">VisibleChange</animation>
            </control>
            <control type="image">
                <texture flipy="true">fadeh.png</texture>
                <posx>687</posx>
                <posy>0</posy>
                <width>1230</width>
                <height>1080</height>
                <animation effect="fade" end="85" time="5">VisibleChange</animation>
                <visible>Control.IsVisible(130)</visible>
            </control>
            <control type="image" id="130">
                <description>Background Image</description>
                <width>1920</width>
                <height>1080</height>
                <texture>pstvlMenuWindowAlt.png</texture>
                <animation effect="slide" end="0,0" time="500">VisibleChange</animation>
                <animation effect="slide" end="0,0" time="50">VisibleChange</animation>
            </control> 
			<control type="image" id="1">
		  <description>bottom left Bar</description>
			<posx>5</posx>
			<posy>5</posy>
			<width>285</width>
			<height>85</height>
			<texture>pstvlButtonFocus.png</texture>
	 	</control>
            <control type="image">
                <description>Sidebar - Logo</description>
                <posx>87</posx>
                <posy>-5</posy>
                <width>100</width>
                <height>100</height>
                <aspectratio>keep</aspectratio>
                <align>center</align>
                <aligny>center</aligny>
                <visible>Control.IsVisible(119)</visible>
                <texture>logo.png</texture>
            </control>      
            <control type="image">
                <description>Onnow Art</description>
                <posx>310</posx>
                <posy>15</posy>
                <width>360</width>      
                <height>180</height>
                <aspectratio>keep</aspectratio>
                <visible>Control.IsVisible(130)</visible>
                <texture fallback="landscape.jpg">$INFO[Window(10000).Property(OVERLAY.ONNOW_ART)]</texture>
                <animation effect="fade" start="95" end="95" condition="True">Conditional</animation>
            </control>
            <control type="label" id="132">
                <description>Onnow Controls</description>
                <posx>310</posx>
                <posy>216</posy>
                <width>341</width>
                <height>947</height>
                <label>260</label>
                <visible>false</visible>
            </control>
            <control type="grouplist">
                <posx>-10</posx>
                <posy>100</posy>
                <width>300</width>
                <orientation>vertical</orientation>
                <itemgap>10</itemgap>
                <control type="button" id="1000">
                    <width>325</width>
                    <height>72</height>
                    <label></label>
                    <align>center</align>
                    <aligny>center</aligny>
                    <font>font12_Title</font>
                    <textcolor>ffffffff</textcolor>
                    <texturefocus>pstvlButtonFocus.png</texturefocus>
                    <texturenofocus>pstvlButtonNoFocus.png</texturenofocus>
                    <onup>1011</onup>
                    <ondown>1001</ondown>
                    <visible>!IsEmpty(Control.GetLabel(1000))</visible>
                </control>
                <control type="button" id="1001">
                    <width>325</width>
                    <height>72</height>
                    <label></label>
                    <align>center</align>
                    <aligny>center</aligny>
                    <font>font12_Title</font>
                    <textcolor>ffffffff</textcolor>
                    <shadowcolor>ff000000</shadowcolor>
                    <texturefocus>pstvlButtonFocus.png</texturefocus>
                    <texturenofocus>pstvlButtonNoFocus.png</texturenofocus>
                    <onup>1000</onup>
                    <ondown>1002</ondown>
                    <visible>!IsEmpty(Control.GetLabel(1001))</visible>
                </control>
                <control type="button" id="1002">
                    <width>325</width>
                    <height>72</height>
                    <label></label>
                    <align>center</align>
                    <aligny>center</aligny>
                    <font>font12_Title</font>
                    <textcolor>ffffffff</textcolor>
                    <shadowcolor>ff000000</shadowcolor>
                    <texturefocus>pstvlButtonFocus.png</texturefocus>
                    <texturenofocus>pstvlButtonNoFocus.png</texturenofocus>
                    <onup>1001</onup>
                    <ondown>1003</ondown>
                    <visible>!IsEmpty(Control.GetLabel(1002))</visible>
                </control>
                <control type="button" id="1003">
                    <width>325</width>
                    <height>72</height>
                    <label></label>
                    <align>center</align>
                    <aligny>center</aligny>
                    <font>font12_Title</font>
                    <textcolor>ffffffff</textcolor>
                    <shadowcolor>ff000000</shadowcolor>
                    <texturefocus>pstvlButtonFocus.png</texturefocus>
                    <texturenofocus>pstvlButtonNoFocus.png</texturenofocus>
                    <onup>1002</onup>
                    <ondown>1004</ondown>
                    <visible>!IsEmpty(Control.GetLabel(1003))</visible>
                </control>
                <control type="button" id="1004">
                    <width>325</width>
                    <height>72</height>
                    <label></label>
                    <align>center</align>
                    <aligny>center</aligny>
                    <font>font12_Title</font>
                    <textcolor>ffffffff</textcolor>
                    <shadowcolor>ff000000</shadowcolor>
                    <texturefocus>pstvlButtonFocus.png</texturefocus>
                    <texturenofocus>pstvlButtonNoFocus.png</texturenofocus>
                    <onup>1003</onup>
                    <ondown>1005</ondown>
                    <visible>!IsEmpty(Control.GetLabel(1004))</visible>
                </control>
                <control type="button" id="1005">
                    <width>325</width>
                    <height>72</height>
                    <label></label>
                    <align>center</align>
                    <aligny>center</aligny>
                    <font>font12_Title</font>
                    <textcolor>ffffffff</textcolor>
                    <shadowcolor>ff000000</shadowcolor>
                    <texturefocus>pstvlButtonFocus.png</texturefocus>
                    <texturenofocus>pstvlButtonNoFocus.png</texturenofocus>
                    <onup>1004</onup>
                    <ondown>1006</ondown>
                    <visible>!IsEmpty(Control.GetLabel(1005))</visible>
                </control>
                <control type="button" id="1006">
                    <width>325</width>
                    <height>72</height>
                    <label></label>
                    <align>center</align>
                    <aligny>center</aligny>
                    <font>font12_Title</font>
                    <textcolor>ffffffff</textcolor>
                    <shadowcolor>ff000000</shadowcolor>
                    <texturefocus>pstvlButtonFocus.png</texturefocus>
                    <texturenofocus>pstvlButtonNoFocus.png</texturenofocus>
                    <onup>1005</onup>
                    <ondown>1007</ondown>
                    <visible>!IsEmpty(Control.GetLabel(1006))</visible>
                </control>
                <control type="button" id="1007">
                    <width>325</width>
                    <height>72</height>
                    <label></label>
                    <align>center</align>
                    <aligny>center</aligny>
                    <font>font12_Title</font>
                    <textcolor>ffffffff</textcolor>
                    <shadowcolor>ff000000</shadowcolor>
                    <texturefocus>pstvlButtonFocus.png</texturefocus>
                    <texturenofocus>pstvlButtonNoFocus.png</texturenofocus>
                    <onup>1006</onup>
                    <ondown>1008</ondown>
                    <visible>!IsEmpty(Control.GetLabel(1007))</visible>
                </control>
                <control type="button" id="1008">
                    <width>325</width>
                    <height>72</height>
                    <label></label>
                    <align>center</align>
                    <aligny>center</aligny>
                    <font>font12_Title</font>
                    <textcolor>ffffffff</textcolor>
                    <shadowcolor>ff000000</shadowcolor>
                    <texturefocus>pstvlButtonFocus.png</texturefocus>
                    <texturenofocus>pstvlButtonNoFocus.png</texturenofocus>
                    <onup>1007</onup>
                    <ondown>1009</ondown>
                    <visible>!IsEmpty(Control.GetLabel(1008))</visible>
                </control>
                <control type="button" id="1009">
                    <width>325</width>
                    <height>72</height>
                    <label></label>
                    <align>center</align>
                    <aligny>center</aligny>
                    <font>font12_Title</font>
                    <textcolor>ffffffff</textcolor>
                    <shadowcolor>ff000000</shadowcolor>
                    <texturefocus>pstvlButtonFocus.png</texturefocus>
                    <texturenofocus>pstvlButtonNoFocus.png</texturenofocus>
                    <onup>1008</onup>
                    <ondown>1010</ondown>
                    <visible>!IsEmpty(Control.GetLabel(1009))</visible>
                </control>
                <control type="button" id="1010">
                    <width>325</width>
                    <height>72</height>
                    <label></label>
                    <align>center</align>
                    <aligny>center</aligny>
                    <font>font12_Title</font>
                    <textcolor>ffffffff</textcolor>
                    <shadowcolor>ff000000</shadowcolor>
                    <texturefocus>pstvlButtonFocus.png</texturefocus>
                    <texturenofocus>pstvlButtonNoFocus.png</texturenofocus>
                    <onup>1009</onup>
                    <ondown>1011</ondown>
                    <visible>!IsEmpty(Control.GetLabel(1010))</visible>
                </control>
                <control type="button" id="1011">
                    <width>325</width>
                    <height>72</height>
                    <label></label>
                    <align>center</align>
                    <aligny>center</aligny>
                    <font>font12_Title</font>
                    <textcolor>ffffffff</textcolor>
                    <shadowcolor>ff000000</shadowcolor>
                    <texturefocus>pstvlButtonFocus.png</texturefocus>
                    <texturenofocus>pstvlButtonNoFocus.png</texturenofocus>
                    <onup>1010</onup>
                    <ondown>1000</ondown>
                    <visible>!IsEmpty(Control.GetLabel(1010))</visible>
                </control>
            </control>
        </control>
        <control type="group" id="101">    
            <visible>false</visible>
            <control type="image">
                <description>Loading Background Image</description>
                <width>1920</width>
                <height>1080</height>
                <texture>pstvlBackground.png</texture>
                <align>center</align>
                <aligny>center</aligny>
            </control>
            <control type="image">
                <description>Loading Background Logo</description>
                <posx>725</posx>
                <posy>225</posy>
                <width>480</width>
                <height>270</height>
                <aspectratio>keep</aspectratio>
                <align>center</align>
                <aligny>center</aligny>
                <texture fallback="logo.png">$INFO[Window(10000).Property(OVERLAY.LOGOART)]</texture>
                <animation effect="fade" start="95" end="95" condition="True">Conditional</animation>
            </control>
            <control type="label">
                <description>Loading Background Text</description>
                <width>1920</width>
                <height>1080</height>
                <font>font30</font>
                <align>center</align>
                <aligny>center</aligny>
                <label>$INFO[Window(10000).Property(OVERLAY.BACKGROUND_TEXT)]</label>
            </control>  
        </control>
    </controls>     
</window>
