<window>
    <allowoverlay>no</allowoverlay>   
    <!-- <onload condition="StringCompare((Window(10000).Property(PTVL.VideoWindow)),true)">ActivateWindow(9506)</onload> -->
    <onload condition="StringCompare((Window(10000).Property(PTVL.VideoWindow)),true)">ActivateWindow(10006)</onload><!-- Activate random window, workaround for 9506 starting paused -->
    <onunload>ActivateWindow(12005)</onunload>
    <onload>SetProperty(PTVL.DVR_Opened,true,10000)</onload>
    <onunload>SetProperty(PTVL.DVR_Opened,false,10000)</onunload>
    <zorder>1</zorder>
    <coordinates>
        <system>1</system>
        <posx>0</posx>
        <posy>0</posy>
    </coordinates>
    <controls>
       <control type="group">  
            <control type="image">
            <description>EPG Background</description>
            <posx>-20</posx>
            <posy>-20</posy>
            <width>1985</width>
            <height>1200</height>
            <texture>220.png</texture>
            <colordiffuse>FFFFFFFF</colordiffuse>
        </control>      
        </control>
		<!--Vertical-Horizontal Bars -->
		 <control type="image" id="1">
		  <description>Top HOR Bar</description>
			<posx>355</posx>
			<posy>10</posy>
			<width>1570</width>
			<height>100</height>
			<texture>pstvlButtonFocus.png</texture>
	 	</control>
		 <control type="image" id="1">
		  <description>SIDE Top Bar</description>
			<posx>10</posx>
			<posy>10</posy>
			<width>340</width>
			<height>100</height>
			<texture>pstvlButtonFocus.png</texture>
	 	</control>
		 <control type="image" id="1">
		  <description>BOTTOM SIDE Bar</description>
			<posx>10</posx>
			<posy>970</posy>
			<width>340</width>
			<height>100</height>
			<texture>pstvlButtonFocus.png</texture>
	 	</control>
		 <control type="image" id="1">
		  <description>side Bar</description>
			<posx>10</posx>
			<posy>120</posy>
			<width>340</width>
			<height>200</height>
			<texture>pstvlButtonNoFocus.png</texture>
	 	</control>
		 <control type="image" id="1">
		  <description>side Bar 2</description>
			<posx>10</posx>
			<posy>330</posy>
			<width>340</width>
			<height>630</height>
			<texture>pstvlButtonNoFocus.png</texture>
	 	</control>
		 <control type="label">
                <description>pltv Label</description> 
				<posx>50</posx>
			<posy>70</posy>
                <width>373</width>
                <height>38</height>
                <label>Pseudo Live TV</label>
                <font>font13_Title</font>
                <align>left</align>
                <aligny>center</aligny>
                <textcolor>ff000000</textcolor>
            </control> 
       
        <!-- VideoWindow Box --> 
        <!-- #### Skinners Include Everything for videowindow patch to work #### -->
        <!-- PATCH START --> 
        <control type="videowindow">
            <description>video</description>
			<posx>15</posx>
            <posy>110</posy>
            <width>325</width>      
            <height>220</height>
            <visible>true</visible>
        </control>
        <!-- PATCH END -->
        <!-- ################################################################## -->
            
        <control type="grouplist" id="505">
		<visible>false</visible>
            <posx>5</posx>
            <posy>958</posy>
            <align>left</align>
            <orientation>horizontal</orientation>
            <itemgap>1</itemgap>  
        </control>
		 <!-- todo -->
        <control type="grouplist">              
            <posx>10</posx>
            <posy>400</posy>
            <itemgap>90</itemgap>
            <orientation>vertical</orientation>
            <control type="button" id="6001">
                <description>EPG Label</description>            
                <width>338</width>
                <height>68</height>
                <label>TV Listings</label>
                <font>font24_Title</font>
                <align>left</align>
                <aligny>center</aligny>
				<texturenofocus>NA.png</texturenofocus>
                <texturefocus>EPGbuttonFocus.png</texturefocus>
                <textcolor>FFFFFFFF</textcolor>
                <shadowcolor>ff000000</shadowcolor>
            </control>               
            <control type="button" id="6002">
                <description>DVR Label</description>              
                <width>338</width>
                <height>68</height>
                <label>Recordings</label>
                <font>font24_Title</font>
                <align>left</align>
                <aligny>center</aligny>
				<texturenofocus>NA.png</texturenofocus>
                <texturefocus>EPGbuttonFocus.png</texturefocus>
                <textcolor>FFFFFFFF</textcolor>
                <shadowcolor>ff000000</shadowcolor>
            </control>               
            <control type="button" id="6003">
                <description>OnDemand Label</description>               
                <width>338</width>
                <height>68</height>
                <label>OnDemand</label>
                <font>font24_Title</font>
                <align>left</align>
                <aligny>center</aligny>
				<texturenofocus>NA.png</texturenofocus>
                <texturefocus>EPGbuttonFocus.png</texturefocus>
                <textcolor>FFFFFFFF</textcolor>
                <shadowcolor>ff000000</shadowcolor>
            </control>               
            <control type="button" id="6004">
                <description>Apps Label</description>        
                <width>338</width>
                <height>68</height>
                <label>Applications</label>
                <font>font24_Title</font>
                <align>left</align>
                <aligny>center</aligny>
				<texturenofocus>NA.png</texturenofocus>
                <texturefocus>EPGbuttonFocus.png</texturefocus>
                <textcolor>FFFFFFFF</textcolor>
                <shadowcolor>ff000000</shadowcolor>
            </control>   
        </control> 
		<control type="label">                  
            <description>Time</description>     
            <posx>15</posx>                   
            <posy>990</posy>                    
            <width>300</width>                  
            <height>80</height>                 
            <label>$INFO[System.Time]</label>   
            <font>font30_Title</font>           
            <align>center</align>               
            <textcolor>ff000000</textcolor>     
        </control>   
    </controls>
</window>
