<fonts>
    <font res="720p"  name="X36010" filename="X360.ttf" size="12" />
    <font res="1080i" name="X36010" filename="X360.ttf" size="18" />
    <font res="720p"  name="X36012" filename="X360.ttf" size="18" />
    <font res="1080i" name="X36012" filename="X360.ttf" size="24" />
    <font res="720p"  name="X36013" filename="X360.ttf" size="24" />
    <font res="1080i" name="X36013" filename="X360.ttf" size="36" />
    <font res="720p"  name="X36014" filename="X360.ttf" size="36" />
    <font res="1080i" name="X36014" filename="X360.ttf" size="48" />
</fonts>